/*
 Navicat Premium Data Transfer

 Source Server         : localhost
 Source Server Type    : MySQL
 Source Server Version : 50540
 Source Host           : localhost
 Source Database       : youdatabase

 Target Server Type    : MySQL
 Target Server Version : 50540
 File Encoding         : utf-8

 Date: 08/27/2018 15:27:18 PM
*/

SET NAMES utf8;
SET FOREIGN_KEY_CHECKS = 0;

-- ----------------------------
--  Table structure for `qrtz_blob_triggers`
-- ----------------------------
DROP TABLE IF EXISTS `qrtz_blob_triggers`;
CREATE TABLE `qrtz_blob_triggers` (
  `SCHED_NAME` varchar(120) NOT NULL,
  `TRIGGER_NAME` varchar(200) NOT NULL,
  `TRIGGER_GROUP` varchar(200) NOT NULL,
  `BLOB_DATA` blob,
  PRIMARY KEY (`SCHED_NAME`,`TRIGGER_NAME`,`TRIGGER_GROUP`),
  KEY `SCHED_NAME` (`SCHED_NAME`,`TRIGGER_NAME`,`TRIGGER_GROUP`),
  CONSTRAINT `qrtz_blob_triggers_ibfk_1` FOREIGN KEY (`SCHED_NAME`, `TRIGGER_NAME`, `TRIGGER_GROUP`) REFERENCES `qrtz_triggers` (`SCHED_NAME`, `TRIGGER_NAME`, `TRIGGER_GROUP`)
) ENGINE=InnoDB DEFAULT CHARSET=utf8;

-- ----------------------------
--  Table structure for `qrtz_calendars`
-- ----------------------------
DROP TABLE IF EXISTS `qrtz_calendars`;
CREATE TABLE `qrtz_calendars` (
  `SCHED_NAME` varchar(120) NOT NULL,
  `CALENDAR_NAME` varchar(200) NOT NULL,
  `CALENDAR` blob NOT NULL,
  PRIMARY KEY (`SCHED_NAME`,`CALENDAR_NAME`)
) ENGINE=InnoDB DEFAULT CHARSET=utf8;

-- ----------------------------
--  Table structure for `qrtz_cron_triggers`
-- ----------------------------
DROP TABLE IF EXISTS `qrtz_cron_triggers`;
CREATE TABLE `qrtz_cron_triggers` (
  `SCHED_NAME` varchar(120) NOT NULL,
  `TRIGGER_NAME` varchar(200) NOT NULL,
  `TRIGGER_GROUP` varchar(200) NOT NULL,
  `CRON_EXPRESSION` varchar(120) NOT NULL,
  `TIME_ZONE_ID` varchar(80) DEFAULT NULL,
  PRIMARY KEY (`SCHED_NAME`,`TRIGGER_NAME`,`TRIGGER_GROUP`),
  CONSTRAINT `qrtz_cron_triggers_ibfk_1` FOREIGN KEY (`SCHED_NAME`, `TRIGGER_NAME`, `TRIGGER_GROUP`) REFERENCES `qrtz_triggers` (`SCHED_NAME`, `TRIGGER_NAME`, `TRIGGER_GROUP`)
) ENGINE=InnoDB DEFAULT CHARSET=utf8;

-- ----------------------------
--  Table structure for `qrtz_fired_triggers`
-- ----------------------------
DROP TABLE IF EXISTS `qrtz_fired_triggers`;
CREATE TABLE `qrtz_fired_triggers` (
  `SCHED_NAME` varchar(120) NOT NULL,
  `ENTRY_ID` varchar(95) NOT NULL,
  `TRIGGER_NAME` varchar(200) NOT NULL,
  `TRIGGER_GROUP` varchar(200) NOT NULL,
  `INSTANCE_NAME` varchar(200) NOT NULL,
  `FIRED_TIME` bigint(13) NOT NULL,
  `SCHED_TIME` bigint(13) NOT NULL,
  `PRIORITY` int(11) NOT NULL,
  `STATE` varchar(16) NOT NULL,
  `JOB_NAME` varchar(200) DEFAULT NULL,
  `JOB_GROUP` varchar(200) DEFAULT NULL,
  `IS_NONCONCURRENT` varchar(1) DEFAULT NULL,
  `REQUESTS_RECOVERY` varchar(1) DEFAULT NULL,
  PRIMARY KEY (`SCHED_NAME`,`ENTRY_ID`),
  KEY `IDX_QRTZ_FT_TRIG_INST_NAME` (`SCHED_NAME`,`INSTANCE_NAME`),
  KEY `IDX_QRTZ_FT_INST_JOB_REQ_RCVRY` (`SCHED_NAME`,`INSTANCE_NAME`,`REQUESTS_RECOVERY`),
  KEY `IDX_QRTZ_FT_J_G` (`SCHED_NAME`,`JOB_NAME`,`JOB_GROUP`),
  KEY `IDX_QRTZ_FT_JG` (`SCHED_NAME`,`JOB_GROUP`),
  KEY `IDX_QRTZ_FT_T_G` (`SCHED_NAME`,`TRIGGER_NAME`,`TRIGGER_GROUP`),
  KEY `IDX_QRTZ_FT_TG` (`SCHED_NAME`,`TRIGGER_GROUP`)
) ENGINE=InnoDB DEFAULT CHARSET=utf8;

-- ----------------------------
--  Table structure for `qrtz_job_details`
-- ----------------------------
DROP TABLE IF EXISTS `qrtz_job_details`;
CREATE TABLE `qrtz_job_details` (
  `SCHED_NAME` varchar(120) NOT NULL,
  `JOB_NAME` varchar(200) NOT NULL,
  `JOB_GROUP` varchar(200) NOT NULL,
  `DESCRIPTION` varchar(250) DEFAULT NULL,
  `JOB_CLASS_NAME` varchar(250) NOT NULL,
  `IS_DURABLE` varchar(1) NOT NULL,
  `IS_NONCONCURRENT` varchar(1) NOT NULL,
  `IS_UPDATE_DATA` varchar(1) NOT NULL,
  `REQUESTS_RECOVERY` varchar(1) NOT NULL,
  `JOB_DATA` blob,
  PRIMARY KEY (`SCHED_NAME`,`JOB_NAME`,`JOB_GROUP`),
  KEY `IDX_QRTZ_J_REQ_RECOVERY` (`SCHED_NAME`,`REQUESTS_RECOVERY`),
  KEY `IDX_QRTZ_J_GRP` (`SCHED_NAME`,`JOB_GROUP`)
) ENGINE=InnoDB DEFAULT CHARSET=utf8;

-- ----------------------------
--  Records of `qrtz_job_details`
-- ----------------------------
BEGIN;
INSERT INTO `qrtz_job_details` VALUES ('schedulerFactoryBean', 'test', 'Job', 'TEST', 'com.cnpc.demos.pojo.QuartzJobTest', '0', '0', '0', '0', 0xaced0005737200156f72672e71756172747a2e4a6f62446174614d61709fb083e8bfa9b0cb020000787200266f72672e71756172747a2e7574696c732e537472696e674b65794469727479466c61674d61708208e8c3fbc55d280200015a0013616c6c6f77735472616e7369656e74446174617872001d6f72672e71756172747a2e7574696c732e4469727479466c61674d617013e62ead28760ace0200025a000564697274794c00036d617074000f4c6a6176612f7574696c2f4d61703b787000737200116a6176612e7574696c2e486173684d61700507dac1c31660d103000246000a6c6f6164466163746f724900097468726573686f6c6478703f40000000000010770800000010000000007800);
COMMIT;

-- ----------------------------
--  Table structure for `qrtz_locks`
-- ----------------------------
DROP TABLE IF EXISTS `qrtz_locks`;
CREATE TABLE `qrtz_locks` (
  `SCHED_NAME` varchar(120) NOT NULL,
  `LOCK_NAME` varchar(40) NOT NULL,
  PRIMARY KEY (`SCHED_NAME`,`LOCK_NAME`)
) ENGINE=InnoDB DEFAULT CHARSET=utf8;

-- ----------------------------
--  Records of `qrtz_locks`
-- ----------------------------
BEGIN;
INSERT INTO `qrtz_locks` VALUES ('schedulerFactoryBean', 'STATE_ACCESS'), ('schedulerFactoryBean', 'TRIGGER_ACCESS');
COMMIT;

-- ----------------------------
--  Table structure for `qrtz_paused_trigger_grps`
-- ----------------------------
DROP TABLE IF EXISTS `qrtz_paused_trigger_grps`;
CREATE TABLE `qrtz_paused_trigger_grps` (
  `SCHED_NAME` varchar(120) NOT NULL,
  `TRIGGER_GROUP` varchar(200) NOT NULL,
  PRIMARY KEY (`SCHED_NAME`,`TRIGGER_GROUP`)
) ENGINE=InnoDB DEFAULT CHARSET=utf8;

-- ----------------------------
--  Table structure for `qrtz_scheduler_state`
-- ----------------------------
DROP TABLE IF EXISTS `qrtz_scheduler_state`;
CREATE TABLE `qrtz_scheduler_state` (
  `SCHED_NAME` varchar(120) NOT NULL,
  `INSTANCE_NAME` varchar(200) NOT NULL,
  `LAST_CHECKIN_TIME` bigint(13) NOT NULL,
  `CHECKIN_INTERVAL` bigint(13) NOT NULL,
  PRIMARY KEY (`SCHED_NAME`,`INSTANCE_NAME`)
) ENGINE=InnoDB DEFAULT CHARSET=utf8;

-- ----------------------------
--  Records of `qrtz_scheduler_state`
-- ----------------------------
BEGIN;
INSERT INTO `qrtz_scheduler_state` VALUES ('schedulerFactoryBean', 'billjiang-ThinkPad-T540p1519457937002', '1519461909148', '20000');
COMMIT;

-- ----------------------------
--  Table structure for `qrtz_simple_triggers`
-- ----------------------------
DROP TABLE IF EXISTS `qrtz_simple_triggers`;
CREATE TABLE `qrtz_simple_triggers` (
  `SCHED_NAME` varchar(120) NOT NULL,
  `TRIGGER_NAME` varchar(200) NOT NULL,
  `TRIGGER_GROUP` varchar(200) NOT NULL,
  `REPEAT_COUNT` bigint(7) NOT NULL,
  `REPEAT_INTERVAL` bigint(12) NOT NULL,
  `TIMES_TRIGGERED` bigint(10) NOT NULL,
  PRIMARY KEY (`SCHED_NAME`,`TRIGGER_NAME`,`TRIGGER_GROUP`),
  CONSTRAINT `qrtz_simple_triggers_ibfk_1` FOREIGN KEY (`SCHED_NAME`, `TRIGGER_NAME`, `TRIGGER_GROUP`) REFERENCES `qrtz_triggers` (`SCHED_NAME`, `TRIGGER_NAME`, `TRIGGER_GROUP`)
) ENGINE=InnoDB DEFAULT CHARSET=utf8;

-- ----------------------------
--  Records of `qrtz_simple_triggers`
-- ----------------------------
BEGIN;
INSERT INTO `qrtz_simple_triggers` VALUES ('schedulerFactoryBean', 'test', 'Trigger', '-1', '60000', '241926');
COMMIT;

-- ----------------------------
--  Table structure for `qrtz_simprop_triggers`
-- ----------------------------
DROP TABLE IF EXISTS `qrtz_simprop_triggers`;
CREATE TABLE `qrtz_simprop_triggers` (
  `SCHED_NAME` varchar(120) NOT NULL,
  `TRIGGER_NAME` varchar(200) NOT NULL,
  `TRIGGER_GROUP` varchar(200) NOT NULL,
  `STR_PROP_1` varchar(512) DEFAULT NULL,
  `STR_PROP_2` varchar(512) DEFAULT NULL,
  `STR_PROP_3` varchar(512) DEFAULT NULL,
  `INT_PROP_1` int(11) DEFAULT NULL,
  `INT_PROP_2` int(11) DEFAULT NULL,
  `LONG_PROP_1` bigint(20) DEFAULT NULL,
  `LONG_PROP_2` bigint(20) DEFAULT NULL,
  `DEC_PROP_1` decimal(13,4) DEFAULT NULL,
  `DEC_PROP_2` decimal(13,4) DEFAULT NULL,
  `BOOL_PROP_1` varchar(1) DEFAULT NULL,
  `BOOL_PROP_2` varchar(1) DEFAULT NULL,
  PRIMARY KEY (`SCHED_NAME`,`TRIGGER_NAME`,`TRIGGER_GROUP`),
  CONSTRAINT `qrtz_simprop_triggers_ibfk_1` FOREIGN KEY (`SCHED_NAME`, `TRIGGER_NAME`, `TRIGGER_GROUP`) REFERENCES `qrtz_triggers` (`SCHED_NAME`, `TRIGGER_NAME`, `TRIGGER_GROUP`)
) ENGINE=InnoDB DEFAULT CHARSET=utf8;

-- ----------------------------
--  Table structure for `qrtz_triggers`
-- ----------------------------
DROP TABLE IF EXISTS `qrtz_triggers`;
CREATE TABLE `qrtz_triggers` (
  `SCHED_NAME` varchar(120) NOT NULL,
  `TRIGGER_NAME` varchar(200) NOT NULL,
  `TRIGGER_GROUP` varchar(200) NOT NULL,
  `JOB_NAME` varchar(200) NOT NULL,
  `JOB_GROUP` varchar(200) NOT NULL,
  `DESCRIPTION` varchar(250) DEFAULT NULL,
  `NEXT_FIRE_TIME` bigint(13) DEFAULT NULL,
  `PREV_FIRE_TIME` bigint(13) DEFAULT NULL,
  `PRIORITY` int(11) DEFAULT NULL,
  `TRIGGER_STATE` varchar(16) NOT NULL,
  `TRIGGER_TYPE` varchar(8) NOT NULL,
  `START_TIME` bigint(13) NOT NULL,
  `END_TIME` bigint(13) DEFAULT NULL,
  `CALENDAR_NAME` varchar(200) DEFAULT NULL,
  `MISFIRE_INSTR` smallint(2) DEFAULT NULL,
  `JOB_DATA` blob,
  PRIMARY KEY (`SCHED_NAME`,`TRIGGER_NAME`,`TRIGGER_GROUP`),
  KEY `IDX_QRTZ_T_J` (`SCHED_NAME`,`JOB_NAME`,`JOB_GROUP`),
  KEY `IDX_QRTZ_T_JG` (`SCHED_NAME`,`JOB_GROUP`),
  KEY `IDX_QRTZ_T_C` (`SCHED_NAME`,`CALENDAR_NAME`),
  KEY `IDX_QRTZ_T_G` (`SCHED_NAME`,`TRIGGER_GROUP`),
  KEY `IDX_QRTZ_T_STATE` (`SCHED_NAME`,`TRIGGER_STATE`),
  KEY `IDX_QRTZ_T_N_STATE` (`SCHED_NAME`,`TRIGGER_NAME`,`TRIGGER_GROUP`,`TRIGGER_STATE`),
  KEY `IDX_QRTZ_T_N_G_STATE` (`SCHED_NAME`,`TRIGGER_GROUP`,`TRIGGER_STATE`),
  KEY `IDX_QRTZ_T_NEXT_FIRE_TIME` (`SCHED_NAME`,`NEXT_FIRE_TIME`),
  KEY `IDX_QRTZ_T_NFT_ST` (`SCHED_NAME`,`TRIGGER_STATE`,`NEXT_FIRE_TIME`),
  KEY `IDX_QRTZ_T_NFT_MISFIRE` (`SCHED_NAME`,`MISFIRE_INSTR`,`NEXT_FIRE_TIME`),
  KEY `IDX_QRTZ_T_NFT_ST_MISFIRE` (`SCHED_NAME`,`MISFIRE_INSTR`,`NEXT_FIRE_TIME`,`TRIGGER_STATE`),
  KEY `IDX_QRTZ_T_NFT_ST_MISFIRE_GRP` (`SCHED_NAME`,`MISFIRE_INSTR`,`NEXT_FIRE_TIME`,`TRIGGER_GROUP`,`TRIGGER_STATE`),
  CONSTRAINT `qrtz_triggers_ibfk_1` FOREIGN KEY (`SCHED_NAME`, `JOB_NAME`, `JOB_GROUP`) REFERENCES `qrtz_job_details` (`SCHED_NAME`, `JOB_NAME`, `JOB_GROUP`)
) ENGINE=InnoDB DEFAULT CHARSET=utf8;

-- ----------------------------
--  Records of `qrtz_triggers`
-- ----------------------------
BEGIN;
INSERT INTO `qrtz_triggers` VALUES ('schedulerFactoryBean', 'test', 'Trigger', 'test', 'Job', 'TEST;repeatType:repeatMinutelyForever', '1519461960000', '1519461900000', '5', 'WAITING', 'SIMPLE', '1504946400000', '0', null, '0', '');
COMMIT;

-- ----------------------------
--  Table structure for `query_config`
-- ----------------------------
DROP TABLE IF EXISTS `query_config`;
CREATE TABLE `query_config` (
  `id` varchar(36) NOT NULL,
  `columnsName` longtext,
  `queryId` varchar(255) DEFAULT NULL,
  `userid` varchar(36) DEFAULT NULL,
  `pageName` longtext,
  PRIMARY KEY (`id`)
) ENGINE=InnoDB DEFAULT CHARSET=utf8;

-- ----------------------------
--  Records of `query_config`
-- ----------------------------
BEGIN;
INSERT INTO `query_config` VALUES ('90d1db8a-0ec4-4b82-b1a9-0fb8e8c3be6d', 'id', 'generator_list', '402880e456223e8f015625231d8e0003', 'generator_list');
COMMIT;

-- ----------------------------
--  Table structure for `tbl_act_delegate_history`
-- ----------------------------
DROP TABLE IF EXISTS `tbl_act_delegate_history`;
CREATE TABLE `tbl_act_delegate_history` (
  `id` varchar(36) NOT NULL,
  `create_date_time` datetime DEFAULT NULL,
  `deleted` int(11) DEFAULT NULL,
  `update_date_time` datetime DEFAULT NULL,
  `version` int(11) DEFAULT NULL,
  `ASSIGNEE_` varchar(64) DEFAULT NULL,
  `ATTORNEY_` varchar(64) DEFAULT NULL,
  `DELEGATE_ID_` varchar(255) DEFAULT NULL,
  `DELEGATE_TIME_` datetime DEFAULT NULL,
  `END_TIME_` datetime DEFAULT NULL,
  `MODULE_ID_` varchar(255) DEFAULT NULL,
  `START_TIME_` datetime DEFAULT NULL,
  `TASK_ID_` varchar(255) DEFAULT NULL,
  `TASK_NAME_` varchar(255) DEFAULT NULL,
  `REASON_` varchar(255) DEFAULT NULL,
  PRIMARY KEY (`id`)
) ENGINE=InnoDB DEFAULT CHARSET=utf8;

-- ----------------------------
--  Table structure for `tbl_act_delegate_info`
-- ----------------------------
DROP TABLE IF EXISTS `tbl_act_delegate_info`;
CREATE TABLE `tbl_act_delegate_info` (
  `id` varchar(36) NOT NULL,
  `create_date_time` datetime DEFAULT NULL,
  `deleted` int(11) DEFAULT NULL,
  `update_date_time` datetime DEFAULT NULL,
  `version` int(11) DEFAULT NULL,
  `ASSIGNEE_` varchar(64) DEFAULT NULL,
  `ATTORNEY_` varchar(64) DEFAULT NULL,
  `END_TIME_` datetime DEFAULT NULL,
  `MODULE_ID_` varchar(4000) DEFAULT NULL,
  `START_TIME_` datetime DEFAULT NULL,
  `REASON_` varchar(255) DEFAULT NULL,
  PRIMARY KEY (`id`)
) ENGINE=InnoDB DEFAULT CHARSET=utf8;

-- ----------------------------
--  Table structure for `tbl_act_module`
-- ----------------------------
DROP TABLE IF EXISTS `tbl_act_module`;
CREATE TABLE `tbl_act_module` (
  `id` varchar(36) NOT NULL,
  `create_date_time` datetime DEFAULT NULL,
  `deleted` int(11) DEFAULT NULL,
  `update_date_time` datetime DEFAULT NULL,
  `version` int(11) DEFAULT NULL,
  `code` varchar(255) DEFAULT NULL,
  `name` varchar(255) DEFAULT NULL,
  `remark` varchar(255) DEFAULT NULL,
  PRIMARY KEY (`id`)
) ENGINE=InnoDB DEFAULT CHARSET=utf8;

-- ----------------------------
--  Records of `tbl_act_module`
-- ----------------------------
BEGIN;
INSERT INTO `tbl_act_module` VALUES ('402881925c7733b7015c773a8a5f0000', '2017-06-05 15:49:04', '0', '2017-07-04 10:09:30', '1', 'LEAVE', '请假', 'DEMO'), ('402881925c7733b7015c773b25400001', '2017-06-05 15:49:43', '0', '2017-07-04 20:49:37', '4', 'TRAINING', '培训选课', 'DEMO'), ('8afa94f65d20d38b015d214039090007', '2017-07-08 16:10:43', '0', '2017-07-08 16:10:43', '0', 'LAB', '生产试验审批', 'TEST');
COMMIT;

-- ----------------------------
--  Table structure for `tbl_demo_generator`
-- ----------------------------
DROP TABLE IF EXISTS `tbl_demo_generator`;
CREATE TABLE `tbl_demo_generator` (
  `id` varchar(36) NOT NULL,
  `create_date_time` datetime DEFAULT NULL,
  `deleted` int(11) DEFAULT NULL,
  `update_date_time` datetime DEFAULT NULL,
  `version` int(11) DEFAULT NULL,
  `birthday` datetime DEFAULT NULL,
  `code` varchar(255) DEFAULT NULL,
  `department` varchar(255) DEFAULT NULL,
  `education` varchar(255) DEFAULT NULL,
  `gender` varchar(255) DEFAULT NULL,
  `isEnable` bit(1) DEFAULT NULL,
  `name` varchar(255) DEFAULT NULL,
  `dict_nation` varchar(36) DEFAULT NULL,
  `remark` longtext,
  `salary` double DEFAULT NULL,
  `email` varchar(30) DEFAULT NULL,
  `enable` bit(1) DEFAULT NULL,
  PRIMARY KEY (`id`),
  KEY `FK_c5sr6crgw96q72dnf9trgsi1i` (`dict_nation`),
  CONSTRAINT `FK_c5sr6crgw96q72dnf9trgsi1i` FOREIGN KEY (`dict_nation`) REFERENCES `tbl_dict` (`id`)
) ENGINE=InnoDB DEFAULT CHARSET=utf8;

-- ----------------------------
--  Records of `tbl_demo_generator`
-- ----------------------------
BEGIN;
INSERT INTO `tbl_demo_generator` VALUES ('402880e95d0da971015d0dafd70f0000', '2018-01-23 18:34:08', '0', '2018-01-24 22:54:13', '4', '2018-01-23 00:00:00', 'test', 'test', '402881f053cd72330153cd796ac90001', '1', null, '推敲', '402881f053e55e710153e5732caf0009', null, '1000', 'test@qq.com', b'1'), ('402880e95d0da971015d0db12e3f0002', '2018-01-23 18:34:08', '0', '2018-01-24 22:46:12', '1', '2018-01-23 00:00:00', 'test', 'test', '402881f053cd72330153cd796ac90001', '1', null, '室主任A', '402881f053e55e710153e57116300002', null, '1000', 'test@qq.com', b'1'), ('402880e95d0da971015d0db2ba2c0004', '2018-01-23 18:34:08', '0', '2018-01-24 22:48:25', '1', '2018-01-23 00:00:00', 'test', 'test', '402881f053cd72330153cd796ac90001', '0', null, '室主任B', '402881f053e55e710153e57116300002', null, '1222', 'test@qq.com', b'1'), ('402880e95d0da971015d0db871450006', '2018-01-23 18:34:08', '0', '2018-01-24 22:49:35', '2', '2018-01-23 00:00:00', 'test', 'test', '402881f053cd72330153cd796ac90001', '1', null, '正职领导A', '402881f053e55e710153e5716e790003', null, '1000', 'test@qq.com', b'1'), ('402880e95d0da971015d0dbb93e10009', '2018-01-23 18:34:08', '0', null, '0', '2018-01-23 18:34:08', 'test', 'test', '402881f053cd72330153cd796ac90001', '1', null, '正职领导B', '402881f053e55e710153e5716e790003', null, '1000', 'test@qq.com', b'1'), ('402880e95d0da971015d0dbd12da000b', '2018-01-23 18:34:08', '0', null, '0', '2018-01-23 18:34:08', 'test', 'test', '402881f053cd72330153cd796ac90001', '1', null, 'C领导', '402881f053e55e710153e5716e790003', null, '1000', 'test@qq.com', b'1'), ('402880eb5c4f111a015c4f1c1ffd0002', '2018-01-23 18:34:08', '0', null, '0', '2018-01-23 18:34:08', 'test', 'test', '402881f053cd72330153cd796ac90001', '1', null, 'java测试', '402881f053e55e710153e5716e790003', null, '1000', 'test@qq.com', b'1'), ('402880ee5a3d1df3015a3d39608b0001', '2017-02-14 23:24:14', '0', '2017-02-25 10:43:09', '4', '2017-02-07 00:00:00', 'test', 'test', '402881f053cd72330153cd820b960004', '1', b'0', 'test', '402881f053e55e710153e5716e790003', 'test', '2.3', '123@12.com', b'1'), ('8a8a80f05cc32020015cc32895240001', '2018-01-23 18:34:08', '0', null, '0', '2018-01-23 18:34:08', 'test', 'test', '402881f053cd72330153cd796ac90001', '1', null, '申请人A', '402881f053e55e710153e5716e790003', null, '1000', 'test@qq.com', b'1'), ('8a8a80f05cc32020015cc32a0dea0002', '2018-01-23 18:34:08', '0', '2018-01-24 22:54:19', '1', '2018-01-23 00:00:00', 'test', 'test', '402881f053cd72330153cd796ac90001', '1', null, '申请人B', '402881f053e55e710153e57269ca0006', null, '1000', 'test@qq.com', b'1'), ('8a8a80f05cc32020015cc32ab0f90003', '2018-01-23 18:34:08', '0', null, '0', '2018-01-23 18:34:08', 'test', 'test', '402881f053cd72330153cd796ac90001', '0', null, '人事B', '402881f053e55e710153e5716e790003', null, '1000', 'test@qq.com', b'1'), ('8a8a80f05cc32020015cc32b70290004', '2018-01-23 18:34:08', '0', null, '0', '2018-01-23 18:34:08', 'test', 'test', '402881f053cd72330153cd796ac90001', '0', null, '人事A', '402881f053e55e710153e5716e790003', null, '1000', 'test@qq.com', b'1'), ('8a8a80f05cc32020015cc32c69ca0005', '2018-01-23 18:34:08', '0', null, '0', '2018-01-23 18:34:08', 'test', 'test', '402881f053cd72330153cd796ac90001', '0', null, 'A领导', '402881f053e55e710153e5716e790003', null, '1000', 'test@qq.com', b'1'), ('8a8a80f05cc32020015cc32cd3270006', '2018-01-23 18:34:08', '0', null, '0', '2018-01-23 18:34:08', 'test', 'test', '402881f053cd72330153cd796ac90001', '1', null, 'B领导', '402881f053e55e710153e5716e790003', null, '1000', 'test@qq.com', b'1'), ('fce50653-0028-11e8-b849-a4c494befaeb', '2018-01-23 18:34:27', '0', null, '0', '2018-01-23 18:34:27', 'test', 'test', '402881f053cd72330153cd796ac90001', '1', null, 'billJiang-test', '402881f053e55e710153e5716e790003', null, '1000', 'test@qq.com', b'1'), ('fce5082d-0028-11e8-b849-a4c494befaeb', '2018-01-23 18:34:27', '0', null, '0', '2018-01-23 18:34:27', 'test', 'test', '402881f053cd72330153cd796ac90001', '1', null, '推敲', '402881f053e55e710153e5716e790003', null, '1000', 'test@qq.com', b'1'), ('fce508ab-0028-11e8-b849-a4c494befaeb', '2018-01-23 18:34:27', '0', null, '0', '2018-01-23 18:34:27', 'test', 'test', '402881f053cd72330153cd796ac90001', '1', null, '室主任A', '402881f053e55e710153e5716e790003', null, '1000', 'test@qq.com', b'1'), ('fce50908-0028-11e8-b849-a4c494befaeb', '2018-01-23 18:34:27', '0', null, '0', '2018-01-23 18:34:27', 'test', 'test', '402881f053cd72330153cd796ac90001', '0', null, '室主任B', '402881f053e55e710153e5716e790003', null, '1000', 'test@qq.com', b'1'), ('fce50992-0028-11e8-b849-a4c494befaeb', '2018-01-23 18:34:27', '0', null, '0', '2018-01-23 18:34:27', 'test', 'test', '402881f053cd72330153cd796ac90001', '1', null, '正职领导A', '402881f053e55e710153e5716e790003', null, '1000', 'test@qq.com', b'1'), ('fce509e6-0028-11e8-b849-a4c494befaeb', '2018-01-23 18:34:27', '0', null, '0', '2018-01-23 18:34:27', 'test', 'test', '402881f053cd72330153cd796ac90001', '1', null, '正职领导B', '402881f053e55e710153e5716e790003', null, '1000', 'test@qq.com', b'1'), ('fce50a30-0028-11e8-b849-a4c494befaeb', '2018-01-23 18:34:27', '0', null, '0', '2018-01-23 18:34:27', 'test', 'test', '402881f053cd72330153cd796ac90001', '1', null, 'C领导', '402881f053e55e710153e5716e790003', null, '1000', 'test@qq.com', b'1'), ('fce50a7e-0028-11e8-b849-a4c494befaeb', '2018-01-23 18:34:27', '0', null, '0', '2018-01-23 18:34:27', 'test', 'test', '402881f053cd72330153cd796ac90001', '1', null, 'java测试', '402881f053e55e710153e5716e790003', null, '1000', 'test@qq.com', b'1'), ('fce50ac9-0028-11e8-b849-a4c494befaeb', '2018-01-23 18:34:27', '0', null, '0', '2018-01-23 18:34:27', 'test', 'test', '402881f053cd72330153cd796ac90001', '1', null, '申请人A', '402881f053e55e710153e5716e790003', null, '1000', 'test@qq.com', b'1'), ('fce50b11-0028-11e8-b849-a4c494befaeb', '2018-01-23 18:34:27', '0', null, '0', '2018-01-23 18:34:27', 'test', 'test', '402881f053cd72330153cd796ac90001', '1', null, '申请人B', '402881f053e55e710153e5716e790003', null, '1000', 'test@qq.com', b'1'), ('fce50b5a-0028-11e8-b849-a4c494befaeb', '2018-01-23 18:34:27', '0', null, '0', '2018-01-23 18:34:27', 'test', 'test', '402881f053cd72330153cd796ac90001', '0', null, '人事B', '402881f053e55e710153e5716e790003', null, '1000', 'test@qq.com', b'1'), ('fce50ba5-0028-11e8-b849-a4c494befaeb', '2018-01-23 18:34:27', '0', null, '0', '2018-01-23 18:34:27', 'test', 'test', '402881f053cd72330153cd796ac90001', '0', null, '人事A', '402881f053e55e710153e5716e790003', null, '1000', 'test@qq.com', b'1'), ('fce50bf1-0028-11e8-b849-a4c494befaeb', '2018-01-23 18:34:27', '0', null, '0', '2018-01-23 18:34:27', 'test', 'test', '402881f053cd72330153cd796ac90001', '0', null, 'A领导', '402881f053e55e710153e5716e790003', null, '1000', 'test@qq.com', b'1'), ('fce50c3c-0028-11e8-b849-a4c494befaeb', '2018-01-23 18:34:27', '0', null, '0', '2018-01-23 18:34:27', 'test', 'test', '402881f053cd72330153cd796ac90001', '1', null, 'B领导', '402881f053e55e710153e5716e790003', null, '1000', 'test@qq.com', b'1'), ('fd4b03f0-0028-11e8-b849-a4c494befaeb', null, '0', '2018-01-24 22:16:34', '1', null, 'test1', null, null, null, null, '正职领导A1', '402881f053e55e710153e57116300002', null, '2000', null, null), ('fd4b0439-0028-11e8-b849-a4c494befaeb', null, '0', '2018-01-24 22:18:15', '1', null, 'test11', null, null, '0', null, '正职领导B11', '402881f053e55e710153e57116300002', null, '1333', null, null), ('fd4b0481-0028-11e8-b849-a4c494befaeb', '2018-01-23 18:34:28', '0', null, '0', '2018-01-23 18:34:28', 'test', 'test', '402881f053cd72330153cd796ac90001', '1', null, 'C领导', '402881f053e55e710153e5716e790003', null, '1000', 'test@qq.com', b'1'), ('fd4b04c7-0028-11e8-b849-a4c494befaeb', '2018-01-23 18:34:28', '0', null, '0', '2018-01-23 18:34:28', 'test', 'test', '402881f053cd72330153cd796ac90001', '1', null, 'java测试', '402881f053e55e710153e5716e790003', null, '1000', 'test@qq.com', b'1'), ('fd4b050e-0028-11e8-b849-a4c494befaeb', '2018-01-23 18:34:28', '0', null, '0', '2018-01-23 18:34:28', 'test', 'test', '402881f053cd72330153cd796ac90001', '1', null, '申请人A', '402881f053e55e710153e5716e790003', null, '1000', 'test@qq.com', b'1'), ('fd4b059a-0028-11e8-b849-a4c494befaeb', '2018-01-23 18:34:28', '0', null, '0', '2018-01-23 18:34:28', 'test', 'test', '402881f053cd72330153cd796ac90001', '0', null, '人事B', '402881f053e55e710153e5716e790003', null, '1000', 'test@qq.com', b'1'), ('fd4b05e1-0028-11e8-b849-a4c494befaeb', '2018-01-23 18:34:28', '0', null, '0', '2018-01-23 18:34:28', 'test', 'test', '402881f053cd72330153cd796ac90001', '0', null, '人事A', '402881f053e55e710153e5716e790003', null, '1000', 'test@qq.com', b'1'), ('fd4b0629-0028-11e8-b849-a4c494befaeb', '2018-01-23 18:34:28', '0', null, '0', '2018-01-23 18:34:28', 'test', 'test', '402881f053cd72330153cd796ac90001', '0', null, 'A领导', '402881f053e55e710153e5716e790003', null, '1000', 'test@qq.com', b'1'), ('fd4b066e-0028-11e8-b849-a4c494befaeb', '2018-01-23 18:34:28', '0', null, '0', '2018-01-23 18:34:28', 'test', 'test', '402881f053cd72330153cd796ac90001', '1', null, 'B领导', '402881f053e55e710153e5716e790003', null, '1000', 'test@qq.com', b'1'), ('ff808181612225d00161228e7e190000', '2018-01-23 18:26:59', '0', '2018-01-23 18:26:59', '0', '2018-01-17 00:00:00', 'test', 'test', '402881f053cd72330153cd796ac90001', '1', null, 'billJiang-test', '402881f053e55e710153e57116300002', null, '1000', null, b'1');
COMMIT;

-- ----------------------------
--  Table structure for `tbl_demo_train`
-- ----------------------------
DROP TABLE IF EXISTS `tbl_demo_train`;
CREATE TABLE `tbl_demo_train` (
  `id` varchar(36) NOT NULL,
  `create_date_time` datetime DEFAULT NULL,
  `deleted` int(11) DEFAULT NULL,
  `update_date_time` datetime DEFAULT NULL,
  `version` int(11) DEFAULT NULL,
  `address` varchar(255) DEFAULT NULL,
  `courseTime` varchar(255) DEFAULT NULL,
  `duration` int(11) DEFAULT NULL,
  `name` varchar(255) DEFAULT NULL,
  `remark` longtext,
  `teacher` varchar(255) DEFAULT NULL,
  `state` int(11) DEFAULT NULL,
  PRIMARY KEY (`id`)
) ENGINE=InnoDB DEFAULT CHARSET=utf8;

-- ----------------------------
--  Records of `tbl_demo_train`
-- ----------------------------
BEGIN;
INSERT INTO `tbl_demo_train` VALUES ('8afa94f65d20d38b015d212b88aa0005', '2017-07-08 15:48:07', '0', '2017-07-08 15:48:07', '0', 'test', 'test', '2', 'test', 'test', 'test', '1'), ('8afa94f65d20d38b015d212be7f20006', '2017-07-08 15:48:31', '0', '2017-07-08 15:48:31', '0', 'userA', 'userA', '2', 'userA', 'userA', 'userA', '1');
COMMIT;

-- ----------------------------
--  Table structure for `tbl_dict`
-- ----------------------------
DROP TABLE IF EXISTS `tbl_dict`;
CREATE TABLE `tbl_dict` (
  `id` varchar(36) NOT NULL,
  `create_date_time` datetime DEFAULT NULL,
  `deleted` int(11) DEFAULT NULL,
  `update_date_time` datetime DEFAULT NULL,
  `version` int(11) DEFAULT NULL,
  `code` varchar(200) DEFAULT NULL,
  `levelCode` varchar(36) DEFAULT NULL,
  `name` varchar(200) DEFAULT NULL,
  `parent_id` varchar(200) DEFAULT NULL,
  `remark` longtext,
  `value` varchar(200) DEFAULT NULL,
  PRIMARY KEY (`id`)
) ENGINE=InnoDB DEFAULT CHARSET=utf8;

-- ----------------------------
--  Records of `tbl_dict`
-- ----------------------------
BEGIN;
INSERT INTO `tbl_dict` VALUES ('402881f053cd670d0153cd6d6be40000', null, '0', null, '2', 'EDUCATION', '000017', '学历', null, '', ''), ('402881f053cd72330153cd78bacf0000', null, '0', null, '0', 'EDUCATIONCOLLEGE', '000017000001', '本科', '402881f053cd670d0153cd6d6be40000', '', ''), ('402881f053cd72330153cd796ac90001', null, '0', null, '0', 'EDUCATIONHIGHSCHOOL', '000017000002', '高中', '402881f053cd670d0153cd6d6be40000', '', ''), ('402881f053cd72330153cd80b46c0002', null, '0', null, '0', 'EDUCATIONPRIMARY', '000017000003', '小学', '402881f053cd670d0153cd6d6be40000', '', ''), ('402881f053cd72330153cd8153450003', null, '0', null, '0', 'EDUCATIONJUNIOR', '000017000004', '初中', '402881f053cd670d0153cd6d6be40000', '', ''), ('402881f053cd72330153cd820b960004', null, '0', null, '0', 'EDUCATIONDOCTOR', '000017000005', '博士', '402881f053cd670d0153cd6d6be40000', '', ''), ('402881f053cd72330153cd82a79d0005', null, '0', null, '0', 'EDUCATIONMASTER', '000017000006', '硕士', '402881f053cd670d0153cd6d6be40000', '', ''), ('402881f053cd72330153cd8384590006', null, '0', null, '0', 'EDUCATIONJUNIORCOLLEGE', '000017000007', '大专', '402881f053cd670d0153cd6d6be40000', '', ''), ('402881f053e55e710153e570c0890001', null, '0', null, '0', 'NATION', '000023', '民族', null, '', ''), ('402881f053e55e710153e57116300002', null, '0', null, '0', 'NATION01', '000023000001', '汉族', '402881f053e55e710153e570c0890001', '', ''), ('402881f053e55e710153e5716e790003', null, '0', null, '0', 'NATION02', '000023000002', '蒙古族', '402881f053e55e710153e570c0890001', '', ''), ('402881f053e55e710153e571c0f60004', null, '0', null, '0', 'NATION03', '000023000003', '回族', '402881f053e55e710153e570c0890001', '', ''), ('402881f053e55e710153e5723ada0005', null, '0', null, '0', 'NATION04', '000023000004', '藏族', '402881f053e55e710153e570c0890001', '', ''), ('402881f053e55e710153e57269ca0006', null, '0', null, '0', 'NATION05', '000023000005', '维吾尔族', '402881f053e55e710153e570c0890001', '', ''), ('402881f053e55e710153e57293c20007', null, '0', null, '0', 'NATION06', '000023000006', '苗族', '402881f053e55e710153e570c0890001', '', ''), ('402881f053e55e710153e572e34c0008', null, '0', null, '0', 'NATION07', '000023000007', '彝族', '402881f053e55e710153e570c0890001', '', ''), ('402881f053e55e710153e5732caf0009', null, '0', null, '0', 'NATION08', '000023000008', '壮族', '402881f053e55e710153e570c0890001', '', ''), ('402881f053e55e710153e57366fb000a', null, '0', null, '0', 'NATION09', '000023000009', '布依族', '402881f053e55e710153e570c0890001', '', ''), ('402881f053e55e710153e5739474000b', null, '0', null, '0', 'NATION10', '000023000010', '朝鲜族', '402881f053e55e710153e570c0890001', '', ''), ('402881f053e55e710153e573cc35000c', null, '0', null, '0', 'NATION11', '000023000011', '满族', '402881f053e55e710153e570c0890001', '', ''), ('402881f053e55e710153e5743c21000d', null, '0', null, '0', 'NATION12', '000023000012', '侗族', '402881f053e55e710153e570c0890001', '', ''), ('402881f053e55e710153e5747f53000e', null, '0', null, '0', 'NATION13', '000023000013', '瑶族', '402881f053e55e710153e570c0890001', '', ''), ('402881f053e55e710153e574b560000f', null, '0', null, '0', 'NATION14', '000023000014', '白族', '402881f053e55e710153e570c0890001', '', ''), ('402881f053e55e710153e57575d20010', null, '0', null, '0', 'NATION15', '000023000015', '土家族', '402881f053e55e710153e570c0890001', '', ''), ('402881f053e55e710153e5759d8f0011', null, '0', null, '0', 'NATION16', '000023000016', '哈尼族', '402881f053e55e710153e570c0890001', '', ''), ('402881f053e55e710153e575d9640012', null, '0', null, '0', 'NATION17', '000023000017', '哈萨克族', '402881f053e55e710153e570c0890001', '', ''), ('402881f053e55e710153e5761ee30013', null, '0', null, '0', 'NATION18', '000023000018', '傣族', '402881f053e55e710153e570c0890001', '', ''), ('402881f053e55e710153e5764cfb0014', null, '0', null, '0', 'NATION18', '000023000019', '黎族', '402881f053e55e710153e570c0890001', '', ''), ('402881f053e55e710153e5768eff0015', null, '0', null, '0', 'NATION20', '000023000020', '傈僳族', '402881f053e55e710153e570c0890001', '', ''), ('402881f053e55e710153e576c05a0016', null, '0', null, '0', 'NATION21', '000023000021', '佤族', '402881f053e55e710153e570c0890001', '', ''), ('402881f053e55e710153e5771fb10017', null, '0', null, '0', 'NATION22', '000023000022', '畲族', '402881f053e55e710153e570c0890001', '', ''), ('402881f053e55e710153e577754f0018', null, '0', null, '0', 'NATION23', '000023000023', '高山族', '402881f053e55e710153e570c0890001', '', ''), ('402881f053e55e710153e577d8220019', null, '0', null, '0', 'NATION24', '000023000024', '拉祜族', '402881f053e55e710153e570c0890001', '', ''), ('402881f053e55e710153e57840d4001a', null, '0', null, '0', 'NATION25', '000023000025', '水族', '402881f053e55e710153e570c0890001', '', ''), ('402881f053e55e710153e578beac001b', null, '0', null, '0', 'NATION26', '000023000026', '东乡族', '402881f053e55e710153e570c0890001', '', ''), ('402881f053e55e710153e579cc50001c', null, '0', null, '0', 'NATION27', '000023000027', '纳西族', '402881f053e55e710153e570c0890001', '', ''), ('402881f053e55e710153e57a4b49001d', null, '0', null, '0', 'NATION28', '000023000028', '景颇族', '402881f053e55e710153e570c0890001', '', ''), ('402881f053e55e710153e57ab2ed001e', null, '0', null, '0', 'NATION29', '000023000029', '柯尔克孜族', '402881f053e55e710153e570c0890001', '', ''), ('402881f053e55e710153e57aeb4a001f', null, '0', null, '0', 'NATION30', '000023000030', '土族', '402881f053e55e710153e570c0890001', '', ''), ('402881f053e55e710153e57bb0c20020', null, '0', null, '0', 'NATION31', '000023000031', '达斡尔族', '402881f053e55e710153e570c0890001', '', ''), ('402881f053e55e710153e57c1cb50021', null, '0', null, '0', 'NATION32', '000023000032', '仫佬族', '402881f053e55e710153e570c0890001', '', ''), ('402881f053e55e710153e57c71630022', null, '0', null, '0', 'NATION33', '000023000033', '羌族', '402881f053e55e710153e570c0890001', '', ''), ('402881f053e55e710153e57cb5aa0023', null, '0', null, '0', 'NATION34', '000023000034', '布朗族', '402881f053e55e710153e570c0890001', '', ''), ('402881f053e55e710153e57d27c90024', null, '0', null, '0', '35', '000023000035', '撒拉族', '402881f053e55e710153e570c0890001', '', ''), ('402881f053e55e710153e57df9a10025', null, '0', null, '0', 'NATION36', '000023000036', '毛难族', '402881f053e55e710153e570c0890001', '', ''), ('402881f053e55e710153e57e48b80026', null, '0', null, '0', 'NATION37', '000023000037', '仡佬族', '402881f053e55e710153e570c0890001', '', ''), ('402881f053e55e710153e57e8b080027', null, '0', null, '0', 'NATION38', '000023000038', '锡伯族', '402881f053e55e710153e570c0890001', '', ''), ('402881f053e55e710153e57ebe990028', null, '0', null, '0', 'NATION', '000023000039', '阿昌族', '402881f053e55e710153e570c0890001', '', ''), ('402881f053e55e710153e57ef9f50029', null, '0', null, '0', 'NATION40', '000023000040', '普米族', '402881f053e55e710153e570c0890001', '', ''), ('402881f053e55e710153e57f6094002a', null, '0', null, '0', 'NATION41', '000023000041', '塔吉克族', '402881f053e55e710153e570c0890001', '', ''), ('402881f053e55e710153e57fbe0b002b', null, '0', null, '0', 'NATION42', '000023000042', '怒族', '402881f053e55e710153e570c0890001', '', ''), ('402881f053e55e710153e57ffd10002c', null, '0', null, '0', 'NATION43', '000023000043', '乌兹别克', '402881f053e55e710153e570c0890001', '', ''), ('402881f053e55e710153e5802506002d', null, '0', null, '0', 'NATION44', '000023000044', '俄罗斯族', '402881f053e55e710153e570c0890001', '', ''), ('402881f053e55e710153e58066c6002e', null, '0', null, '0', 'NATION45', '000023000045', '鄂温克族', '402881f053e55e710153e570c0890001', '', ''), ('402881f053e55e710153e580a981002f', null, '0', null, '0', 'NATION46', '000023000046', '崩龙族', '402881f053e55e710153e570c0890001', '', ''), ('402881f053e55e710153e580e3540030', null, '0', null, '0', 'NATION47', '000023000047', '保安族', '402881f053e55e710153e570c0890001', '', ''), ('402881f053e55e710153e5813d0a0031', null, '0', null, '0', 'NATION48', '000023000048', '裕固族', '402881f053e55e710153e570c0890001', '', ''), ('402881f053e55e710153e581adce0032', null, '0', null, '0', 'NATION49', '000023000049', '京族', '402881f053e55e710153e570c0890001', '', ''), ('402881f053e55e710153e581eb050033', null, '0', null, '0', 'NATION50', '000023000050', '塔塔尔族', '402881f053e55e710153e570c0890001', '', ''), ('402881f053e55e710153e582223b0034', null, '0', null, '0', 'NATION51', '000023000051', '独龙族', '402881f053e55e710153e570c0890001', '', ''), ('402881f053e55e710153e58269950035', null, '0', null, '0', 'NATION52', '000023000052', '鄂伦春族', '402881f053e55e710153e570c0890001', '', ''), ('402881f053e55e710153e582c7b80036', null, '0', null, '0', 'NATION53', '000023000053', '赫哲族', '402881f053e55e710153e570c0890001', '', ''), ('402881f053e55e710153e58307aa0037', null, '0', null, '0', 'NATION54', '000023000054', '门巴族', '402881f053e55e710153e570c0890001', '', ''), ('402881f053e55e710153e583596a0038', null, '0', null, '0', 'NATION55', '000023000055', '珞巴族', '402881f053e55e710153e570c0890001', '', ''), ('402881f053e55e710153e5838d9c0039', null, '0', null, '0', 'NATION56', '000023000056', '基诺族', '402881f053e55e710153e570c0890001', '', ''), ('bc4d163c5880ab4901588b5b49080002', '2016-11-22 17:26:05', '0', '2016-11-22 17:26:05', '0', 'HANZU', '000023000057', '汉族', '402881f053e55e710153e570c0890001', '', ''), ('ff8081816136a15a01613737e2460001', '2018-01-27 18:44:25', '0', '2018-01-27 18:44:25', '0', 'RULES', '000024', '体检预约规则', null, null, null), ('ff8081816136a15a0161374277fd0002', '2018-01-27 18:55:58', '0', '2018-01-27 18:55:58', '0', 'SW', '000024000001', '上午时间区间', 'ff8081816136a15a01613737e2460001', null, '8:00-11:30'), ('ff8081816136a15a01613743099b0003', '2018-01-27 18:56:36', '0', '2018-01-27 18:56:36', '0', 'XW', '000024000002', '下午时间区间', 'ff8081816136a15a01613737e2460001', null, '14:00-16:00'), ('ff8081816136a15a01613743f2e50004', '2018-01-27 18:57:35', '0', '2018-01-27 18:57:35', '0', 'STEP', '000024000003', '时间间隔', 'ff8081816136a15a01613737e2460001', null, '30'), ('ff8081816136a15a01613744efe70005', '2018-01-27 18:58:40', '0', '2018-01-27 18:58:40', '0', 'AMOUNT', '000024000004', '每时间段人数 ', 'ff8081816136a15a01613737e2460001', null, '75'), ('ff8081816136a15a016137465b090006', '2018-01-27 19:00:13', '0', '2018-01-27 19:00:13', '0', 'RATIO', '000024000005', '男女比例', 'ff8081816136a15a01613737e2460001', null, '2:3'), ('ff8081816136a15a016137465b090007', '2018-01-27 19:00:13', '0', '2018-01-27 19:00:13', '0', 'MONTH', '000024000006', '再次预约时间间隔', 'ff8081816136a15a01613737e2460001', null, '11');
COMMIT;

-- ----------------------------
--  Table structure for `tbl_file`
-- ----------------------------
DROP TABLE IF EXISTS `tbl_file`;
CREATE TABLE `tbl_file` (
  `id` varchar(36) NOT NULL,
  `create_date_time` datetime DEFAULT NULL,
  `deleted` int(11) DEFAULT NULL,
  `update_date_time` datetime DEFAULT NULL,
  `version` int(11) DEFAULT NULL,
  `create_user_id` varchar(255) DEFAULT NULL,
  `fileName` varchar(255) DEFAULT NULL,
  `filePath` varchar(255) DEFAULT NULL,
  `fileSize` bigint(20) DEFAULT NULL,
  `form_ID` varchar(255) DEFAULT NULL,
  `savedName` varchar(255) DEFAULT NULL,
  PRIMARY KEY (`id`)
) ENGINE=InnoDB DEFAULT CHARSET=utf8;

-- ----------------------------
--  Records of `tbl_file`
-- ----------------------------
BEGIN;
INSERT INTO `tbl_file` VALUES ('402880e55c590053015c592ee07d0006', '2017-05-30 19:47:43', '0', '2017-05-30 19:47:43', '0', '402880e456223e8f015625231d8e0003', '20170530194743.jpg', '\\uploadPath\\avatar\\20170530194743.jpg', '47252', null, '20170530194743.jpg'), ('402880e55c590053015c597305c2000b', '2017-05-30 21:02:09', '0', '2017-05-30 21:02:09', '0', '402880e456223e8f015625231d8e0003', '20170530210209.jpg', '\\uploadPath\\avatar\\20170530210209.jpg', '25866', null, '20170530210209.jpg'), ('402880e55c59ca33015c5bf10d0a0000', '2017-05-31 08:39:03', '0', '2017-05-31 08:39:03', '0', '402880e456223e8f015625231d8e0003', '20170531083903.jpg', '\\uploadPath\\avatar\\20170531083903.jpg', '16628', null, '20170531083903.jpg'), ('402880e55c59ca33015c5bf4742e0001', '2017-05-31 08:42:46', '0', '2017-05-31 08:42:46', '0', '402880e456223e8f015625231d8e0003', '20170531084246.jpg', '\\uploadPath\\avatar\\20170531084246.jpg', '19727', null, '20170531084246.jpg'), ('402880e55c59ca33015c5bf529d60002', '2017-05-31 08:43:32', '0', '2017-05-31 08:43:32', '0', '402880e456223e8f015625231d8e0003', '20170531084332.jpg', '\\uploadPath\\avatar\\20170531084332.jpg', '19727', null, '20170531084332.jpg'), ('402880e85c1bdd55015c1bdfc2780000', '2017-05-18 22:04:28', '0', '2017-05-18 22:04:28', '0', '402880e456223e8f015625231d8e0003', '__avatar1', '\\uploadPath\\avatar\\20170518220428___avatar1', '46481', null, '20170518220428___avatar1'), ('402880e85c1bdd55015c1be059f20001', '2017-05-18 22:05:06', '0', '2017-05-18 22:05:06', '0', '402880e456223e8f015625231d8e0003', '__avatar1', '\\uploadPath\\avatar\\20170518220506___avatar1', '40618', null, '20170518220506___avatar1'), ('402880e85c1be4e2015c1be7b1360000', '2017-05-18 22:13:09', '0', '2017-05-18 22:13:09', '0', '402880e456223e8f015625231d8e0003', '__avatar1', '\\uploadPath\\avatar\\20170518221257___avatar1', '44900', null, '20170518221257___avatar1'), ('402880e85c1be4e2015c1be7b7b50001', '2017-05-18 22:13:09', '0', '2017-05-18 22:13:09', '0', '402880e456223e8f015625231d8e0003', '__avatar1', '\\uploadPath\\avatar\\20170518221309___avatar1', '44900', null, '20170518221309___avatar1'), ('402880e85c1be4e2015c1be7fd2e0002', '2017-05-18 22:13:27', '0', '2017-05-18 22:13:27', '0', '402880e456223e8f015625231d8e0003', '__avatar1', '\\uploadPath\\avatar\\20170518221327.jpg', '44900', null, '20170518221327.jpg'), ('402880e85c1be4e2015c1be829740003', '2017-05-18 22:13:38', '0', '2017-05-18 22:13:38', '0', '402880e456223e8f015625231d8e0003', '__avatar1', '\\uploadPath\\avatar\\20170518221338.jpg', '46481', null, '20170518221338.jpg'), ('402880e85c1be4e2015c1be951dc0004', '2017-05-18 22:14:54', '0', '2017-05-18 22:14:54', '0', '402880e456223e8f015625231d8e0003', '20170518221454.jpg', '\\uploadPath\\avatar\\20170518221454.jpg', '46481', null, '20170518221454.jpg'), ('402880e85c1be4e2015c1be98b210005', '2017-05-18 22:15:09', '0', '2017-05-18 22:15:09', '0', '402880e456223e8f015625231d8e0003', '20170518221509.jpg', '\\uploadPath\\avatar\\20170518221509.jpg', '46481', null, '20170518221509.jpg'), ('402880e85c1be4e2015c1bea088f0006', '2017-05-18 22:15:41', '0', '2017-05-18 22:15:41', '0', '402880e456223e8f015625231d8e0003', '20170518221541.jpg', '\\uploadPath\\avatar\\20170518221541.jpg', '46481', null, '20170518221541.jpg'), ('402880e85c1be4e2015c1bea774e0007', '2017-05-18 22:16:09', '0', '2017-05-18 22:16:09', '0', '402880e456223e8f015625231d8e0003', '20170518221609.jpg', '\\uploadPath\\avatar\\20170518221609.jpg', '40618', null, '20170518221609.jpg'), ('402880e85c1be4e2015c1bfd2cd00008', '2017-05-18 22:36:35', '0', '2017-05-18 22:36:35', '0', '402880e456223e8f015625231d8e0003', '20170518223635.jpg', '\\uploadPath\\avatar\\20170518223635.jpg', '46481', null, '20170518223635.jpg'), ('402880e85c1be4e2015c1bff1f6d0009', '2017-05-18 22:38:43', '0', '2017-05-18 22:38:43', '0', '402880e456223e8f015625231d8e0003', '20170518223651.jpg', '\\uploadPath\\avatar\\20170518223651.jpg', '46481', null, '20170518223651.jpg'), ('402880e85c1be4e2015c1bffb41c000a', '2017-05-18 22:39:21', '0', '2017-05-18 22:39:21', '0', '402880e456223e8f015625231d8e0003', '20170518223921.jpg', '\\uploadPath\\avatar\\20170518223921.jpg', '46481', null, '20170518223921.jpg'), ('402880e85c1be4e2015c1bffeb0a000b', '2017-05-18 22:39:35', '0', '2017-05-18 22:39:35', '0', '402880e456223e8f015625231d8e0003', '20170518223935.jpg', '\\uploadPath\\avatar\\20170518223935.jpg', '46481', null, '20170518223935.jpg'), ('402880e85c1be4e2015c1c002e90000c', '2017-05-18 22:39:52', '0', '2017-05-18 22:39:52', '0', '402880e456223e8f015625231d8e0003', '20170518223952.jpg', '\\uploadPath\\avatar\\20170518223952.jpg', '40618', null, '20170518223952.jpg'), ('402880e85c1be4e2015c1c0559aa000d', '2017-05-18 22:45:31', '0', '2017-05-18 22:45:31', '0', '402880e456223e8f015625231d8e0003', '20170518224531.jpg', '\\uploadPath\\avatar\\20170518224531.jpg', '46481', null, '20170518224531.jpg'), ('402880ea5aae3edf015ab1a4a4ff0013', '2017-03-09 13:57:21', '0', '2017-03-09 13:57:21', '0', '402880e456223e8f015625231d8e0003', '中国石油勘探开发研究院简历（江日念）.doc', '\\uploadPath\\file\\20170309135721782_中国石油勘探开发研究院简历（江日念）.doc', '69120', null, '20170309135721782_中国石油勘探开发研究院简历（江日念）.doc'), ('402880ea5aae3edf015ab1a582830014', '2017-03-09 13:58:18', '0', '2017-03-09 13:58:18', '0', '402880e456223e8f015625231d8e0003', '010202新增工厂.png', '\\uploadPath\\file\\20170309135818497_010202新增工厂.png', '63321', null, '20170309135818497_010202新增工厂.png'), ('402880ea5aae3edf015ab1a6cdc80016', '2017-03-09 13:59:43', '0', '2017-03-09 13:59:43', '0', '402880e456223e8f015625231d8e0003', 'dist.rar', '\\uploadPath\\file\\20170309135943302_dist.rar', '494885', null, '20170309135943302_dist.rar'), ('402880ea5aae3edf015ab2527de10019', '2017-03-09 17:07:15', '0', '2017-03-09 17:07:15', '0', '402880e456223e8f015625231d8e0003', 'Penguins.jpg', '\\uploadPath\\file\\2017030917071536_Penguins.jpg', '777835', null, '2017030917071536_Penguins.jpg'), ('402880ea5aae3edf015ab2527de9001a', '2017-03-09 17:07:15', '0', '2017-03-09 17:07:15', '0', '402880e456223e8f015625231d8e0003', 'Desert.jpg', '\\uploadPath\\file\\2017030917071545_Desert.jpg', '845941', null, '2017030917071545_Desert.jpg'), ('402880ea5aae3edf015ab35f47fe001b', '2017-03-09 22:00:50', '0', '2017-03-09 22:00:50', '0', '402880e456223e8f015625231d8e0003', 'Koala.jpg', '\\uploadPath\\file\\20170309220050423_Koala.jpg', '780831', null, '20170309220050423_Koala.jpg'), ('402880ea5aae3edf015ab35f4806001c', '2017-03-09 22:00:50', '0', '2017-03-09 22:00:50', '0', '402880e456223e8f015625231d8e0003', 'Penguins.jpg', '\\uploadPath\\file\\20170309220050433_Penguins.jpg', '777835', null, '20170309220050433_Penguins.jpg'), ('402880ea5aae3edf015ab388c523001d', '2017-03-09 22:46:09', '0', '2017-03-09 22:46:09', '0', '402880e456223e8f015625231d8e0003', '石油大院社区app汇报.pptx', '\\uploadPath\\file\\20170309224609437_石油大院社区app汇报.pptx', '2956689', null, '20170309224609437_石油大院社区app汇报.pptx'), ('402880ea5aae3edf015ab388c52a001e', '2017-03-09 22:46:09', '0', '2017-03-09 22:46:09', '0', '402880e456223e8f015625231d8e0003', '送样单_地大武汉_Tmax_填.xls', '\\uploadPath\\file\\20170309224609446_送样单_地大武汉_Tmax_填.xls', '17408', null, '20170309224609446_送样单_地大武汉_Tmax_填.xls'), ('402880ed5abbe288015abc895fcc0003', '2017-03-11 16:43:23', '0', '2017-03-11 16:43:23', '0', '402880e456223e8f015625231d8e0003', '软件工程_钱乐秋_.rar', '\\uploadPath\\file\\20170311164323978_软件工程_钱乐秋_.rar', '3926542', null, '20170311164323978_软件工程_钱乐秋_.rar'), ('402880ed5abbe288015abc9ff9500004', '2017-03-11 17:08:05', '0', '2017-03-11 17:08:05', '0', '402880e456223e8f015625231d8e0003', 'AdminEAP_framework_1.0_SNAPSHOT.jar', '\\uploadPath\\file\\2017031117080570_AdminEAP_framework_1.0_SNAPSHOT.jar', '180562', null, '2017031117080570_AdminEAP_framework_1.0_SNAPSHOT.jar'), ('402880ed5abbe288015abca8159d0005', '2017-03-11 17:16:56', '0', '2017-03-11 17:16:56', '0', '402880e456223e8f015625231d8e0003', '中国石油勘探开发研究院简历（江日念）.doc', '\\uploadPath\\file\\20170311171656603_中国石油勘探开发研究院简历（江日念）.doc', '69120', null, '20170311171656603_中国石油勘探开发研究院简历（江日念）.doc'), ('402880ed5abbe288015abcb7f70f0006', '2017-03-11 17:34:17', '0', '2017-03-11 17:34:17', '0', '402880e456223e8f015625231d8e0003', '章真忠2.docx', '\\uploadPath\\file\\20170311173417357_章真忠2.docx', '64781', null, '20170311173417357_章真忠2.docx'), ('402880ed5abbe288015abcb9228a0007', '2017-03-11 17:35:34', '0', '2017-03-11 17:35:34', '0', '402880e456223e8f015625231d8e0003', '中国石油勘探开发研究院简历（江日念）.doc', '\\uploadPath\\file\\2017031117353423_中国石油勘探开发研究院简历（江日念）.doc', '69120', null, '2017031117353423_中国石油勘探开发研究院简历（江日念）.doc'), ('402880ed5abbe288015abcbb8e24000e', '2017-03-11 17:38:12', '0', '2017-03-11 17:38:12', '0', '402880e456223e8f015625231d8e0003', '234928_150R215404322.jpg', '\\uploadPath\\file\\20170311173812641_234928_150R215404322.jpg', '91256', null, '20170311173812641_234928_150R215404322.jpg'), ('402880ed5abbe288015abcbfc66f000f', '2017-03-11 17:42:49', '0', '2017-03-11 17:42:49', '0', '402880e456223e8f015625231d8e0003', '234928_150R215404322.jpg', '\\uploadPath\\file\\20170311174249197_234928_150R215404322.jpg', '91256', null, '20170311174249197_234928_150R215404322.jpg'), ('402880ed5abbe288015abcc037440012', '2017-03-11 17:43:18', '0', '2017-03-11 17:43:18', '0', '402880e456223e8f015625231d8e0003', '104039672.png', '\\uploadPath\\file\\2017031117431882_104039672.png', '138668', null, '2017031117431882_104039672.png'), ('402880ed5abbe288015abcc0430d0013', '2017-03-11 17:43:21', '0', '2017-03-11 17:43:21', '0', '402880e456223e8f015625231d8e0003', '104039672_副本.png', '\\uploadPath\\file\\2017031117432199_104039672_副本.png', '138668', null, '2017031117432199_104039672_副本.png'), ('402880ed5abbe288015abdcfc6b70014', '2017-03-11 22:39:55', '0', '2017-03-11 22:39:55', '0', '402880e456223e8f015625231d8e0003', '234928_150R215404322.jpg', '\\uploadPath\\file\\2017031122395561_234928_150R215404322.jpg', '91256', null, '2017031122395561_234928_150R215404322.jpg'), ('402880ed5abbe288015abdd3df0f0015', '2017-03-11 22:44:23', '0', '2017-03-11 22:44:23', '0', '402880e456223e8f015625231d8e0003', '1_146_.jpg', '\\uploadPath\\file\\20170311224423438_1_146_.jpg', '38230', null, '20170311224423438_1_146_.jpg'), ('402880ed5abbe288015abdd3e73c0016', '2017-03-11 22:44:25', '0', '2017-03-11 22:44:25', '0', '402880e456223e8f015625231d8e0003', '1.jpg', '\\uploadPath\\file\\20170311224425530_1.jpg', '23341', null, '20170311224425530_1.jpg'), ('402880ed5abbe288015abdd694eb0017', '2017-03-11 22:47:21', '0', '2017-03-11 22:47:21', '0', '402880e456223e8f015625231d8e0003', '5936056_135709981147_2.jpg', '\\uploadPath\\file\\2017031122472166_5936056_135709981147_2.jpg', '196305', null, '2017031122472166_5936056_135709981147_2.jpg'), ('402880ed5abbe288015abdd6b22e0018', '2017-03-11 22:47:28', '0', '2017-03-11 22:47:28', '0', '402880e456223e8f015625231d8e0003', '234928_150R215404322.jpg', '\\uploadPath\\file\\20170311224728557_234928_150R215404322.jpg', '91256', null, '20170311224728557_234928_150R215404322.jpg'), ('402880ed5abdfec1015ac02c71f10001', '2017-03-12 09:40:22', '0', '2017-03-12 09:40:22', '0', '402880e456223e8f015625231d8e0003', '234928_150R215404322.jpg', '\\uploadPath\\file\\20170312094022638_234928_150R215404322.jpg', '91256', null, '20170312094022638_234928_150R215404322.jpg'), ('402880ed5abdfec1015ac02c71f50002', '2017-03-12 09:40:22', '0', '2017-03-12 09:40:22', '0', '402880e456223e8f015625231d8e0003', '5936056_135709981147_2.jpg', '\\uploadPath\\file\\20170312094022644_5936056_135709981147_2.jpg', '196305', null, '20170312094022644_5936056_135709981147_2.jpg'), ('402880ed5abdfec1015ac02c71f80003', '2017-03-12 09:40:22', '0', '2017-03-12 09:40:22', '0', '402880e456223e8f015625231d8e0003', '5936056_154500108516_2.jpg', '\\uploadPath\\file\\20170312094022647_5936056_154500108516_2.jpg', '273616', null, '20170312094022647_5936056_154500108516_2.jpg'), ('402880ed5c30127b015c305564a30000', '2017-05-22 21:25:21', '0', '2017-05-22 21:25:21', '0', '402880e456223e8f015625231d8e0003', '20170522212521.jpg', '\\uploadPath\\avatar\\20170522212521.jpg', '46481', null, '20170522212521.jpg'), ('402881925c3fa5c4015c3fef43da0000', '2017-05-25 22:07:44', '0', '2017-05-25 22:07:44', '0', '402880e456223e8f015625231d8e0003', '20170525220744.jpg', '\\uploadPath\\avatar\\20170525220744.jpg', '33350', null, '20170525220744.jpg'), ('402881925c4986bd015c49a097f30008', '2017-05-27 19:18:00', '0', '2017-05-27 19:18:00', '0', '402880e456223e8f015625231d8e0003', '20170527191800.jpg', '\\uploadPath\\avatar\\20170527191800.jpg', '23137', null, '20170527191800.jpg'), ('402881925c4986bd015c4a59f43c000f', '2017-05-27 22:40:28', '0', '2017-05-27 22:40:28', '0', '402880e456223e8f015625231d8e0003', '20170527224028.jpg', '\\uploadPath\\avatar\\20170527224028.jpg', '22929', null, '20170527224028.jpg'), ('402881925c4986bd015c4a5ab2db0010', '2017-05-27 22:41:17', '0', '2017-05-27 22:41:17', '0', '402880e456223e8f015625231d8e0003', '20170527224117.jpg', '\\uploadPath\\avatar\\20170527224117.jpg', '21627', null, '20170527224117.jpg'), ('402881925c4986bd015c4a5b28d10011', '2017-05-27 22:41:47', '0', '2017-05-27 22:41:47', '0', '402880e456223e8f015625231d8e0003', '20170527224147.jpg', '\\uploadPath\\avatar\\20170527224147.jpg', '22927', null, '20170527224147.jpg'), ('402881925c4986bd015c4a5c19650012', '2017-05-27 22:42:48', '0', '2017-05-27 22:42:48', '0', '402880e456223e8f015625231d8e0003', '20170527224248.jpg', '\\uploadPath\\avatar\\20170527224248.jpg', '21968', null, '20170527224248.jpg'), ('402881925c4986bd015c4a5f06300013', '2017-05-27 22:46:00', '0', '2017-05-27 22:46:00', '0', '402880e456223e8f015625231d8e0003', '20170527224600.jpg', '\\uploadPath\\avatar\\20170527224600.jpg', '33734', null, '20170527224600.jpg'), ('8a8a81e55c1a3b6f015c1a965c6c0000', '2017-05-18 16:04:40', '0', '2017-05-18 16:04:40', '0', '402880e456223e8f015625231d8e0003', '510.jpg', '\\uploadPath\\file\\20170518160440679_510.jpg', '51849', null, '20170518160440679_510.jpg'), ('8a8a81e55c1a3b6f015c1aac24d80002', '2017-05-18 16:28:28', '0', '2017-05-18 16:28:28', '0', '402880e456223e8f015625231d8e0003', '5936056_135709981147_2.jpg', '\\uploadPath\\file\\20170518162828246_5936056_135709981147_2.jpg', '196305', null, '20170518162828246_5936056_135709981147_2.jpg'), ('8a8a81e55c1fc3f6015c1fe3aae70000', '2017-05-19 16:47:13', '0', '2017-05-19 16:47:13', '0', '402880e456223e8f015625231d8e0003', '20170519164713.jpg', '\\uploadPath\\avatar\\20170519164713.jpg', '44900', null, '20170519164713.jpg'), ('8a8a82575c3cfb3d015c3d3127d50002', '2017-05-25 09:20:50', '0', '2017-05-25 09:20:50', '0', '402880e456223e8f015625231d8e0003', '20170525092050.jpg', '\\uploadPath\\avatar\\20170525092050.jpg', '22885', null, '20170525092050.jpg'), ('8a8a82695c5bf692015c5bf6fdbd0000', '2017-05-31 08:45:32', '0', '2017-05-31 08:45:32', '0', '402880e456223e8f015625231d8e0003', '20170531084532.jpg', '\\uploadPath\\avatar\\20170531084532.jpg', '19727', null, '20170531084532.jpg'), ('8a8a82695c5bf692015c5bf839660001', '2017-05-31 08:46:53', '0', '2017-05-31 08:46:53', '0', '402880e456223e8f015625231d8e0003', '20170531084653.jpg', '\\uploadPath\\avatar\\20170531084653.jpg', '16799', null, '20170531084653.jpg'), ('8a8a82695c5bf692015c5bf94d1f0002', '2017-05-31 08:48:03', '0', '2017-05-31 08:48:03', '0', '402880e456223e8f015625231d8e0003', '20170531084803.jpg', '\\uploadPath\\avatar\\20170531084803.jpg', '15557', null, '20170531084803.jpg'), ('8a8a82695c5bf692015c5bfb26fd0003', '2017-05-31 08:50:05', '0', '2017-05-31 08:50:05', '0', '402880e456223e8f015625231d8e0003', '20170531085005.jpg', '\\uploadPath\\avatar\\20170531085005.jpg', '25866', null, '20170531085005.jpg'), ('8a8a84995ab60555015ab6098adf0000', '2017-03-10 10:26:03', '0', '2017-03-10 10:26:03', '0', '402880e456223e8f015625231d8e0003', '章真忠2.docx', '\\uploadPath\\file\\2017031010260396_章真忠2.docx', '64781', null, '2017031010260396_章真忠2.docx'), ('8a8a84995ab64a5c015ab64d26c90001', '2017-03-10 11:39:53', '0', '2017-03-10 11:39:53', '0', '402880e456223e8f015625231d8e0003', 'mm_facetoface_collect_qrcode_1487932173612.png', '\\uploadPath\\file\\20170310113953926_mm_facetoface_collect_qrcode_1487932173612.png', '85360', null, '20170310113953926_mm_facetoface_collect_qrcode_1487932173612.png'), ('8a8a84995ab64a5c015ab64d26ce0002', '2017-03-10 11:39:53', '0', '2017-03-10 11:39:53', '0', '402880e456223e8f015625231d8e0003', 'quoteServiceImpl.txt', '\\uploadPath\\file\\20170310113953932_quoteServiceImpl.txt', '17439', null, '20170310113953932_quoteServiceImpl.txt'), ('8a8a84995ab654d1015ab6571bfa0000', '2017-03-10 11:50:46', '0', '2017-03-10 11:50:46', '0', '402880e456223e8f015625231d8e0003', 'Hydrangeas.jpg', '\\uploadPath\\file\\20170310115046517_Hydrangeas.jpg', '595284', null, '20170310115046517_Hydrangeas.jpg'), ('8a8a84995ab654d1015ab6571c1b0001', '2017-03-10 11:50:46', '0', '2017-03-10 11:50:46', '0', '402880e456223e8f015625231d8e0003', 'Jellyfish.jpg', '\\uploadPath\\file\\20170310115046553_Jellyfish.jpg', '775702', null, '20170310115046553_Jellyfish.jpg'), ('8a8a84995ab654d1015ab659bb8e0002', '2017-03-10 11:53:38', '0', '2017-03-10 11:53:38', '0', '402880e456223e8f015625231d8e0003', 'Jellyfish.jpg', '\\uploadPath\\file\\20170310115338442_Jellyfish.jpg', '775702', null, '20170310115338442_Jellyfish.jpg'), ('8a8a84995ab654d1015ab659bb940003', '2017-03-10 11:53:38', '0', '2017-03-10 11:53:38', '0', '402880e456223e8f015625231d8e0003', 'Koala.jpg', '\\uploadPath\\file\\20170310115338450_Koala.jpg', '780831', null, '20170310115338450_Koala.jpg'), ('8a8a84995ab654d1015ab659bb990004', '2017-03-10 11:53:38', '0', '2017-03-10 11:53:38', '0', '402880e456223e8f015625231d8e0003', 'Lighthouse.jpg', '\\uploadPath\\file\\20170310115338455_Lighthouse.jpg', '561276', null, '20170310115338455_Lighthouse.jpg'), ('8a8a84995ab654d1015ab6749dfa0005', '2017-03-10 12:23:00', '0', '2017-03-10 12:23:00', '0', '402880e456223e8f015625231d8e0003', 'Koala.jpg', '\\uploadPath\\file\\20170310122300343_Koala.jpg', '780831', null, '20170310122300343_Koala.jpg'), ('8a8a84995ab654d1015ab6749e010006', '2017-03-10 12:23:00', '0', '2017-03-10 12:23:00', '0', '402880e456223e8f015625231d8e0003', 'Lighthouse.jpg', '\\uploadPath\\file\\20170310122300351_Lighthouse.jpg', '561276', null, '20170310122300351_Lighthouse.jpg'), ('8a8a84995ab654d1015ab6759e9e0008', '2017-03-10 12:24:06', '0', '2017-03-10 12:24:06', '0', '402880e456223e8f015625231d8e0003', 'Koala.jpg', '\\uploadPath\\file\\2017031012240643_Koala.jpg', '780831', null, '2017031012240643_Koala.jpg'), ('8a8a84995ab654d1015ab69a75c0000a', '2017-03-10 13:04:20', '0', '2017-03-10 13:04:20', '0', '402880e456223e8f015625231d8e0003', 'Desert.jpg', '\\uploadPath\\file\\20170310130420413_Desert.jpg', '845941', null, '20170310130420413_Desert.jpg'), ('8afa94f65c2f786f015c2f7f1b9e0000', '2017-05-22 17:31:18', '0', '2017-05-22 17:31:18', '0', '402880e456223e8f015625231d8e0003', '20170522173118.jpg', '\\uploadPath\\avatar\\20170522173118.jpg', '44900', null, '20170522173118.jpg'), ('ff808181613fce750161408328840001', '2018-01-29 14:03:13', '0', '2018-01-29 14:03:13', '0', '402880e456223e8f015625231d8e0003', '无标题文档', '/uploadPath/file/20180129140312898_无标题文档', '35', null, '20180129140312898_无标题文档'), ('ff8081816140c230016140cacb800000', '2018-01-29 15:21:28', '0', '2018-01-29 15:21:28', '0', '402880e456223e8f015625231d8e0003', '务工人员花名册（改）.xlsx', '/uploadPath/file/20180129152127677_务工人员花名册（改）.xlsx', '10950', null, '20180129152127677_务工人员花名册（改）.xlsx'), ('ff8081816140c230016140daf0520001', '2018-01-29 15:39:06', '0', '2018-01-29 15:39:06', '0', '402880e456223e8f015625231d8e0003', '师带徒总结2016.doc', '/uploadPath/file/20180129153905681_师带徒总结2016.doc', '40960', null, '20180129153905681_师带徒总结2016.doc'), ('ff8081816140c230016140dd7a940002', '2018-01-29 15:41:52', '0', '2018-01-29 15:41:52', '0', '402880e456223e8f015625231d8e0003', '无标题文档', '/uploadPath/file/20180129154152147_无标题文档', '35', null, '20180129154152147_无标题文档'), ('ff8081816140c230016140df0bd30003', '2018-01-29 15:43:35', '0', '2018-01-29 15:43:35', '0', '402880e456223e8f015625231d8e0003', 'waterMask.png', '/uploadPath/file/20180129154334866_waterMask.png', '49146', null, '20180129154334866_waterMask.png'), ('ff8081816140c230016140e4e6520005', '2018-01-29 15:49:58', '0', '2018-01-29 15:49:58', '0', '402880e456223e8f015625231d8e0003', '生成假期', '/uploadPath/file/20180129154958481_生成假期', '562', null, '20180129154958481_生成假期'), ('ff8081816140c230016140ee9dbd0006', '2018-01-29 16:00:35', '0', '2018-01-29 16:00:35', '0', '402880e456223e8f015625231d8e0003', '务工人员花名册（改）.xlsx', '/uploadPath/file/20180129160035260_务工人员花名册（改）.xlsx', '10950', null, '20180129160035260_务工人员花名册（改）.xlsx'), ('ff8081816140c230016140eff4ad0008', '2018-01-29 16:02:03', '0', '2018-01-29 16:02:03', '0', '402880e456223e8f015625231d8e0003', '务工人员花名册（改）.xlsx', '/uploadPath/file/2018012916020352_务工人员花名册（改）.xlsx', '10950', null, '2018012916020352_务工人员花名册（改）.xlsx'), ('ff8081816140c230016140f267ea000a', '2018-01-29 16:04:44', '0', '2018-01-29 16:04:44', '0', '402880e456223e8f015625231d8e0003', '务工人员花名册（改）.xlsx', '/uploadPath/file/20180129160443625_务工人员花名册（改）.xlsx', '10950', null, '20180129160443625_务工人员花名册（改）.xlsx'), ('ff8081816140c230016140f38257000c', '2018-01-29 16:05:56', '0', '2018-01-29 16:05:56', '0', '402880e456223e8f015625231d8e0003', '务工人员花名册（改）.xlsx', '/uploadPath/file/20180129160555926_务工人员花名册（改）.xlsx', '10950', null, '20180129160555926_务工人员花名册（改）.xlsx'), ('ff8081816140c230016140f4433c000d', '2018-01-29 16:06:45', '0', '2018-01-29 16:06:45', '0', '402880e456223e8f015625231d8e0003', '务工人员花名册（改）.xlsx', '/uploadPath/file/20180129160645307_务工人员花名册（改）.xlsx', '10950', null, '20180129160645307_务工人员花名册（改）.xlsx'), ('ff8081816140c23001614100cff3000f', '2018-01-29 16:20:28', '0', '2018-01-29 16:20:28', '0', '402880e456223e8f015625231d8e0003', '务工人员花名册（改）.xlsx', '/uploadPath/file/20180129162027761_务工人员花名册（改）.xlsx', '10950', null, '20180129162027761_务工人员花名册（改）.xlsx'), ('ff8081816140c23001614104b9c70010', '2018-01-29 16:24:44', '0', '2018-01-29 16:24:44', '0', '402880e456223e8f015625231d8e0003', '务工人员花名册（改）.xlsx', '/uploadPath/file/20180129162444230_务工人员花名册（改）.xlsx', '10950', null, '20180129162444230_务工人员花名册（改）.xlsx'), ('ff8081816140c23001614109cdb70011', '2018-01-29 16:30:17', '0', '2018-01-29 16:30:17', '0', '402880e456223e8f015625231d8e0003', '务工人员花名册（改）.xlsx', '/uploadPath/file/2018012916301714_务工人员花名册（改）.xlsx', '10950', null, '2018012916301714_务工人员花名册（改）.xlsx'), ('ff80818161412f91016141317d1f0000', '2018-01-29 17:13:38', '0', '2018-01-29 17:13:38', '0', '402880e456223e8f015625231d8e0003', 'company.xls', '/uploadPath/file/20180129171337816_company.xls', '16896', null, '20180129171337816_company.xls'), ('ff80818161412f910161413240160001', '2018-01-29 17:14:28', '0', '2018-01-29 17:14:28', '0', '402880e456223e8f015625231d8e0003', 'company.xls', '/uploadPath/file/20180129171427733_company.xls', '16896', null, '20180129171427733_company.xls'), ('ff80818161412f910161413306230002', '2018-01-29 17:15:18', '0', '2018-01-29 17:15:18', '0', '402880e456223e8f015625231d8e0003', 'company.xls', '/uploadPath/file/20180129171518434_company.xls', '16896', null, '20180129171518434_company.xls'), ('ff80818161412f910161413306300003', '2018-01-29 17:15:18', '0', '2018-01-29 17:15:18', '0', '402880e456223e8f015625231d8e0003', 'company.xls', '/uploadPath/file/20180129171518447_company.xls', '16896', null, '20180129171518447_company.xls'), ('ff80818161412f91016141338ccb0004', '2018-01-29 17:15:53', '0', '2018-01-29 17:15:53', '0', '402880e456223e8f015625231d8e0003', 'company.xls', '/uploadPath/file/20180129171552905_company.xls', '16896', null, '20180129171552905_company.xls'), ('ff80818161412f910161413410fe0005', '2018-01-29 17:16:27', '0', '2018-01-29 17:16:27', '0', '402880e456223e8f015625231d8e0003', 'company.xls', '/uploadPath/file/20180129171626749_company.xls', '16896', null, '20180129171626749_company.xls'), ('ff80818161412f9101614135092a0006', '2018-01-29 17:17:30', '0', '2018-01-29 17:17:30', '0', '402880e456223e8f015625231d8e0003', 'company.xls', '/uploadPath/file/20180129171730280_company.xls', '16896', null, '20180129171730280_company.xls'), ('ff80818161412f9101614135d3980007', '2018-01-29 17:18:22', '0', '2018-01-29 17:18:22', '0', '402880e456223e8f015625231d8e0003', 'company.xls', '/uploadPath/file/20180129171822103_company.xls', '16896', null, '20180129171822103_company.xls'), ('ff808181614c8bb401614c8f6a970000', '2018-01-31 22:12:03', '0', '2018-01-31 22:12:03', '0', '402880e456223e8f015625231d8e0003', 'link.jpeg', '/uploadPath/file/20180131221202833_link.jpeg', '74263', null, '20180131221202833_link.jpeg'), ('ff808181614c8bb401614c8fd86a0001', '2018-01-31 22:12:31', '0', '2018-01-31 22:12:31', '0', '402880e456223e8f015625231d8e0003', 'QQ截图20170814203028.png', '/uploadPath/file/20180131221230953_QQ截图20170814203028.png', '137123', null, '20180131221230953_QQ截图20170814203028.png'), ('ff808181614ca03601614ca0fa3f0000', '2018-01-31 22:31:14', '0', '2018-01-31 22:31:14', '0', '402880e456223e8f015625231d8e0003', '45.png', '/uploadPath/file/20180131223113687_45.png', '457921', null, '20180131223113687_45.png'), ('ff808181614ca03601614ca351010002', '2018-01-31 22:33:47', '0', '2018-01-31 22:33:47', '0', '402880e456223e8f015625231d8e0003', '40.png', '/uploadPath/file/201801312233478_40.png', '158170', null, '201801312233478_40.png'), ('ff808181614eecfc01614ef23ab80000', '2018-02-01 09:19:13', '0', '2018-02-01 09:19:13', '0', '402880e456223e8f015625231d8e0003', '45.png', '/uploadPath/file/2018020109191376_45.png', '457921', null, '2018020109191376_45.png'), ('ff808181614eecfc01614ef266190001', '2018-02-01 09:19:24', '0', '2018-02-01 09:19:24', '0', '402880e456223e8f015625231d8e0003', 'ti1mg.jpeg', '/uploadPath/file/20180201091924185_ti1mg.jpeg', '33891', null, '20180201091924185_ti1mg.jpeg'), ('ff808181614eecfc01614ef5c5140003', '2018-02-01 09:23:05', '0', '2018-02-01 09:23:05', '0', '402880e456223e8f015625231d8e0003', 'ti1mg.jpeg', '/uploadPath/file/20180201092305107_ti1mg.jpeg', '33891', null, '20180201092305107_ti1mg.jpeg'), ('ff808181614eecfc01614ef5e06d0004', '2018-02-01 09:23:12', '0', '2018-02-01 09:23:12', '0', '402880e456223e8f015625231d8e0003', 'link.jpeg', '/uploadPath/file/20180201092312109_link.jpeg', '74263', null, '20180201092312109_link.jpeg'), ('ff808181614eecfc01614f007ea20007', '2018-02-01 09:34:48', '0', '2018-02-01 09:34:48', '0', '402880e456223e8f015625231d8e0003', 'timg.jpeg', '/uploadPath/file/20180201093447970_timg.jpeg', '69904', null, '20180201093447970_timg.jpeg'), ('ff808181614eecfc01614f009f070008', '2018-02-01 09:34:56', '0', '2018-02-01 09:34:56', '0', '402880e456223e8f015625231d8e0003', '6944619_06b84e9a5c3beb98.png', '/uploadPath/file/20180201093456262_6944619_06b84e9a5c3beb98.png', '47385', null, '20180201093456262_6944619_06b84e9a5c3beb98.png'), ('ff808181614eecfc01614f0361e3000c', '2018-02-01 09:37:57', '0', '2018-02-01 09:37:57', '0', '402880e456223e8f015625231d8e0003', 'u_3732432402,600917530_fm_27_gp_0.jpg', '/uploadPath/file/20180201093757219_u_3732432402,600917530_fm_27_gp_0.jpg', '20387', null, '20180201093757219_u_3732432402,600917530_fm_27_gp_0.jpg'), ('ff808181614eecfc01614f037af8000d', '2018-02-01 09:38:04', '0', '2018-02-01 09:38:04', '0', '402880e456223e8f015625231d8e0003', 'Gitlab_http.png', '/uploadPath/file/20180201093803639_Gitlab_http.png', '45726', null, '20180201093803639_Gitlab_http.png'), ('ff808181614eecfc01614f054c9f0010', '2018-02-01 09:40:03', '0', '2018-02-01 09:40:03', '0', '402880e456223e8f015625231d8e0003', 'link.jpeg', '/uploadPath/file/20180201094002846_link.jpeg', '74263', null, '20180201094002846_link.jpeg'), ('ff808181614eecfc01614f0dbe400014', '2018-02-01 09:49:16', '0', '2018-02-01 09:49:16', '0', '402880e456223e8f015625231d8e0003', 'admineap.png', '/uploadPath/file/20180201094916223_admineap.png', '3945', null, '20180201094916223_admineap.png'), ('ff80818161594e560161595dc20e0000', '2018-02-03 09:52:52', '0', '2018-02-03 09:52:52', '0', '402880e456223e8f015625231d8e0003', 'link.jpeg', '/uploadPath/file/20180203095252236_link.jpeg', '74263', null, '20180203095252236_link.jpeg'), ('ff80818161594e560161595dd7000001', '2018-02-03 09:52:58', '0', '2018-02-03 09:52:58', '0', '402880e456223e8f015625231d8e0003', 'admineap.png', '/uploadPath/file/20180203095257600_admineap.png', '3945', null, '20180203095257600_admineap.png'), ('ff808181615bc49301615bdd78870070', '2018-02-03 21:31:36', '0', '2018-02-03 21:31:36', '0', '402880e456223e8f015625231d8e0003', '6.jpg', '/uploadPath/file/20180203213136454_6.jpg', '145290', null, '20180203213136454_6.jpg'), ('ff808181615bc49301615bdd938c0071', '2018-02-03 21:31:43', '0', '2018-02-03 21:31:43', '0', '402880e456223e8f015625231d8e0003', '2.jpg', '/uploadPath/file/20180203213143372_2.jpg', '158366', null, '20180203213143372_2.jpg'), ('ff8081816183fcb30161847223ab0000', '2018-02-11 18:38:48', '0', '2018-02-11 18:38:48', '0', 'ff80818161423fef0161424513b00001', 'blob', '/uploadPath/file/20180211183848233_blob', '611062', null, '20180211183848233_blob'), ('ff8081816183fcb30161847326560001', '2018-02-11 18:39:54', '0', '2018-02-11 18:39:54', '0', 'ff80818161423fef0161424513b00001', 'blob', '/uploadPath/file/20180211183952488_blob', '7804811', null, '20180211183952488_blob'), ('ff8081816183fcb30161847364e10002', '2018-02-11 18:40:10', '0', '2018-02-11 18:40:10', '0', 'ff80818161423fef0161424513b00001', 'blob', '/uploadPath/file/20180211184010464_blob', '1082574', null, '20180211184010464_blob'), ('ff8081816183fcb30161847ac25d0003', '2018-02-11 18:48:13', '0', '2018-02-11 18:48:13', '0', 'ff80818161423fef0161424513b00001', 'blob', '/uploadPath/file/20180211184813148_blob', '8246215', null, '20180211184813148_blob'), ('ff8081816183fcb30161847adefd0004', '2018-02-11 18:48:20', '0', '2018-02-11 18:48:20', '0', 'ff80818161423fef0161424513b00001', 'blob', '/uploadPath/file/20180211184820477_blob', '2333166', null, '20180211184820477_blob'), ('ff8081816183fcb30161847b082f0005', '2018-02-11 18:48:31', '0', '2018-02-11 18:48:31', '0', 'ff80818161423fef0161424513b00001', 'blob', '/uploadPath/file/2018021118483122_blob', '6283323', null, '2018021118483122_blob'), ('ff8081816183fcb30161847d33cb0006', '2018-02-11 18:50:53', '0', '2018-02-11 18:50:53', '0', 'ff80818161423fef0161424513b00001', 'blob', '/uploadPath/file/20180211185053259_blob', '8246215', null, '20180211185053259_blob'), ('ff8081816183fcb30161847d8d1e0007', '2018-02-11 18:51:16', '0', '2018-02-11 18:51:16', '0', 'ff80818161423fef0161424513b00001', 'blob', '/uploadPath/file/20180211185116125_blob', '7804811', null, '20180211185116125_blob'), ('ff8081816183fcb30161847e2f8f0008', '2018-02-11 18:51:58', '0', '2018-02-11 18:51:58', '0', 'ff80818161423fef0161424513b00001', 'blob', '/uploadPath/file/20180211185157711_blob', '2333166', null, '20180211185157711_blob'), ('ff8081816183fcb30161848a75ce0009', '2018-02-11 19:05:22', '0', '2018-02-11 19:05:22', '0', 'ff80818161423fef0161424513b00001', 'blob', '/uploadPath/file/20180211190522125_blob', '7804811', null, '20180211190522125_blob'), ('ff8081816183fcb30161848a906f000a', '2018-02-11 19:05:29', '0', '2018-02-11 19:05:29', '0', 'ff80818161423fef0161424513b00001', 'blob', '/uploadPath/file/20180211190528942_blob', '2333166', null, '20180211190528942_blob'), ('ff8081816187e8390161880c228b0000', '2018-02-12 11:25:52', '0', '2018-02-12 11:25:52', '0', 'ff80818161423fef0161424513b00001', 'blob', '/uploadPath/file/20180212112552137_blob', '8246215', null, '20180212112552137_blob'), ('ff8081816187e8390161880c43b60001', '2018-02-12 11:26:01', '0', '2018-02-12 11:26:01', '0', 'ff80818161423fef0161424513b00001', 'blob', '/uploadPath/file/20180212112600629_blob', '7097331', null, '20180212112600629_blob'), ('ff80818161881e44016188ec67a50004', '2018-02-12 15:30:50', '0', '2018-02-12 15:30:50', '0', 'ff80818161423fef0161424513b00001', 'blob', '/uploadPath/file/20180212153049890_blob', '7588719', null, '20180212153049890_blob'), ('ff80818161881e44016188ec80c90005', '2018-02-12 15:30:56', '0', '2018-02-12 15:30:56', '0', 'ff80818161423fef0161424513b00001', 'blob', '/uploadPath/file/20180212153056328_blob', '2333166', null, '20180212153056328_blob'), ('ff80818161881e44016188ec9f140006', '2018-02-12 15:31:04', '0', '2018-02-12 15:31:04', '0', 'ff80818161423fef0161424513b00001', 'blob', '/uploadPath/file/2018021215310483_blob', '7588719', null, '2018021215310483_blob'), ('ff80818161881e440161892532bf0009', '2018-02-12 16:32:52', '0', '2018-02-12 16:32:52', '0', 'ff80818161423fef0161424513b00001', 'blob', '/uploadPath/file/201802121632438_blob', '7804811', null, '201802121632438_blob'), ('ff80818161881e44016189253cbd000a', '2018-02-12 16:32:54', '0', '2018-02-12 16:32:54', '0', 'ff80818161423fef0161424513b00001', 'blob', '/uploadPath/file/20180212163254461_blob', '7804811', null, '20180212163254461_blob'), ('ff80818161881e44016189258112000b', '2018-02-12 16:33:12', '0', '2018-02-12 16:33:12', '0', 'ff80818161423fef0161424513b00001', 'blob', '/uploadPath/file/20180212163311953_blob', '474702', null, '20180212163311953_blob'), ('ff808181618936680161893869be0000', '2018-02-12 16:53:51', '0', '2018-02-12 16:53:51', '0', 'ff80818161423fef0161424513b00001', 'blob', '/uploadPath/file/20180212165351163..jpg', '8246215', null, '20180212165351163..jpg'), ('ff8081816189366801618939908a0001', '2018-02-12 16:55:07', '0', '2018-02-12 16:55:07', '0', 'ff80818161423fef0161424513b00001', 'blob', '/uploadPath/file/20180212165445715..png', '111718', null, '20180212165445715..png'), ('ff808181618936680161893b0e6f0002', '2018-02-12 16:56:44', '0', '2018-02-12 16:56:44', '0', 'ff80818161423fef0161424513b00001', 'blob', '/uploadPath/file/20180212165603241.png', '1079114', null, '20180212165603241.png'), ('ff808181618936680161893bc3990003', '2018-02-12 16:57:31', '0', '2018-02-12 16:57:31', '0', 'ff80818161423fef0161424513b00001', '20180212165730758.jpg', '/uploadPath/file/20180212165730758.jpg', '2636851', null, '20180212165730758.jpg'), ('ff808181618936680161893c90820004', '2018-02-12 16:58:23', '0', '2018-02-12 16:58:23', '0', 'ff80818161423fef0161424513b00001', '20180212165816608.png', '/uploadPath/file/20180212165816608.png', '199606', null, '20180212165816608.png'), ('ff808181618936680161893d2f9d0005', '2018-02-12 16:59:04', '0', '2018-02-12 16:59:04', '0', 'ff80818161423fef0161424513b00001', '20180212165903963.png', '/uploadPath/file/20180212165903963.png', '199606', null, '20180212165903963.png'), ('ff808181618936680161893f8cf90006', '2018-02-12 17:01:39', '0', '2018-02-12 17:01:39', '0', 'ff80818161423fef0161424513b00001', '20180212170131788.png', '/uploadPath/file/20180212170131788.png', '213306', null, '20180212170131788.png'), ('ff808181618936680161894085e70007', '2018-02-12 17:02:43', '0', '2018-02-12 17:02:43', '0', 'ff80818161423fef0161424513b00001', '20180212170242660.png', '/uploadPath/file/20180212170242660.png', '1082574', null, '20180212170242660.png'), ('ff80818161893668016189421a3b0008', '2018-02-12 17:04:26', '0', '2018-02-12 17:04:26', '0', 'ff80818161423fef0161424513b00001', '20180212170426169.png', '/uploadPath/file/20180212170426169.png', '356008', null, '20180212170426169.png'), ('ff8081816189433f01618944c8d60000', '2018-02-12 17:07:22', '0', '2018-02-12 17:07:22', '0', 'ff80818161423fef0161424513b00001', 'IMG_20180116_165919.jpg', '/uploadPath/file/20180212170721937_IMG_20180116_165919.jpg', '1977620', null, '20180212170721937_IMG_20180116_165919.jpg'), ('ff8081816189433f0161894570a20001', '2018-02-12 17:08:05', '0', '2018-02-12 17:08:05', '0', 'ff80818161423fef0161424513b00001', 'IMG_20180110_110432.jpg', '/uploadPath/file/20180212170804897_IMG_20180110_110432.jpg', '6184644', null, '20180212170804897_IMG_20180110_110432.jpg'), ('ff808181618d88d001618d8c332d0000', '2018-02-13 13:03:51', '0', '2018-02-13 13:03:51', '0', null, 'Screenshot_2018-02-11-10-18-07-998_com.tencent.androidqqmail.png', '/uploadPath/file/2018021313035177_Screenshot_2018-02-11-10-18-07-998_com.tencent.androidqqmail.png', '356008', null, '2018021313035177_Screenshot_2018-02-11-10-18-07-998_com.tencent.androidqqmail.png'), ('ff808181618d88d001618d8c56ce0001', '2018-02-13 13:04:00', '0', '2018-02-13 13:04:00', '0', null, 'Screenshot_2018-02-11-10-21-33-373_com.tencent.androidqqmail.png', '/uploadPath/file/20180213130400205_Screenshot_2018-02-11-10-21-33-373_com.tencent.androidqqmail.png', '181678', null, '20180213130400205_Screenshot_2018-02-11-10-21-33-373_com.tencent.androidqqmail.png'), ('ff808181618da57701618da81acf0002', '2018-02-13 13:34:20', '0', '2018-02-13 13:34:20', '0', null, 'Screenshot_2018-02-11-10-18-07-998_com.tencent.androidqqmail.png', '/uploadPath/file/20180213133419850_Screenshot_2018-02-11-10-18-07-998_com.tencent.androidqqmail.png', '356008', null, '20180213133419850_Screenshot_2018-02-11-10-18-07-998_com.tencent.androidqqmail.png'), ('ff808181618da57701618da82c380003', '2018-02-13 13:34:24', '0', '2018-02-13 13:34:24', '0', null, 'Screenshot_2018-02-11-10-21-33-373_com.tencent.androidqqmail.png', '/uploadPath/file/20180213133424312_Screenshot_2018-02-11-10-21-33-373_com.tencent.androidqqmail.png', '181678', null, '20180213133424312_Screenshot_2018-02-11-10-21-33-373_com.tencent.androidqqmail.png'), ('ff808181618da57701618db62e4b0009', '2018-02-13 13:49:42', '0', '2018-02-13 13:49:42', '0', null, 'Screenshot_2018-02-09-14-26-37-375_com.tencent.mm.png', '/uploadPath/file/20180213134942346_Screenshot_2018-02-09-14-26-37-375_com.tencent.mm.png', '83035', null, '20180213134942346_Screenshot_2018-02-09-14-26-37-375_com.tencent.mm.png'), ('ff808181618e03f701618e04bce30000', '2018-02-13 15:15:31', '0', '2018-02-13 15:15:31', '0', '402880e456223e8f015625231d8e0003', 'icon_jdkq.png', '/uploadPath/file/20180213151530653_icon_jdkq.png', '458279', null, '20180213151530653_icon_jdkq.png');
COMMIT;

-- ----------------------------
--  Table structure for `tbl_function`
-- ----------------------------
DROP TABLE IF EXISTS `tbl_function`;
CREATE TABLE `tbl_function` (
  `id` varchar(36) NOT NULL,
  `create_date_time` datetime DEFAULT NULL,
  `deleted` int(11) DEFAULT '0',
  `update_date_time` datetime DEFAULT NULL,
  `version` int(11) DEFAULT NULL,
  `code` varchar(50) DEFAULT NULL,
  `functype` varchar(255) DEFAULT NULL,
  `icon` varchar(255) DEFAULT NULL,
  `levelCode` varchar(36) DEFAULT NULL,
  `name` varchar(255) DEFAULT NULL,
  `parent_id` varchar(255) DEFAULT NULL,
  `remark` longtext,
  `url` varchar(200) DEFAULT NULL,
  `queryId` varchar(255) DEFAULT NULL,
  PRIMARY KEY (`id`)
) ENGINE=InnoDB DEFAULT CHARSET=utf8;

-- ----------------------------
--  Records of `tbl_function`
-- ----------------------------
BEGIN;
INSERT INTO `tbl_function` VALUES ('402880e958eb83230158eb85a30f0000', '2016-12-11 09:35:53', '0', '2016-12-11 09:35:53', '0', 'ARTICLE', '1', 'fa fa-edit', '000028000001', '我的文章', '402880eb58d9a6d40158d9a7b21f0000', '', '/markdown/list', null), ('402880e95a72d8a4015a738980e30000', '2017-02-25 12:31:15', '0', '2018-01-19 14:40:57', '2', 'FORM', '0', 'fa fa-edit', '000004000005', '三级菜单测试', 'ff80808159ea142c0159ea670fae0000', '表单组件base-form', null, null), ('402880e95a72d8a4015a738bb1990001', '2017-02-25 12:33:39', '0', '2017-02-25 12:33:57', '1', 'JOB', '1', 'fa fa-calendar-check-o', '000028000005', '任务管理器', '402880eb58d9a6d40158d9a7b21f0000', '基于Quartz的定时任务管理器', '/job/list', null), ('402880ea5aae3edf015ab1b0ec9d0017', '2017-03-09 14:10:46', '0', '2017-03-09 14:10:46', '0', 'FILEINPUT', '1', 'fa fa-file-o', '000004000003', '附件上传-file', 'ff80808159ea142c0159ea670fae0000', '', '/markdown/preview/file', null), ('402880eb56875b7f0156876338100000', '2016-08-14 12:50:41', '0', '2018-01-23 15:02:20', '5', 'DEMO', '0', 'fa fa-table', '000002', '数据列表', null, null, null, null), ('402880eb56875b7f01568763ac630001', '2016-08-14 12:51:11', '0', '2018-01-19 11:02:32', '6', 'USER-DIALOG', '1', 'fa fa-user', '000002000001', '用户列表-Dailog', '402880eb56875b7f0156876338100000', null, '/user/list', 'user_list'), ('402880eb58d9a6d40158d9a7b21f0000', '2016-12-07 22:19:55', '0', '2016-12-07 22:19:55', '0', 'TOOL', '0', 'fa fa-wrench', '000028', '系统工具', '', '', '', null), ('402880eb58d9a6d40158d9a995130001', '2016-12-07 22:21:59', '0', '2016-12-12 09:59:46', '3', 'MARKDOWN', '1', 'fa fa-pencil', '000028000002', 'Markdown编辑器', '402880eb58d9a6d40158d9a7b21f0000', '', '/markdown/edit', null), ('40288182579e398f0157a25ca29a0002', '2016-10-08 11:36:02', '0', '2016-10-08 11:36:02', '0', 'USER-DEMO-TAB', '1', 'fa fa-male', '000002000002', '用户列表-Tab', '402880eb56875b7f0156876338100000', 'CURD-DEMO tab方式', '/user/tab/list', null), ('4028818a56d407950156d41352630000', '2016-08-29 10:14:11', '0', '2016-08-29 10:14:11', '0', 'SYSTEM', '0', 'fa fa-tv', '000030', '系统管理', '', '', '', null), ('4028818a56d407950156d41435830001', '2016-08-29 10:15:09', '0', '2017-07-04 19:50:32', '1', 'USER', '1', 'fa fa-user', '000030000001', '用户管理', '4028818a56d407950156d41352630000', null, '/user/page/list', null), ('4028818a56d407950156d4160e390002', '2016-08-29 10:17:10', '0', '2017-06-19 14:04:58', '1', 'DICTIONARY', '1', 'fa fa-book', '000030000006', '字典管理', '4028818a56d407950156d41352630000', null, '/dict/tree', null), ('4028818a56d407950156d41d32ab0003', '2016-08-29 10:24:58', '0', '2017-01-03 16:51:49', '2', 'FUNCTION', '1', 'fa fa-cog', '000030000003', '功能管理', '4028818a56d407950156d41352630000', '', '/function/tree', null), ('4028818a56d407950156d4ecfafa0004', '2016-08-29 14:11:55', '0', '2016-08-30 13:44:07', '1', 'Role', '1', 'fa fa-street-view', '000030000004', '角色管理', '4028818a56d407950156d41352630000', '', '/role/list', null), ('8a8a801b58ce0f500158ce14d2c20000', '2016-12-05 16:23:40', '0', '2016-12-05 16:23:40', '0', 'USER-PAGE', '1', 'fa fa-user', '000002000003', '用户列表-Page', '402880eb56875b7f0156876338100000', '', '/user/page/list', null), ('8a8a807a59634b2801596364e33d0001', '2017-01-03 16:14:33', '0', '2017-01-03 16:14:33', '0', 'ROLEFUNC', '1', 'fa fa-key', '000030000005', '角色授权', '4028818a56d407950156d41352630000', '', '/rolefunc/list', null), ('8a8a80f05cbef2d8015cbef6d7e50000', '2017-06-19 14:07:47', '0', '2017-06-19 14:08:16', '1', 'ORG', '1', 'fa fa-sitemap', '000030000002', '组织机构管理', '4028818a56d407950156d41352630000', null, '/org/tree', null), ('8a8a81425a1b36e9015a1b42074b0000', '2017-02-08 09:06:36', '0', '2017-02-13 13:40:04', '1', 'CODEGENERATOR', '1', 'fa fa-list', '000028000003', '代码生成器', '402880eb58d9a6d40158d9a7b21f0000', '', '/generator/setting', null), ('8a8a81d65a3598d9015a360092e60000', '2017-02-13 13:44:51', '0', '2017-05-29 13:53:50', '3', 'GENERATOR', '1', 'fa fa-edit', '000028000004', '代码生成器测试', '402880eb58d9a6d40158d9a7b21f0000', '本功能菜单为代码生成器生成，时间：2017-02-13 13:44:51', '/generator/list', null), ('8a8a83295a83a81a015a843e397b0000', '2017-02-28 18:22:34', '0', '2017-02-28 18:22:34', '0', 'MESSAGE', '1', 'fa fa-list', '000028000006', '消息管理器', '402880eb58d9a6d40158d9a7b21f0000', '', '/message/list', null), ('ff80808159ea142c0159ea670fae0000', '2017-01-29 21:25:39', '0', '2017-02-06 14:34:24', '2', 'Component', '0', 'fa fa-server', '000004', '组件使用说明', '', '', '', null), ('ff80808159ea142c0159ea68d1e30001', '2017-01-29 21:27:35', '0', '2017-02-25 12:31:32', '3', 'MODALS', '1', 'fa fa-windows', '000004000001', '窗体-modals', 'ff80808159ea142c0159ea670fae0000', '', '/markdown/preview/modal', null), ('ff80818161033d5e0161036267df0000', '2018-01-17 17:10:36', '0', '2018-01-19 10:40:18', '2', 'USER_FF', '1', 'fa fa-list', '000002000004', '用户列表-数据权限', '402880eb56875b7f0156876338100000', null, '/user/list_ff', 'user_ff_list'), ('ff808181610c703c01610d058faf0000', '2018-01-19 14:05:24', '0', '2018-01-19 14:41:06', '2', 'MENU_THREE', '1', 'fa fa-cubes', '000004000005000001', '三级菜单', '402880e95a72d8a4015a738980e30000', null, '/markdown/preview/modal', null), ('ff8081816121b26501612224c7170001', '2018-01-23 16:31:31', '0', '2018-01-24 14:14:36', '1', 'table', '1', 'fa fa-list', '000002000005', '数据列表-列编辑', '402880eb56875b7f0156876338100000', null, '/generator/table/coledit', 'generator_table_coledit'), ('ff8081816125f1ad016126ce722d0000', '2018-01-24 14:15:19', '0', '2018-01-24 14:19:23', '1', 'TABLE_ROWEDIT', '1', 'fa fa-list', '000002000006', '数据列表-行编辑', '402880eb56875b7f0156876338100000', null, '/generator/table/rowedit', 'generator_table_rowedit'), ('ff808181613a85d201613a92b2ba0000', '2018-01-28 10:22:28', '0', '2018-02-13 15:07:28', '10', 'RESERVATION', '0', 'fa fa-users', '000003', '体检预约&nbsp;&nbsp;&nbsp;&nbsp;<label class=\"label label-danger text-right\">商用</label>', null, '体检预约', null, null), ('ff808181613a973a01613a97a68d0000', '2018-01-28 10:27:53', '0', '2018-02-13 15:07:18', '4', 'HOLIDAY', '1', 'fa fa-edit', '000003000001', '预约时间管理&nbsp;&nbsp;&nbsp;&nbsp;<label class=\"label label-danger text-right\">商用</label>', 'ff808181613a85d201613a92b2ba0000', '本功能菜单为代码生成器生成，时间：2018-01-28 10:27:52', '/holiday/list', null), ('ff808181613aba3401613abcebf20000', '2018-01-28 11:08:35', '0', '2018-02-13 15:08:52', '6', 'RESERVATION_LIST', '1', 'fa fa-list', '000003000000', '预约管理&nbsp;&nbsp;&nbsp;&nbsp;<label class=\"label label-danger text-right\">商用</label>', 'ff808181613a85d201613a92b2ba0000', null, '/reservation/list', null), ('ff808181613b629a01613b638fb00000', '2018-01-28 14:10:36', '0', '2018-02-13 15:07:37', '3', 'PERSON', '1', 'fa fa-edit', '000003000003', '预约人管理&nbsp;&nbsp;&nbsp;&nbsp;<label class=\"label label-danger text-right\">商用</label>', 'ff808181613a85d201613a92b2ba0000', '本功能菜单为代码生成器生成，时间：2018-01-28 14:10:36', '/person/list', null), ('ff8081816159732d01615acf134e0000', '2018-02-03 16:36:16', '0', '2018-02-13 15:07:50', '3', 'reservation_tj', '1', 'fa fa-list', '000003000007', '预约统计&nbsp;&nbsp;&nbsp;&nbsp;<label class=\"label label-danger text-right\">商用</label>', 'ff808181613a85d201613a92b2ba0000', null, '/reservation/homePage', null), ('ff8081816159732d01615ad1bd2d0001', '2018-02-03 16:39:10', '0', '2018-02-13 15:07:56', '5', 'reservation_sh', '1', 'fa fa-check-square-o', '000003000009', '登记审核&nbsp;&nbsp;&nbsp;&nbsp;<label class=\"label label-danger text-right\">商用</label>', 'ff808181613a85d201613a92b2ba0000', null, '/reservation/approve', null);
COMMIT;

-- ----------------------------
--  Table structure for `tbl_function_filter`
-- ----------------------------
DROP TABLE IF EXISTS `tbl_function_filter`;
CREATE TABLE `tbl_function_filter` (
  `id` varchar(36) NOT NULL,
  `create_date_time` datetime DEFAULT NULL,
  `deleted` int(11) DEFAULT NULL,
  `update_date_time` datetime DEFAULT NULL,
  `version` int(11) DEFAULT NULL,
  `class_type` varchar(255) DEFAULT NULL,
  `key` varchar(255) DEFAULT NULL,
  `operator` varchar(255) DEFAULT NULL,
  `sort` int(11) DEFAULT NULL,
  `value` varchar(255) DEFAULT NULL,
  `functionId` varchar(255) DEFAULT NULL,
  `roleId` varchar(255) DEFAULT NULL,
  PRIMARY KEY (`id`)
) ENGINE=InnoDB DEFAULT CHARSET=utf8;

-- ----------------------------
--  Records of `tbl_function_filter`
-- ----------------------------
BEGIN;
INSERT INTO `tbl_function_filter` VALUES ('40288193596da8a301596dd926ed0001', '2017-01-05 16:57:44', '0', '2017-01-05 16:57:44', '0', 'java.lang.Double', 'test', 'not_null', '1', 'test', '402880eb58d9a6d40158d9a995130001', 'bc4d163c5880ab4901588b6681e50003'), ('ff80818161033d5e01610364a94a0001', '2018-01-17 17:13:04', '0', null, '1', 'java.lang.String', 'o.levelCode', 'like', '1', '@user.deptLevelCode#', 'ff80818161033d5e0161036267df0000', '402880eb5c4ec2a4015c4ec591390000'), ('ff80818161033d5e0161036511f70002', '2018-01-17 17:13:31', '0', '2018-01-17 17:13:31', '0', 'java.lang.String', 'u.sex', 'eq', '2', '1', 'ff80818161033d5e0161036267df0000', '402880eb5c4ec2a4015c4ec591390000'), ('ff808181610c413001610c58a38a000f', '2018-01-19 10:56:31', '0', '2018-01-19 10:56:31', '0', 'java.lang.String', 'sex', 'eq', '1', '1', '402880eb56875b7f01568763ac630001', '402880eb5c4ec2a4015c4ec591390000');
COMMIT;

-- ----------------------------
--  Table structure for `tbl_health_person`
-- ----------------------------
DROP TABLE IF EXISTS `tbl_health_person`;
CREATE TABLE `tbl_health_person` (
  `id` varchar(36) COLLATE utf8_bin NOT NULL,
  `create_date_time` datetime DEFAULT NULL,
  `deleted` int(11) DEFAULT NULL,
  `update_date_time` datetime DEFAULT NULL,
  `version` int(11) DEFAULT NULL,
  `age` int(11) DEFAULT NULL,
  `email` varchar(255) COLLATE utf8_bin DEFAULT NULL,
  `gender` varchar(1) COLLATE utf8_bin DEFAULT NULL,
  `idcard` varchar(255) COLLATE utf8_bin DEFAULT NULL,
  `mobile` varchar(11) COLLATE utf8_bin DEFAULT NULL,
  `name` varchar(255) COLLATE utf8_bin DEFAULT NULL,
  `password` varchar(255) COLLATE utf8_bin DEFAULT NULL,
  `company` varchar(255) COLLATE utf8_bin DEFAULT NULL,
  `job` varchar(255) COLLATE utf8_bin DEFAULT NULL,
  PRIMARY KEY (`id`)
) ENGINE=InnoDB DEFAULT CHARSET=utf8 COLLATE=utf8_bin;

-- ----------------------------
--  Records of `tbl_health_person`
-- ----------------------------
BEGIN;
INSERT INTO `tbl_health_person` VALUES ('ff80818161423fef0161424513b00001', '2018-02-11 12:32:45', '0', '2018-02-13 15:15:35', '29', '37', '475572219@qq.com', '0', '370211198106134817', '13601041000', 'test2', '134817', 'mmm', 'cxxcccccccccchfhfhhf'), ('ff80818161423fef0161424513b60003', '2018-01-29 22:14:39', null, '2018-02-04 22:26:32', '3', '37', '475572220@qq.com', '1', '370211198106138711', '13601041001', 'test2', '138711', null, null), ('ff80818161423fef0161424513bb0005', '2018-01-29 22:14:39', null, '2018-02-04 22:24:30', '2', '37', '475572221@qq.com', '1', '370211198106135430', '13601041002', 'test3', '135430', null, null), ('ff80818161423fef0161424513c10007', '2018-01-29 22:14:39', null, '2018-02-04 21:59:48', '2', '37', '475572222@qq.com', '0', '370211198106134438', '13601041003', 'test4', '134438', null, null), ('ff80818161423fef0161424513c70009', '2018-01-29 22:14:39', null, '2018-02-03 21:25:07', '1', '37', '475572223@qq.com', '1', '370211198106136978', '13601041004', 'test5', '136978', null, null), ('ff80818161423fef0161424513cc000b', '2018-01-29 22:14:39', null, '2018-02-03 21:25:07', '1', '37', '475572224@qq.com', '0', '370211198106130090', '13601041005', 'test6', '130090', null, null), ('ff80818161423fef0161424513d2000d', '2018-01-29 22:14:39', null, '2018-02-03 21:25:07', '1', '37', '475572225@qq.com', '1', '370211198106130496', '13601041006', 'test7', '130496', null, null), ('ff80818161423fef0161424513d7000f', '2018-01-29 22:14:39', null, '2018-02-03 21:25:07', '1', '37', '475572226@qq.com', '1', '370211198106134550', '13601041007', 'test8', '134550', null, null), ('ff80818161423fef0161424513dc0011', '2018-01-29 22:14:39', null, '2018-02-03 21:25:07', '1', '37', '475572227@qq.com', '1', '370211198106133419', '13601041008', 'test9', '133419', null, null), ('ff80818161423fef0161424513e20013', '2018-01-29 22:14:39', null, '2018-02-03 21:25:07', '1', '37', '475572228@qq.com', '1', '370211198106132993', '13601041009', 'test10', '132993', null, null), ('ff80818161423fef0161424513e90015', '2018-01-29 22:14:39', null, '2018-02-03 21:25:07', '1', '37', '475572229@qq.com', '1', '370211198106137532', '13601041010', 'test11', '137532', null, null), ('ff80818161423fef0161424513f00017', '2018-01-29 22:14:39', null, '2018-02-03 21:25:07', '1', '37', '475572230@qq.com', '1', '370211198106138295', '13601041011', 'test12', '138295', null, null), ('ff80818161423fef0161424513f70019', '2018-01-29 22:14:39', null, '2018-02-03 21:25:07', '1', '37', '475572231@qq.com', '1', '370211198106139677', '13601041012', 'test13', '139677', null, null), ('ff80818161423fef0161424513fc001b', '2018-01-29 22:14:39', null, '2018-02-03 21:25:07', '1', '37', '475572232@qq.com', '1', '370211198106133910', '13601041013', 'test14', '133910', null, null), ('ff80818161423fef016142451401001d', '2018-01-29 22:14:39', null, '2018-02-03 21:25:07', '1', '37', '475572233@qq.com', '1', '370211198106138017', '13601041014', 'test15', '138017', null, null), ('ff80818161423fef016142451407001f', '2018-01-29 22:14:39', null, '2018-02-03 21:25:07', '1', '37', '475572234@qq.com', '1', '370211198106139730', '13601041015', 'test16', '139730', null, null), ('ff80818161423fef01614245140d0021', '2018-01-29 22:14:39', null, '2018-02-03 21:25:07', '1', '37', '475572235@qq.com', '1', '370211198106139431', '13601041016', 'test17', '139431', null, null), ('ff80818161423fef0161424514120023', '2018-01-29 22:14:39', null, '2018-02-03 21:25:07', '1', '37', '475572236@qq.com', '1', '370211198106135078', '13601041017', 'test18', '135078', null, null), ('ff80818161423fef0161424514160025', '2018-01-29 22:14:39', null, '2018-02-03 21:25:07', '1', '37', '475572237@qq.com', '1', '370211198106135756', '13601041018', 'test19', '135756', null, null), ('ff80818161423fef01614245141b0027', '2018-01-29 22:14:39', null, '2018-02-03 21:25:07', '1', '37', '475572238@qq.com', '1', '370211198106135297', '13601041019', 'test20', '135297', null, null), ('ff80818161423fef0161424514200029', '2018-01-29 22:14:39', null, '2018-02-03 21:25:07', '1', '18', '475572239@qq.com', '1', '11010120000101269x', '13601041020', 'test21', '01269x', null, null), ('ff80818161423fef016142451425002b', '2018-01-29 22:14:39', null, '2018-02-03 21:25:07', '1', '18', '475572240@qq.com', '1', '110101200001019592', '13601041021', 'test22', '019592', null, null), ('ff80818161423fef01614245142a002d', '2018-01-29 22:14:39', null, '2018-02-03 21:25:07', '1', '18', '475572241@qq.com', '1', '110101200001019170', '13601041022', 'test23', '019170', null, null), ('ff80818161423fef01614245142e002f', '2018-01-29 22:14:39', null, '2018-02-03 21:25:07', '1', '18', '475572242@qq.com', '1', '110101200001011435', '13601041023', 'test24', '011435', null, null), ('ff80818161423fef0161424514330031', '2018-01-29 22:14:39', null, '2018-02-03 21:25:07', '1', '18', '475572243@qq.com', '1', '110101200001018397', '13601041024', 'test25', '018397', null, null), ('ff80818161423fef0161424514390033', '2018-01-29 22:14:39', null, '2018-02-03 21:25:07', '1', '18', '475572244@qq.com', '1', '110101200001018733', '13601041025', 'test26', '018733', null, null), ('ff80818161423fef01614245143e0035', '2018-01-29 22:14:39', null, '2018-02-03 21:25:07', '1', '18', '475572245@qq.com', '1', '110101200001014695', '13601041026', 'test27', '014695', null, null), ('ff80818161423fef0161424514440037', '2018-01-29 22:14:39', null, '2018-02-03 21:25:07', '1', '18', '475572246@qq.com', '1', '110101200001017570', '13601041027', 'test28', '017570', null, null), ('ff80818161423fef0161424514490039', '2018-01-29 22:14:39', null, '2018-02-03 21:25:07', '1', '18', '475572247@qq.com', '1', '110101200001010635', '13601041028', 'test29', '010635', null, null), ('ff80818161423fef01614245144e003b', '2018-01-29 22:14:39', null, '2018-02-03 21:25:07', '1', '18', '475572248@qq.com', '1', '110101200001011558', '13601041029', 'test30', '011558', null, null), ('ff80818161423fef016142451453003d', '2018-01-29 22:14:39', null, '2018-02-03 21:25:07', '1', '32', '475572249@qq.com', '1', '31010119860101619x', '13601041030', 'test31', '01619x', null, null), ('ff80818161423fef016142451459003f', '2018-01-29 22:14:39', null, '2018-02-03 21:25:07', '1', '32', '475572250@qq.com', '1', '310101198601015197', '13601041031', 'test32', '015197', null, null), ('ff80818161423fef01614245145e0041', '2018-01-29 22:14:39', null, '2018-02-03 21:25:07', '1', '32', '475572251@qq.com', '1', '310101198601014274', '13601041032', 'test33', '014274', null, null), ('ff80818161423fef0161424514620043', '2018-01-29 22:14:39', null, '2018-02-03 21:25:07', '1', '32', '475572252@qq.com', '1', '310101198601013458', '13601041033', 'test34', '013458', null, null), ('ff80818161423fef0161424514660045', '2018-01-29 22:14:39', null, '2018-02-03 21:25:07', '1', '32', '475572253@qq.com', '1', '310101198601014514', '13601041034', 'test35', '014514', null, null), ('ff80818161423fef01614245146b0047', '2018-01-29 22:14:39', null, '2018-02-03 21:25:07', '1', '30', '475572254@qq.com', '0', '140101198801011586', '13601041035', 'test36', '011586', null, null), ('ff80818161423fef01614245146f0049', '2018-01-29 22:14:39', null, '2018-02-03 21:25:07', '1', '30', '475572255@qq.com', '0', '140101198801011383', '13601041036', 'test37', '011383', null, null), ('ff80818161423fef016142451473004b', '2018-01-29 22:14:39', null, '2018-02-03 21:25:07', '1', '30', '475572256@qq.com', '0', '140101198801012845', '13601041037', 'test38', '012845', null, null), ('ff80818161423fef01614245147a004d', '2018-01-29 22:14:39', null, '2018-02-03 21:25:07', '1', '30', '475572257@qq.com', '0', '140101198801013207', '13601041038', 'test39', '013207', null, null), ('ff80818161423fef016142451481004f', '2018-01-29 22:14:39', null, '2018-02-03 21:25:07', '1', '30', '475572258@qq.com', '0', '140101198801011666', '13601041039', 'test40', '011666', null, null), ('ff80818161423fef0161424514870051', '2018-01-29 22:14:39', null, '2018-02-03 21:25:07', '1', '30', '475572259@qq.com', '0', '140101198801012722', '13601041040', 'test41', '012722', null, null), ('ff80818161423fef01614245148b0053', '2018-01-29 22:14:39', null, '2018-02-03 21:25:07', '1', '30', '475572260@qq.com', '0', '140101198801016264', '13601041041', 'test42', '016264', null, null), ('ff80818161423fef0161424514900055', '2018-01-29 22:14:39', null, '2018-02-03 21:25:07', '1', '30', '475572261@qq.com', '0', '140101198801018104', '13601041042', 'test43', '018104', null, null), ('ff80818161423fef0161424514940057', '2018-01-29 22:14:39', null, '2018-02-03 21:25:07', '1', '30', '475572262@qq.com', '0', '140101198801011180', '13601041043', 'test44', '011180', null, null), ('ff80818161423fef0161424514990059', '2018-01-29 22:14:39', null, '2018-02-03 21:25:07', '1', '30', '475572263@qq.com', '0', '140101198801015106', '13601041044', 'test45', '015106', null, null), ('ff80818161423fef01614245149e005b', '2018-01-29 22:14:39', null, '2018-02-03 21:25:07', '1', '30', '475572264@qq.com', '0', '140101198801013565', '13601041045', 'test46', '013565', null, null), ('ff80818161423fef0161424514a2005d', '2018-01-29 22:14:39', null, '2018-02-03 21:25:07', '1', '30', '475572265@qq.com', '0', '140101198801019107', '13601041046', 'test47', '019107', null, null), ('ff80818161423fef0161424514a6005f', '2018-01-29 22:14:39', null, '2018-02-03 21:25:07', '1', '30', '475572266@qq.com', '0', '140101198801012087', '13601041047', 'test48', '012087', null, null), ('ff80818161423fef0161424514ab0061', '2018-01-29 22:14:39', null, '2018-02-03 21:25:07', '1', '30', '475572267@qq.com', '0', '14010119880101930x', '13601041048', 'test49', '01930x', null, null), ('ff80818161423fef0161424514af0063', '2018-01-29 22:14:39', null, '2018-02-03 21:25:07', '1', '30', '475572268@qq.com', '0', '140101198801017080', '13601041049', 'test50', '017080', null, null), ('ff808181614eecfc01614f00c3680009', '2018-02-01 09:35:06', null, '2018-02-03 09:53:19', '6', '36', '475572219@qq.com', '1', '370211198106134818', '13601041000', 'qwtryuio', '134818', null, null), ('ff808181614eecfc01614f03a31e000e', '2018-02-01 09:39:20', null, '2018-02-01 09:39:20', '4', '36', '475572219@qq.com', '1', '370211198106134819', '13601041001', 'teedsdsdsa', '134819', null, null), ('ff808181614eecfc01614f05936d0012', '2018-02-01 09:40:21', null, '2018-02-03 09:50:04', '14', '36', '475572219@qq.com', '0', '370211198106134820', '13601041001', '2435768453234567', '134820', null, null), ('ff808181616158d20161615a4a2e0000', '2018-02-04 23:06:03', '0', '2018-02-04 23:06:03', '0', '36', null, '0', '370211198106134825', null, 'test', '888888', null, null), ('ff808181616a9f2701616aa4ba060000', '2018-02-11 12:32:54', '0', '2018-02-11 15:47:38', '34', '18', 'billjiang@qq.com', '1', '110102200001011175', '13601020303', 'test', '666666', 'fkjdfjdfkdgfgfdg', 'testfsfdsqqq'), ('ff808181618d761f01618d7e25680004', '2018-02-13 12:48:30', '0', '2018-02-13 12:48:30', '0', '31', null, '0', '362329198610123024', null, '白展堂', '888888', null, null), ('ff808181618da57701618da84b1c0004', '2018-02-13 13:34:59', '0', '2018-02-13 13:35:43', '1', '31', null, '1', '362329198610124211', '', 'tttt', '124211', '222', '444');
COMMIT;

-- ----------------------------
--  Table structure for `tbl_health_record`
-- ----------------------------
DROP TABLE IF EXISTS `tbl_health_record`;
CREATE TABLE `tbl_health_record` (
  `id` varchar(36) COLLATE utf8_bin NOT NULL,
  `create_date_time` datetime DEFAULT NULL,
  `deleted` int(11) DEFAULT NULL,
  `update_date_time` datetime DEFAULT NULL,
  `version` int(11) DEFAULT NULL,
  `reser_id` varchar(255) COLLATE utf8_bin DEFAULT NULL,
  `status` int(11) DEFAULT NULL,
  `status_text` varchar(255) CHARACTER SET utf8 DEFAULT NULL,
  `suggestion` varchar(255) COLLATE utf8_bin DEFAULT NULL,
  PRIMARY KEY (`id`)
) ENGINE=InnoDB DEFAULT CHARSET=utf8 COLLATE=utf8_bin;

-- ----------------------------
--  Records of `tbl_health_record`
-- ----------------------------
BEGIN;
INSERT INTO `tbl_health_record` VALUES ('ff808181615bc49301615bd785d3000c', '2018-02-03 21:25:07', null, '2018-02-03 21:25:07', '0', 'ff808181615bc49301615bd785d3000b', '40', '可预约', null), ('ff808181615bc49301615bd785d9000e', '2018-02-03 21:25:07', null, '2018-02-03 21:25:07', '0', 'ff808181615bc49301615bd785d9000d', '40', '可预约', null), ('ff808181615bc49301615bd785df0010', '2018-02-03 21:25:07', null, '2018-02-03 21:25:07', '0', 'ff808181615bc49301615bd785df000f', '40', '可预约', null), ('ff808181615bc49301615bd785e60012', '2018-02-03 21:25:07', null, '2018-02-03 21:25:07', '0', 'ff808181615bc49301615bd785e60011', '40', '可预约', null), ('ff808181615bc49301615bd785ed0014', '2018-02-03 21:25:07', null, '2018-02-03 21:25:07', '0', 'ff808181615bc49301615bd785ed0013', '40', '可预约', null), ('ff808181615bc49301615bd785f30016', '2018-02-03 21:25:07', null, '2018-02-03 21:25:07', '0', 'ff808181615bc49301615bd785f30015', '40', '可预约', null), ('ff808181615bc49301615bd785f80018', '2018-02-03 21:25:07', null, '2018-02-03 21:25:07', '0', 'ff808181615bc49301615bd785f80017', '40', '可预约', null), ('ff808181615bc49301615bd785fd001a', '2018-02-03 21:25:07', null, '2018-02-03 21:25:07', '0', 'ff808181615bc49301615bd785fd0019', '40', '可预约', null), ('ff808181615bc49301615bd78603001c', '2018-02-03 21:25:07', null, '2018-02-03 21:25:07', '0', 'ff808181615bc49301615bd78603001b', '40', '可预约', null), ('ff808181615bc49301615bd78609001e', '2018-02-03 21:25:07', null, '2018-02-03 21:25:07', '0', 'ff808181615bc49301615bd78609001d', '40', '可预约', null), ('ff808181615bc49301615bd7860f0020', '2018-02-03 21:25:07', null, '2018-02-03 21:25:07', '0', 'ff808181615bc49301615bd7860f001f', '40', '可预约', null), ('ff808181615bc49301615bd786160022', '2018-02-03 21:25:07', null, '2018-02-03 21:25:07', '0', 'ff808181615bc49301615bd786160021', '40', '可预约', null), ('ff808181615bc49301615bd7861c0024', '2018-02-03 21:25:07', null, '2018-02-03 21:25:07', '0', 'ff808181615bc49301615bd7861c0023', '40', '可预约', null), ('ff808181615bc49301615bd786220026', '2018-02-03 21:25:07', null, '2018-02-03 21:25:07', '0', 'ff808181615bc49301615bd786220025', '40', '可预约', null), ('ff808181615bc49301615bd786290028', '2018-02-03 21:25:07', null, '2018-02-03 21:25:07', '0', 'ff808181615bc49301615bd786280027', '40', '可预约', null), ('ff808181615bc49301615bd7862f002a', '2018-02-03 21:25:07', null, '2018-02-03 21:25:07', '0', 'ff808181615bc49301615bd7862f0029', '40', '可预约', null), ('ff808181615bc49301615bd78636002c', '2018-02-03 21:25:07', null, '2018-02-03 21:25:07', '0', 'ff808181615bc49301615bd78636002b', '40', '可预约', null), ('ff808181615bc49301615bd7863c002e', '2018-02-03 21:25:07', null, '2018-02-03 21:25:07', '0', 'ff808181615bc49301615bd7863b002d', '40', '可预约', null), ('ff808181615bc49301615bd786430030', '2018-02-03 21:25:07', null, '2018-02-03 21:25:07', '0', 'ff808181615bc49301615bd78643002f', '40', '可预约', null), ('ff808181615bc49301615bd7864b0032', '2018-02-03 21:25:07', null, '2018-02-03 21:25:07', '0', 'ff808181615bc49301615bd7864a0031', '40', '可预约', null), ('ff808181615bc49301615bd786520034', '2018-02-03 21:25:07', null, '2018-02-03 21:25:07', '0', 'ff808181615bc49301615bd786510033', '40', '可预约', null), ('ff808181615bc49301615bd786590036', '2018-02-03 21:25:07', null, '2018-02-03 21:25:07', '0', 'ff808181615bc49301615bd786590035', '40', '可预约', null), ('ff808181615bc49301615bd786600038', '2018-02-03 21:25:07', null, '2018-02-03 21:25:07', '0', 'ff808181615bc49301615bd786600037', '40', '可预约', null), ('ff808181615bc49301615bd78667003a', '2018-02-03 21:25:07', null, '2018-02-03 21:25:07', '0', 'ff808181615bc49301615bd786670039', '40', '可预约', null), ('ff808181615bc49301615bd7866d003c', '2018-02-03 21:25:07', null, '2018-02-03 21:25:07', '0', 'ff808181615bc49301615bd7866d003b', '40', '可预约', null), ('ff808181615bc49301615bd78672003e', '2018-02-03 21:25:07', null, '2018-02-03 21:25:07', '0', 'ff808181615bc49301615bd78672003d', '40', '可预约', null), ('ff808181615bc49301615bd786770040', '2018-02-03 21:25:07', null, '2018-02-03 21:25:07', '0', 'ff808181615bc49301615bd78677003f', '40', '可预约', null), ('ff808181615bc49301615bd7867c0042', '2018-02-03 21:25:07', null, '2018-02-03 21:25:07', '0', 'ff808181615bc49301615bd7867c0041', '40', '可预约', null), ('ff808181615bc49301615bd786810044', '2018-02-03 21:25:07', null, '2018-02-03 21:25:07', '0', 'ff808181615bc49301615bd786810043', '40', '可预约', null), ('ff808181615bc49301615bd786870046', '2018-02-03 21:25:07', null, '2018-02-03 21:25:07', '0', 'ff808181615bc49301615bd786860045', '40', '可预约', null), ('ff808181615bc49301615bd7868c0048', '2018-02-03 21:25:07', null, '2018-02-03 21:25:07', '0', 'ff808181615bc49301615bd7868c0047', '40', '可预约', null), ('ff808181615bc49301615bd78691004a', '2018-02-03 21:25:07', null, '2018-02-03 21:25:07', '0', 'ff808181615bc49301615bd786910049', '40', '可预约', null), ('ff808181615bc49301615bd78696004c', '2018-02-03 21:25:07', null, '2018-02-03 21:25:07', '0', 'ff808181615bc49301615bd78696004b', '40', '可预约', null), ('ff808181615bc49301615bd7869b004e', '2018-02-03 21:25:07', null, '2018-02-03 21:25:07', '0', 'ff808181615bc49301615bd7869b004d', '40', '可预约', null), ('ff808181615bc49301615bd786a20050', '2018-02-03 21:25:07', null, '2018-02-03 21:25:07', '0', 'ff808181615bc49301615bd786a2004f', '40', '可预约', null), ('ff808181615bc49301615bd786a90052', '2018-02-03 21:25:07', null, '2018-02-03 21:25:07', '0', 'ff808181615bc49301615bd786a90051', '40', '可预约', null), ('ff808181615bc49301615bd786ae0054', '2018-02-03 21:25:07', null, '2018-02-03 21:25:07', '0', 'ff808181615bc49301615bd786ae0053', '40', '可预约', null), ('ff808181615bc49301615bd786b40056', '2018-02-03 21:25:07', null, '2018-02-03 21:25:07', '0', 'ff808181615bc49301615bd786b40055', '40', '可预约', null), ('ff808181615bc49301615bd786ba0058', '2018-02-03 21:25:07', null, '2018-02-03 21:25:07', '0', 'ff808181615bc49301615bd786ba0057', '40', '可预约', null), ('ff808181615bc49301615bd786c2005a', '2018-02-03 21:25:07', null, '2018-02-03 21:25:07', '0', 'ff808181615bc49301615bd786c20059', '40', '可预约', null), ('ff808181615bc49301615bd786cb005c', '2018-02-03 21:25:07', null, '2018-02-03 21:25:07', '0', 'ff808181615bc49301615bd786cb005b', '40', '可预约', null), ('ff808181615bc49301615bd786d1005e', '2018-02-03 21:25:07', null, '2018-02-03 21:25:07', '0', 'ff808181615bc49301615bd786d0005d', '40', '可预约', null), ('ff808181615bc49301615bd786d70060', '2018-02-03 21:25:07', null, '2018-02-03 21:25:07', '0', 'ff808181615bc49301615bd786d7005f', '40', '可预约', null), ('ff808181615bc49301615bd786de0062', '2018-02-03 21:25:07', null, '2018-02-03 21:25:07', '0', 'ff808181615bc49301615bd786de0061', '40', '可预约', null), ('ff808181615bc49301615bd786e50064', '2018-02-03 21:25:07', null, '2018-02-03 21:25:07', '0', 'ff808181615bc49301615bd786e50063', '40', '可预约', null), ('ff808181615bc49301615bd786ee0066', '2018-02-03 21:25:07', null, '2018-02-03 21:25:07', '0', 'ff808181615bc49301615bd786ed0065', '40', '可预约', null), ('ff808181615bc49301615bd786f40068', '2018-02-03 21:25:07', null, '2018-02-03 21:25:07', '0', 'ff808181615bc49301615bd786f40067', '40', '可预约', null), ('ff808181615bc49301615bd786fc006a', '2018-02-03 21:25:07', null, '2018-02-03 21:25:07', '0', 'ff808181615bc49301615bd786fb0069', '40', '可预约', null), ('ff808181615bc49301615bd78701006c', '2018-02-03 21:25:07', null, '2018-02-03 21:25:07', '0', 'ff808181615bc49301615bd78701006b', '40', '可预约', null), ('ff808181615bc49301615bd78707006e', '2018-02-03 21:25:07', null, '2018-02-03 21:25:07', '0', 'ff808181615bc49301615bd78707006d', '40', '可预约', null), ('ff808181615bc49301615bdc970d006f', '2018-02-03 21:30:39', null, '2018-02-03 21:30:39', '0', 'ff808181615bc49301615bd785d3000b', '40', '可预约', '同意'), ('ff808181615bc49301615bddafbf0072', '2018-02-03 21:31:51', null, '2018-02-03 21:31:51', '0', 'ff808181615bc49301615bd785d9000d', '30', '待审核', null), ('ff808181616068540161611714b50000', '2018-02-04 21:52:38', null, '2018-02-04 21:52:38', '0', 'ff808181615bc49301615bd785d9000d', '40', '可预约', '同意'), ('ff808181616068540161611739ee0001', '2018-02-04 21:52:48', null, '2018-02-04 21:52:48', '0', 'ff808181615bc49301615bd785df000f', '40', '可预约', '同意'), ('ff808181616068540161611760e90002', '2018-02-04 21:52:58', null, '2018-02-04 21:52:58', '0', 'ff808181615bc49301615bd785e60011', '40', '可预约', '同意'), ('ff808181616068540161611da5670003', '2018-02-04 21:59:48', null, '2018-02-04 21:59:48', '0', 'ff808181615bc49301615bd785e60011', '50', '已预约', null), ('ff8081816160685401616134426b0004', '2018-02-04 22:24:30', null, '2018-02-04 22:24:30', '0', 'ff808181615bc49301615bd785df000f', '50', '已预约', null), ('ff80818161606854016161361e8c0005', '2018-02-04 22:26:32', null, '2018-02-04 22:26:32', '0', 'ff808181615bc49301615bd785d9000d', '50', '已预约', null), ('ff80818161881e440161881eda110001', '2018-02-12 11:46:19', null, '2018-02-12 11:46:19', '0', 'ff80818161881e440161881eda0a0000', '0', '临时保存', null), ('ff80818161881e44016188ec358c0003', '2018-02-12 15:30:37', null, '2018-02-12 15:30:37', '0', 'ff80818161881e44016188ec358c0002', '0', '临时保存', null), ('ff80818161881e44016188ecc86b0008', '2018-02-12 15:31:15', null, '2018-02-12 15:31:15', '0', 'ff80818161881e44016188ecc86b0007', '30', '待审核', null), ('ff8081816189433f01618945da3b0003', '2018-02-12 17:08:32', null, '2018-02-12 17:08:32', '0', 'ff8081816189433f01618945da3a0002', '0', '临时保存', null), ('ff8081816189433f01618946cbb20004', '2018-02-12 17:09:34', null, '2018-02-12 17:09:34', '0', 'ff8081816189433f01618945da3a0002', '0', '临时保存', null), ('ff8081816189433f01618947083f0005', '2018-02-12 17:09:49', null, '2018-02-12 17:09:49', '0', 'ff8081816189433f01618945da3a0002', '30', '待审核', null), ('ff808181618d568701618d5f5aff0000', '2018-02-13 12:14:52', null, '2018-02-13 12:14:52', '0', 'ff8081816189433f01618945da3a0002', '10', '审核拒绝', '过年放假'), ('ff808181618d568701618d62a8210001', '2018-02-13 12:18:29', null, '2018-02-13 12:18:29', '0', 'ff8081816189433f01618945da3a0002', '0', '临时保存', null), ('ff808181618d568701618d62e74d0002', '2018-02-13 12:18:45', null, '2018-02-13 12:18:45', '0', 'ff8081816189433f01618945da3a0002', '30', '待审核', null), ('ff808181618d761f01618d7a42a00000', '2018-02-13 12:44:15', null, '2018-02-13 12:44:15', '0', 'ff8081816189433f01618945da3a0002', '10', '审核拒绝', '我是一只小小鸟'), ('ff808181618d761f01618d7bf07a0001', '2018-02-13 12:46:05', null, '2018-02-13 12:46:05', '0', 'ff808181618a4cd001618a557a000001', '40', '可预约', '取消预约'), ('ff808181618d761f01618d7c08750002', '2018-02-13 12:46:12', null, '2018-02-13 12:46:12', '0', 'ff808181618a4cd001618a5137b40000', '40', '可预约', '取消预约'), ('ff808181618d761f01618d7c27b50003', '2018-02-13 12:46:20', null, '2018-02-13 12:46:20', '0', 'ff808181618a4cd001618a557a000001', '50', '已预约', '提交预约'), ('ff808181618da57701618da5ed4a0001', '2018-02-13 13:31:57', null, '2018-02-13 13:31:57', '0', 'ff808181618da57701618da5ed420000', '0', '临时保存', null), ('ff808181618da57701618da8b4e70006', '2018-02-13 13:34:59', null, '2018-02-13 13:34:59', '0', 'ff808181618da57701618da8b4e70005', '30', '待审核', null), ('ff808181618da57701618da997d30008', '2018-02-13 13:35:57', null, '2018-02-13 13:35:57', '0', 'ff808181618da57701618da997d30007', '0', '临时保存', null), ('ff808181618da57701618db74b82000a', '2018-02-13 13:50:55', null, '2018-02-13 13:50:55', '0', 'ff808181618a4cd001618a5137b40000', '50', '已预约', '提交预约'), ('ff808181618e03f701618e04cc390001', '2018-02-13 15:15:35', null, '2018-02-13 15:15:35', '0', 'ff808181618da57701618da5ed420000', '0', '临时保存', null);
COMMIT;

-- ----------------------------
--  Table structure for `tbl_health_reservation`
-- ----------------------------
DROP TABLE IF EXISTS `tbl_health_reservation`;
CREATE TABLE `tbl_health_reservation` (
  `id` varchar(36) COLLATE utf8_bin NOT NULL,
  `create_date_time` datetime DEFAULT NULL,
  `deleted` int(11) DEFAULT NULL,
  `update_date_time` datetime DEFAULT NULL,
  `version` int(11) DEFAULT NULL,
  `certify` varchar(255) COLLATE utf8_bin DEFAULT NULL,
  `company` varchar(255) COLLATE utf8_bin DEFAULT NULL,
  `job` varchar(255) COLLATE utf8_bin DEFAULT NULL,
  `permit` varchar(255) COLLATE utf8_bin DEFAULT NULL,
  `person_id` varchar(255) COLLATE utf8_bin DEFAULT NULL,
  `reser_date` datetime DEFAULT NULL,
  `reser_no` varchar(255) COLLATE utf8_bin DEFAULT NULL,
  `reser_time` varchar(255) COLLATE utf8_bin DEFAULT NULL,
  `reser_type` varchar(2) CHARACTER SET utf8 DEFAULT '0',
  `status` int(11) DEFAULT '0',
  `operator_id` varchar(255) COLLATE utf8_bin DEFAULT NULL,
  PRIMARY KEY (`id`)
) ENGINE=InnoDB DEFAULT CHARSET=utf8 COLLATE=utf8_bin;

-- ----------------------------
--  Records of `tbl_health_reservation`
-- ----------------------------
BEGIN;
INSERT INTO `tbl_health_reservation` VALUES ('ff808181615bc49301615bd785d3000b', '2018-02-03 21:25:07', null, '2018-02-03 21:25:07', '4', null, '西安xxx有限公司', '厨师1', null, 'ff80818161423fef0161424513b00001', '2018-02-26 00:00:00', '201802260001', '08:00-08:30', '1', '50', 'ff80818161423fef0161424513b00001'), ('ff808181615bc49301615bd785d9000d', '2018-02-03 21:25:07', '0', '2018-02-04 22:26:32', '5', 'ff808181615bc49301615bdd78870070', '西安xxx有限公司', '厨师2', 'ff808181615bc49301615bdd938c0071', 'ff80818161423fef0161424513b60003', null, null, null, '1', '40', 'ff80818161423fef0161424513b00001'), ('ff808181615bc49301615bd785df000f', '2018-02-03 21:25:07', '0', '2018-02-04 22:24:30', '6', null, '西安xxx有限公司', '厨师3', null, 'ff80818161423fef0161424513bb0005', null, '201802040227', null, '1', '40', 'ff80818161423fef0161424513b00001'), ('ff808181615bc49301615bd785e60011', '2018-02-03 21:25:07', '0', '2018-02-04 21:59:48', '4', 'ff808181615bc49301615bdd78870070', '西安xxx有限公司', '厨师4', 'ff808181615bc49301615bdd938c0071', 'ff80818161423fef0161424513c10007', '2018-02-08 00:00:00', '201802040226', '09:30-10:00', '1', '60', 'ff80818161423fef0161424513b00001'), ('ff808181615bc49301615bd785f30015', '2018-02-03 21:25:07', '0', '2018-02-03 21:25:07', '0', null, '西安xxx有限公司', '厨师6', null, 'ff80818161423fef0161424513cc000b', null, null, null, '1', '30', null), ('ff808181615bc49301615bd785f80017', '2018-02-03 21:25:07', null, '2018-02-03 21:25:07', '0', null, '西安xxx有限公司', '厨师7', null, 'ff80818161423fef0161424513d2000d', null, null, null, '1', '40', null), ('ff808181615bc49301615bd785fd0019', '2018-02-03 21:25:07', null, '2018-02-03 21:25:07', '0', null, '西安xxx有限公司', '厨师8', null, 'ff80818161423fef0161424513d7000f', null, null, null, '1', '40', null), ('ff808181615bc49301615bd78603001b', '2018-02-03 21:25:07', null, '2018-02-03 21:25:07', '0', null, '西安xxx有限公司', '厨师9', null, 'ff80818161423fef0161424513dc0011', null, null, null, '1', '40', null), ('ff808181615bc49301615bd78609001d', '2018-02-03 21:25:07', null, '2018-02-03 21:25:07', '0', null, '西安xxx有限公司', '厨师10', null, 'ff80818161423fef0161424513e20013', null, null, null, '1', '40', null), ('ff808181615bc49301615bd7860f001f', '2018-02-03 21:25:07', null, '2018-02-03 21:25:07', '0', null, '西安xxx有限公司', '厨师11', null, 'ff80818161423fef0161424513e90015', null, null, null, '1', '40', null), ('ff808181615bc49301615bd786160021', '2018-02-03 21:25:07', null, '2018-02-03 21:25:07', '0', null, '西安xxx有限公司', '厨师12', null, 'ff80818161423fef0161424513f00017', null, null, null, '1', '40', null), ('ff808181615bc49301615bd7861c0023', '2018-02-03 21:25:07', null, '2018-02-03 21:25:07', '0', null, '西安xxx有限公司', '厨师13', null, 'ff80818161423fef0161424513f70019', null, null, null, '1', '40', null), ('ff808181615bc49301615bd786220025', '2018-02-03 21:25:07', null, '2018-02-03 21:25:07', '0', null, '西安xxx有限公司', '厨师14', null, 'ff80818161423fef0161424513fc001b', null, null, null, '1', '40', null), ('ff808181615bc49301615bd786280027', '2018-02-03 21:25:07', null, '2018-02-03 21:25:07', '0', null, '西安xxx有限公司', '厨师15', null, 'ff80818161423fef016142451401001d', null, null, null, '1', '40', null), ('ff808181615bc49301615bd7862f0029', '2018-02-03 21:25:07', null, '2018-02-03 21:25:07', '0', null, '西安xxx有限公司', '厨师16', null, 'ff80818161423fef016142451407001f', null, null, null, '1', '40', null), ('ff808181615bc49301615bd78636002b', '2018-02-03 21:25:07', null, '2018-02-03 21:25:07', '0', null, '西安xxx有限公司', '厨师17', null, 'ff80818161423fef01614245140d0021', null, null, null, '1', '30', null), ('ff808181615bc49301615bd7863b002d', '2018-02-03 21:25:07', null, '2018-02-03 21:25:07', '0', null, '西安xxx有限公司', '厨师18', null, 'ff80818161423fef0161424514120023', null, null, null, '1', '30', null), ('ff808181615bc49301615bd78643002f', '2018-02-03 21:25:07', null, '2018-02-03 21:25:07', '0', null, '西安xxx有限公司', '厨师19', null, 'ff80818161423fef0161424514160025', null, null, null, '1', '30', null), ('ff808181615bc49301615bd7864a0031', '2018-02-03 21:25:07', null, '2018-02-03 21:25:07', '0', null, '西安xxx有限公司', '厨师20', null, 'ff80818161423fef01614245141b0027', null, null, null, '1', '40', null), ('ff808181615bc49301615bd786510033', '2018-02-03 21:25:07', null, '2018-02-03 21:25:07', '0', null, '西安xxx有限公司', '厨师21', null, 'ff80818161423fef0161424514200029', null, null, null, '1', '40', null), ('ff808181615bc49301615bd786590035', '2018-02-03 21:25:07', null, '2018-02-03 21:25:07', '0', null, '西安xxx有限公司', '厨师22', null, 'ff80818161423fef016142451425002b', null, null, null, '1', '40', null), ('ff808181615bc49301615bd786600037', '2018-02-03 21:25:07', null, '2018-02-03 21:25:07', '0', null, '西安xxx有限公司', '厨师23', null, 'ff80818161423fef01614245142a002d', null, null, null, '1', '40', null), ('ff808181615bc49301615bd786670039', '2018-02-03 21:25:07', null, '2018-02-03 21:25:07', '0', null, '西安xxx有限公司', '厨师24', null, 'ff80818161423fef01614245142e002f', null, null, null, '1', '40', null), ('ff808181615bc49301615bd7866d003b', '2018-02-03 21:25:07', null, '2018-02-03 21:25:07', '0', null, '西安xxx有限公司', '厨师25', null, 'ff80818161423fef0161424514330031', null, null, null, '1', '30', null), ('ff808181615bc49301615bd78672003d', '2018-02-03 21:25:07', null, '2018-02-03 21:25:07', '0', null, '西安xxx有限公司', '厨师26', null, 'ff80818161423fef0161424514390033', null, null, null, '1', '30', null), ('ff808181615bc49301615bd78677003f', '2018-02-03 21:25:07', null, '2018-02-03 21:25:07', '0', null, '西安xxx有限公司', '厨师27', null, 'ff80818161423fef01614245143e0035', null, null, null, '1', '40', null), ('ff808181615bc49301615bd7867c0041', '2018-02-03 21:25:07', null, '2018-02-03 21:25:07', '0', null, '西安xxx有限公司', '厨师28', null, 'ff80818161423fef0161424514440037', null, null, null, '1', '40', null), ('ff808181615bc49301615bd786810043', '2018-02-03 21:25:07', null, '2018-02-03 21:25:07', '0', null, '西安xxx有限公司', '厨师29', null, 'ff80818161423fef0161424514490039', null, null, null, '1', '40', null), ('ff808181615bc49301615bd786860045', '2018-02-03 21:25:07', null, '2018-02-03 21:25:07', '0', null, '西安xxx有限公司', '厨师30', null, 'ff80818161423fef01614245144e003b', null, null, null, '1', '40', null), ('ff808181615bc49301615bd7868c0047', '2018-02-03 21:25:07', null, '2018-02-03 21:25:07', '0', null, '西安xxx有限公司', '厨师31', null, 'ff80818161423fef016142451453003d', null, null, null, '1', '40', null), ('ff808181615bc49301615bd786910049', '2018-02-03 21:25:07', null, '2018-02-03 21:25:07', '0', null, '西安xxx有限公司', '厨师32', null, 'ff80818161423fef016142451459003f', null, null, null, '1', '40', null), ('ff808181615bc49301615bd78696004b', '2018-02-03 21:25:07', null, '2018-02-03 21:25:07', '0', null, '西安xxx有限公司', '厨师33', null, 'ff80818161423fef01614245145e0041', null, null, null, '1', '40', null), ('ff808181615bc49301615bd7869b004d', '2018-02-03 21:25:07', null, '2018-02-03 21:25:07', '0', null, '西安xxx有限公司', '厨师34', null, 'ff80818161423fef0161424514620043', null, null, null, '1', '40', null), ('ff808181615bc49301615bd786a2004f', '2018-02-03 21:25:07', null, '2018-02-03 21:25:07', '0', null, '西安xxx有限公司', '厨师35', null, 'ff80818161423fef0161424514660045', null, null, null, '1', '40', null), ('ff808181615bc49301615bd786a90051', '2018-02-03 21:25:07', null, '2018-02-03 21:25:07', '0', null, '西安xxx有限公司', '厨师36', null, 'ff80818161423fef01614245146b0047', null, null, null, '1', '40', null), ('ff808181615bc49301615bd786ae0053', '2018-02-03 21:25:07', null, '2018-02-03 21:25:07', '0', null, '西安xxx有限公司', '厨师37', null, 'ff80818161423fef01614245146f0049', null, null, null, '1', '40', null), ('ff808181615bc49301615bd786b40055', '2018-02-03 21:25:07', null, '2018-02-03 21:25:07', '0', null, '西安xxx有限公司', '厨师38', null, 'ff80818161423fef016142451473004b', null, null, null, '1', '40', null), ('ff808181615bc49301615bd786ba0057', '2018-02-03 21:25:07', null, '2018-02-03 21:25:07', '0', null, '西安xxx有限公司', '厨师39', null, 'ff80818161423fef01614245147a004d', null, null, null, '1', '40', null), ('ff808181615bc49301615bd786c20059', '2018-02-03 21:25:07', null, '2018-02-03 21:25:07', '0', null, '西安xxx有限公司', '厨师40', null, 'ff80818161423fef016142451481004f', null, null, null, '1', '40', null), ('ff808181615bc49301615bd786cb005b', '2018-02-03 21:25:07', null, '2018-02-03 21:25:07', '0', null, '西安xxx有限公司', '厨师41', null, 'ff80818161423fef0161424514870051', null, null, null, '1', '40', null), ('ff808181615bc49301615bd786d0005d', '2018-02-03 21:25:07', null, '2018-02-03 21:25:07', '0', null, '西安xxx有限公司', '厨师42', null, 'ff80818161423fef01614245148b0053', null, null, null, '1', '40', null), ('ff808181615bc49301615bd786d7005f', '2018-02-03 21:25:07', null, '2018-02-03 21:25:07', '0', null, '西安xxx有限公司', '厨师43', null, 'ff80818161423fef0161424514900055', null, null, null, '1', '40', null), ('ff808181615bc49301615bd786de0061', '2018-02-03 21:25:07', null, '2018-02-03 21:25:07', '0', null, '西安xxx有限公司', '厨师44', null, 'ff80818161423fef0161424514940057', null, null, null, '1', '40', null), ('ff808181615bc49301615bd786e50063', '2018-02-03 21:25:07', null, '2018-02-03 21:25:07', '0', null, '西安xxx有限公司', '厨师45', null, 'ff80818161423fef0161424514990059', null, null, null, '1', '40', null), ('ff808181615bc49301615bd786ed0065', '2018-02-03 21:25:07', null, '2018-02-03 21:25:07', '0', null, '西安xxx有限公司', '厨师46', null, 'ff80818161423fef01614245149e005b', null, null, null, '1', '40', null), ('ff808181615bc49301615bd786f40067', '2018-02-03 21:25:07', null, '2018-02-03 21:25:07', '0', null, '西安xxx有限公司', '厨师47', null, 'ff80818161423fef0161424514a2005d', null, null, null, '1', '40', null), ('ff808181615bc49301615bd786fb0069', '2018-02-03 21:25:07', null, '2018-02-03 21:25:07', '0', null, '西安xxx有限公司', '厨师48', null, 'ff80818161423fef0161424514a6005f', null, null, null, '1', '40', null), ('ff808181615bc49301615bd78701006b', '2018-02-03 21:25:07', null, '2018-02-03 21:25:07', '0', null, '西安xxx有限公司', '厨师49', null, 'ff80818161423fef0161424514ab0061', null, null, null, '1', '40', null), ('ff808181615bc49301615bd78707006d', '2018-02-03 21:25:07', null, '2018-02-03 21:25:07', '0', null, '西安xxx有限公司', '厨师50', null, 'ff80818161423fef0161424514af0063', null, null, null, '1', '40', null), ('ff80818161881e44016188ecc86b0007', '2018-02-12 15:31:15', '0', '2018-02-12 15:31:15', '0', 'ff80818161881e44016188ec67a50004', 'mmm', 'cxxcccccccccchfhfhhf', 'ff80818161881e44016188ec9f140006', 'ff80818161423fef0161424513b00001', null, null, null, null, '30', null), ('ff8081816189433f01618945da3a0002', '2018-02-12 17:08:32', '0', '2018-02-13 12:18:45', '6', 'ff8081816189433f01618944c8d60000', 'mmm', 'cxxcccccccccchfhfhhf', 'ff8081816189433f0161894570a20001', 'ff80818161423fef0161424513b00001', null, null, null, null, '10', 'ff80818161423fef0161424513b00001'), ('ff808181618a4cd001618a5137b40000', '2018-02-12 22:00:34', '0', '2018-02-12 22:00:34', '11', 'ff808181615bc49301615bdd78870070', '西安xxx有限公司', '厨师4', 'ff808181615bc49301615bdd938c0071', 'ff80818161423fef0161424513c10007', '2018-02-22 00:00:00', '201802220076', '08:30-09:00', '1', '50', 'ff80818161423fef0161424513b00001'), ('ff808181618a4cd001618a557a000001', '2018-02-12 22:05:13', '0', '2018-02-12 22:05:13', '27', 'ff808181615bc49301615bdd78870070', '西安xxx有限公司', '厨师4', 'ff808181615bc49301615bdd938c0071', 'ff80818161423fef0161424513c10007', '2018-02-24 00:00:00', '201802240301', '10:00-10:30', '1', '50', 'ff80818161423fef0161424513b00001'), ('ff808181618da57701618da5ed420000', '2018-02-13 13:31:57', '0', '2018-02-13 15:15:35', '1', 'ff808181618e03f701618e04bce30000', 'mmm', 'cxxcccccccccchfhfhhf', null, 'ff80818161423fef0161424513b00001', null, '', null, '1', '0', 'ff80818161423fef0161424513b00001');
COMMIT;

-- ----------------------------
--  Table structure for `tbl_holiday`
-- ----------------------------
DROP TABLE IF EXISTS `tbl_holiday`;
CREATE TABLE `tbl_holiday` (
  `id` varchar(36) COLLATE utf8_bin NOT NULL,
  `today` datetime DEFAULT NULL,
  `year` varchar(4) COLLATE utf8_bin DEFAULT NULL,
  `week` varchar(255) COLLATE utf8_bin DEFAULT NULL,
  `holiday` varchar(1) CHARACTER SET utf8 DEFAULT '0',
  `description` varchar(255) CHARACTER SET utf8 DEFAULT NULL,
  PRIMARY KEY (`id`)
) ENGINE=InnoDB DEFAULT CHARSET=utf8 COLLATE=utf8_bin;

-- ----------------------------
--  Records of `tbl_holiday`
-- ----------------------------
BEGIN;
INSERT INTO `tbl_holiday` VALUES ('515eef5c-03ce-11e8-9664-a4c494befaeb', '2018-01-01 00:00:00', '2018', '星期一', '1', '元旦'), ('515ef7fa-03ce-11e8-9664-a4c494befaeb', '2018-01-02 00:00:00', '2018', '星期二', '0', null), ('515ef896-03ce-11e8-9664-a4c494befaeb', '2018-01-03 00:00:00', '2018', '星期三', '0', null), ('515ef8c6-03ce-11e8-9664-a4c494befaeb', '2018-01-04 00:00:00', '2018', '星期四', '0', null), ('515ef8ec-03ce-11e8-9664-a4c494befaeb', '2018-01-05 00:00:00', '2018', '星期五', '0', null), ('515ef90f-03ce-11e8-9664-a4c494befaeb', '2018-01-06 00:00:00', '2018', '星期六', '1', '周末'), ('515ef937-03ce-11e8-9664-a4c494befaeb', '2018-01-07 00:00:00', '2018', '星期天', '1', '周末'), ('515ef957-03ce-11e8-9664-a4c494befaeb', '2018-01-08 00:00:00', '2018', '星期一', '0', null), ('515ef982-03ce-11e8-9664-a4c494befaeb', '2018-01-09 00:00:00', '2018', '星期二', '0', null), ('515ef9a6-03ce-11e8-9664-a4c494befaeb', '2018-01-10 00:00:00', '2018', '星期三', '0', null), ('515ef9ca-03ce-11e8-9664-a4c494befaeb', '2018-01-11 00:00:00', '2018', '星期四', '0', null), ('515ef9eb-03ce-11e8-9664-a4c494befaeb', '2018-01-12 00:00:00', '2018', '星期五', '0', null), ('515efa0d-03ce-11e8-9664-a4c494befaeb', '2018-01-13 00:00:00', '2018', '星期六', '1', '周末'), ('515efa30-03ce-11e8-9664-a4c494befaeb', '2018-01-14 00:00:00', '2018', '星期天', '1', '周末'), ('515efa57-03ce-11e8-9664-a4c494befaeb', '2018-01-15 00:00:00', '2018', '星期一', '0', null), ('515efa78-03ce-11e8-9664-a4c494befaeb', '2018-01-16 00:00:00', '2018', '星期二', '0', null), ('515efa9b-03ce-11e8-9664-a4c494befaeb', '2018-01-17 00:00:00', '2018', '星期三', '0', null), ('515efabf-03ce-11e8-9664-a4c494befaeb', '2018-01-18 00:00:00', '2018', '星期四', '0', null), ('515efae1-03ce-11e8-9664-a4c494befaeb', '2018-01-19 00:00:00', '2018', '星期五', '0', null), ('515efb02-03ce-11e8-9664-a4c494befaeb', '2018-01-20 00:00:00', '2018', '星期六', '1', '周末'), ('515efb23-03ce-11e8-9664-a4c494befaeb', '2018-01-21 00:00:00', '2018', '星期天', '1', '周末'), ('515efb44-03ce-11e8-9664-a4c494befaeb', '2018-01-22 00:00:00', '2018', '星期一', '0', null), ('515efb65-03ce-11e8-9664-a4c494befaeb', '2018-01-23 00:00:00', '2018', '星期二', '0', null), ('515efb85-03ce-11e8-9664-a4c494befaeb', '2018-01-24 00:00:00', '2018', '星期三', '0', null), ('515efba7-03ce-11e8-9664-a4c494befaeb', '2018-01-25 00:00:00', '2018', '星期四', '0', null), ('515efbc8-03ce-11e8-9664-a4c494befaeb', '2018-01-26 00:00:00', '2018', '星期五', '0', null), ('515efbea-03ce-11e8-9664-a4c494befaeb', '2018-01-27 00:00:00', '2018', '星期六', '1', '周末'), ('515efc0b-03ce-11e8-9664-a4c494befaeb', '2018-01-28 00:00:00', '2018', '星期天', '1', '周末'), ('515efc2d-03ce-11e8-9664-a4c494befaeb', '2018-01-29 00:00:00', '2018', '星期一', '0', null), ('515efc4e-03ce-11e8-9664-a4c494befaeb', '2018-01-30 00:00:00', '2018', '星期二', '0', null), ('515efc70-03ce-11e8-9664-a4c494befaeb', '2018-01-31 00:00:00', '2018', '星期三', '0', null), ('515efc8f-03ce-11e8-9664-a4c494befaeb', '2018-02-01 00:00:00', '2018', '星期四', '0', null), ('515efcb2-03ce-11e8-9664-a4c494befaeb', '2018-02-02 00:00:00', '2018', '星期五', '0', null), ('515efcd4-03ce-11e8-9664-a4c494befaeb', '2018-02-03 00:00:00', '2018', '星期六', '1', '周末'), ('515efcf6-03ce-11e8-9664-a4c494befaeb', '2018-02-04 00:00:00', '2018', '星期天', '1', '周末'), ('515efd16-03ce-11e8-9664-a4c494befaeb', '2018-02-05 00:00:00', '2018', '星期一', '0', null), ('515efd38-03ce-11e8-9664-a4c494befaeb', '2018-02-06 00:00:00', '2018', '星期二', '0', null), ('515efd59-03ce-11e8-9664-a4c494befaeb', '2018-02-07 00:00:00', '2018', '星期三', '0', null), ('515efd79-03ce-11e8-9664-a4c494befaeb', '2018-02-08 00:00:00', '2018', '星期四', '0', null), ('515efe0b-03ce-11e8-9664-a4c494befaeb', '2018-02-09 00:00:00', '2018', '星期五', '0', null), ('515efe5a-03ce-11e8-9664-a4c494befaeb', '2018-02-10 00:00:00', '2018', '星期六', '1', '周末'), ('515efea7-03ce-11e8-9664-a4c494befaeb', '2018-02-11 00:00:00', '2018', '星期天', '0', '上班'), ('515efec7-03ce-11e8-9664-a4c494befaeb', '2018-02-12 00:00:00', '2018', '星期一', '0', null), ('515efee8-03ce-11e8-9664-a4c494befaeb', '2018-02-13 00:00:00', '2018', '星期二', '0', null), ('515eff09-03ce-11e8-9664-a4c494befaeb', '2018-02-14 00:00:00', '2018', '星期三', '1', '春节前一天不可预约'), ('515eff2a-03ce-11e8-9664-a4c494befaeb', '2018-02-15 00:00:00', '2018', '星期四', '1', '春节'), ('515eff4a-03ce-11e8-9664-a4c494befaeb', '2018-02-16 00:00:00', '2018', '星期五', '1', '春节'), ('515eff6a-03ce-11e8-9664-a4c494befaeb', '2018-02-17 00:00:00', '2018', '星期六', '1', '周末+春节'), ('515eff8b-03ce-11e8-9664-a4c494befaeb', '2018-02-18 00:00:00', '2018', '星期天', '1', '周末+春节'), ('515effab-03ce-11e8-9664-a4c494befaeb', '2018-02-19 00:00:00', '2018', '星期一', '1', '春节'), ('515effcc-03ce-11e8-9664-a4c494befaeb', '2018-02-20 00:00:00', '2018', '星期二', '1', '春节'), ('515effec-03ce-11e8-9664-a4c494befaeb', '2018-02-21 00:00:00', '2018', '星期三', '1', '春节'), ('515f000e-03ce-11e8-9664-a4c494befaeb', '2018-02-22 00:00:00', '2018', '星期四', '0', null), ('515f002f-03ce-11e8-9664-a4c494befaeb', '2018-02-23 00:00:00', '2018', '星期五', '0', null), ('515f004e-03ce-11e8-9664-a4c494befaeb', '2018-02-24 00:00:00', '2018', '星期六', '0', '周末+上班'), ('515f006e-03ce-11e8-9664-a4c494befaeb', '2018-02-25 00:00:00', '2018', '星期天', '1', '周末'), ('515f008f-03ce-11e8-9664-a4c494befaeb', '2018-02-26 00:00:00', '2018', '星期一', '0', null), ('515f00af-03ce-11e8-9664-a4c494befaeb', '2018-02-27 00:00:00', '2018', '星期二', '0', null), ('515f00ce-03ce-11e8-9664-a4c494befaeb', '2018-02-28 00:00:00', '2018', '星期三', '0', null), ('515f00ee-03ce-11e8-9664-a4c494befaeb', '2018-03-01 00:00:00', '2018', '星期四', '0', null), ('515f010f-03ce-11e8-9664-a4c494befaeb', '2018-03-02 00:00:00', '2018', '星期五', '0', null), ('515f012f-03ce-11e8-9664-a4c494befaeb', '2018-03-03 00:00:00', '2018', '星期六', '1', '周末'), ('515f014f-03ce-11e8-9664-a4c494befaeb', '2018-03-04 00:00:00', '2018', '星期天', '1', '周末'), ('515f0170-03ce-11e8-9664-a4c494befaeb', '2018-03-05 00:00:00', '2018', '星期一', '0', null), ('515f0191-03ce-11e8-9664-a4c494befaeb', '2018-03-06 00:00:00', '2018', '星期二', '0', null), ('515f01b2-03ce-11e8-9664-a4c494befaeb', '2018-03-07 00:00:00', '2018', '星期三', '0', null), ('515f01d1-03ce-11e8-9664-a4c494befaeb', '2018-03-08 00:00:00', '2018', '星期四', '0', null), ('515f01f2-03ce-11e8-9664-a4c494befaeb', '2018-03-09 00:00:00', '2018', '星期五', '0', null), ('515f0214-03ce-11e8-9664-a4c494befaeb', '2018-03-10 00:00:00', '2018', '星期六', '1', '周末'), ('515f0234-03ce-11e8-9664-a4c494befaeb', '2018-03-11 00:00:00', '2018', '星期天', '1', '周末'), ('515f0254-03ce-11e8-9664-a4c494befaeb', '2018-03-12 00:00:00', '2018', '星期一', '0', null), ('515f0274-03ce-11e8-9664-a4c494befaeb', '2018-03-13 00:00:00', '2018', '星期二', '0', null), ('515f0296-03ce-11e8-9664-a4c494befaeb', '2018-03-14 00:00:00', '2018', '星期三', '0', null), ('515f02fb-03ce-11e8-9664-a4c494befaeb', '2018-03-15 00:00:00', '2018', '星期四', '0', null), ('515f0320-03ce-11e8-9664-a4c494befaeb', '2018-03-16 00:00:00', '2018', '星期五', '0', null), ('515f0340-03ce-11e8-9664-a4c494befaeb', '2018-03-17 00:00:00', '2018', '星期六', '1', '周末'), ('515f03b5-03ce-11e8-9664-a4c494befaeb', '2018-03-18 00:00:00', '2018', '星期天', '1', '周末'), ('515f03da-03ce-11e8-9664-a4c494befaeb', '2018-03-19 00:00:00', '2018', '星期一', '0', null), ('515f03fb-03ce-11e8-9664-a4c494befaeb', '2018-03-20 00:00:00', '2018', '星期二', '0', null), ('515f041c-03ce-11e8-9664-a4c494befaeb', '2018-03-21 00:00:00', '2018', '星期三', '0', null), ('515f0441-03ce-11e8-9664-a4c494befaeb', '2018-03-22 00:00:00', '2018', '星期四', '0', null), ('515f0465-03ce-11e8-9664-a4c494befaeb', '2018-03-23 00:00:00', '2018', '星期五', '0', null), ('515f0487-03ce-11e8-9664-a4c494befaeb', '2018-03-24 00:00:00', '2018', '星期六', '1', '周末'), ('515f04a9-03ce-11e8-9664-a4c494befaeb', '2018-03-25 00:00:00', '2018', '星期天', '1', '周末'), ('515f04cb-03ce-11e8-9664-a4c494befaeb', '2018-03-26 00:00:00', '2018', '星期一', '0', null), ('515f052f-03ce-11e8-9664-a4c494befaeb', '2018-03-27 00:00:00', '2018', '星期二', '0', null), ('515f0557-03ce-11e8-9664-a4c494befaeb', '2018-03-28 00:00:00', '2018', '星期三', '0', null), ('515f057e-03ce-11e8-9664-a4c494befaeb', '2018-03-29 00:00:00', '2018', '星期四', '0', null), ('515f05a1-03ce-11e8-9664-a4c494befaeb', '2018-03-30 00:00:00', '2018', '星期五', '0', null), ('515f05c2-03ce-11e8-9664-a4c494befaeb', '2018-03-31 00:00:00', '2018', '星期六', '1', '周末'), ('515f05e5-03ce-11e8-9664-a4c494befaeb', '2018-04-01 00:00:00', '2018', '星期天', '1', '周末'), ('515f060b-03ce-11e8-9664-a4c494befaeb', '2018-04-02 00:00:00', '2018', '星期一', '0', null), ('515f062f-03ce-11e8-9664-a4c494befaeb', '2018-04-03 00:00:00', '2018', '星期二', '0', null), ('515f0650-03ce-11e8-9664-a4c494befaeb', '2018-04-04 00:00:00', '2018', '星期三', '0', null), ('515f0673-03ce-11e8-9664-a4c494befaeb', '2018-04-05 00:00:00', '2018', '星期四', '1', '清明节'), ('515f06b6-03ce-11e8-9664-a4c494befaeb', '2018-04-06 00:00:00', '2018', '星期五', '1', '清明节'), ('515f06da-03ce-11e8-9664-a4c494befaeb', '2018-04-07 00:00:00', '2018', '星期六', '1', '周末+清明节'), ('515f06fd-03ce-11e8-9664-a4c494befaeb', '2018-04-08 00:00:00', '2018', '星期天', '0', '周末+上班'), ('515f071f-03ce-11e8-9664-a4c494befaeb', '2018-04-09 00:00:00', '2018', '星期一', '0', null), ('515f0743-03ce-11e8-9664-a4c494befaeb', '2018-04-10 00:00:00', '2018', '星期二', '0', null), ('515f0768-03ce-11e8-9664-a4c494befaeb', '2018-04-11 00:00:00', '2018', '星期三', '0', null), ('515f078a-03ce-11e8-9664-a4c494befaeb', '2018-04-12 00:00:00', '2018', '星期四', '0', null), ('515f07af-03ce-11e8-9664-a4c494befaeb', '2018-04-13 00:00:00', '2018', '星期五', '0', null), ('515f07cf-03ce-11e8-9664-a4c494befaeb', '2018-04-14 00:00:00', '2018', '星期六', '1', '周末'), ('515f07f0-03ce-11e8-9664-a4c494befaeb', '2018-04-15 00:00:00', '2018', '星期天', '1', '周末'), ('515f0811-03ce-11e8-9664-a4c494befaeb', '2018-04-16 00:00:00', '2018', '星期一', '0', null), ('515f0831-03ce-11e8-9664-a4c494befaeb', '2018-04-17 00:00:00', '2018', '星期二', '0', null), ('515f0852-03ce-11e8-9664-a4c494befaeb', '2018-04-18 00:00:00', '2018', '星期三', '0', null), ('515f0873-03ce-11e8-9664-a4c494befaeb', '2018-04-19 00:00:00', '2018', '星期四', '0', null), ('515f0894-03ce-11e8-9664-a4c494befaeb', '2018-04-20 00:00:00', '2018', '星期五', '0', null), ('515f08b4-03ce-11e8-9664-a4c494befaeb', '2018-04-21 00:00:00', '2018', '星期六', '1', '周末'), ('515f08d5-03ce-11e8-9664-a4c494befaeb', '2018-04-22 00:00:00', '2018', '星期天', '1', '周末'), ('515f08f6-03ce-11e8-9664-a4c494befaeb', '2018-04-23 00:00:00', '2018', '星期一', '0', null), ('515f0917-03ce-11e8-9664-a4c494befaeb', '2018-04-24 00:00:00', '2018', '星期二', '0', null), ('515f0937-03ce-11e8-9664-a4c494befaeb', '2018-04-25 00:00:00', '2018', '星期三', '0', null), ('515f0958-03ce-11e8-9664-a4c494befaeb', '2018-04-26 00:00:00', '2018', '星期四', '0', null), ('515f0979-03ce-11e8-9664-a4c494befaeb', '2018-04-27 00:00:00', '2018', '星期五', '0', null), ('515f0999-03ce-11e8-9664-a4c494befaeb', '2018-04-28 00:00:00', '2018', '星期六', '0', '周末+上班'), ('515f09b9-03ce-11e8-9664-a4c494befaeb', '2018-04-29 00:00:00', '2018', '星期天', '1', '周末+劳动节'), ('515f09d9-03ce-11e8-9664-a4c494befaeb', '2018-04-30 00:00:00', '2018', '星期一', '1', '劳动节'), ('515f09fa-03ce-11e8-9664-a4c494befaeb', '2018-05-01 00:00:00', '2018', '星期二', '1', '劳动节'), ('515f0a1a-03ce-11e8-9664-a4c494befaeb', '2018-05-02 00:00:00', '2018', '星期三', '0', null), ('515f0a39-03ce-11e8-9664-a4c494befaeb', '2018-05-03 00:00:00', '2018', '星期四', '0', null), ('515f0a59-03ce-11e8-9664-a4c494befaeb', '2018-05-04 00:00:00', '2018', '星期五', '0', null), ('515f0a7f-03ce-11e8-9664-a4c494befaeb', '2018-05-05 00:00:00', '2018', '星期六', '1', '周末'), ('515f0a9f-03ce-11e8-9664-a4c494befaeb', '2018-05-06 00:00:00', '2018', '星期天', '1', '周末'), ('515f0abf-03ce-11e8-9664-a4c494befaeb', '2018-05-07 00:00:00', '2018', '星期一', '0', null), ('515f0ade-03ce-11e8-9664-a4c494befaeb', '2018-05-08 00:00:00', '2018', '星期二', '0', null), ('515f0aff-03ce-11e8-9664-a4c494befaeb', '2018-05-09 00:00:00', '2018', '星期三', '0', null), ('515f0b1f-03ce-11e8-9664-a4c494befaeb', '2018-05-10 00:00:00', '2018', '星期四', '0', null), ('515f0b3f-03ce-11e8-9664-a4c494befaeb', '2018-05-11 00:00:00', '2018', '星期五', '0', null), ('515f0b5e-03ce-11e8-9664-a4c494befaeb', '2018-05-12 00:00:00', '2018', '星期六', '1', '周末'), ('515f0b7e-03ce-11e8-9664-a4c494befaeb', '2018-05-13 00:00:00', '2018', '星期天', '1', '周末'), ('515f0b9d-03ce-11e8-9664-a4c494befaeb', '2018-05-14 00:00:00', '2018', '星期一', '0', null), ('515f0bbd-03ce-11e8-9664-a4c494befaeb', '2018-05-15 00:00:00', '2018', '星期二', '0', null), ('515f0bdc-03ce-11e8-9664-a4c494befaeb', '2018-05-16 00:00:00', '2018', '星期三', '0', null), ('515f0bfd-03ce-11e8-9664-a4c494befaeb', '2018-05-17 00:00:00', '2018', '星期四', '0', null), ('515f0c1d-03ce-11e8-9664-a4c494befaeb', '2018-05-18 00:00:00', '2018', '星期五', '0', null), ('515f0c3d-03ce-11e8-9664-a4c494befaeb', '2018-05-19 00:00:00', '2018', '星期六', '1', '周末'), ('515f0c5b-03ce-11e8-9664-a4c494befaeb', '2018-05-20 00:00:00', '2018', '星期天', '1', '周末'), ('515f0c7c-03ce-11e8-9664-a4c494befaeb', '2018-05-21 00:00:00', '2018', '星期一', '0', null), ('515f0c9c-03ce-11e8-9664-a4c494befaeb', '2018-05-22 00:00:00', '2018', '星期二', '0', null), ('515f0cbb-03ce-11e8-9664-a4c494befaeb', '2018-05-23 00:00:00', '2018', '星期三', '0', null), ('515f0cda-03ce-11e8-9664-a4c494befaeb', '2018-05-24 00:00:00', '2018', '星期四', '0', null), ('515f0cfa-03ce-11e8-9664-a4c494befaeb', '2018-05-25 00:00:00', '2018', '星期五', '0', null), ('515f0d1a-03ce-11e8-9664-a4c494befaeb', '2018-05-26 00:00:00', '2018', '星期六', '1', '周末'), ('515f0d39-03ce-11e8-9664-a4c494befaeb', '2018-05-27 00:00:00', '2018', '星期天', '1', '周末'), ('515f0dc2-03ce-11e8-9664-a4c494befaeb', '2018-05-28 00:00:00', '2018', '星期一', '0', null), ('515f0de8-03ce-11e8-9664-a4c494befaeb', '2018-05-29 00:00:00', '2018', '星期二', '0', null), ('515f0e07-03ce-11e8-9664-a4c494befaeb', '2018-05-30 00:00:00', '2018', '星期三', '0', null), ('515f0e27-03ce-11e8-9664-a4c494befaeb', '2018-05-31 00:00:00', '2018', '星期四', '0', null), ('515f0e48-03ce-11e8-9664-a4c494befaeb', '2018-06-01 00:00:00', '2018', '星期五', '0', null), ('515f0e69-03ce-11e8-9664-a4c494befaeb', '2018-06-02 00:00:00', '2018', '星期六', '1', '周末'), ('515f0e8d-03ce-11e8-9664-a4c494befaeb', '2018-06-03 00:00:00', '2018', '星期天', '1', '周末'), ('515f0eac-03ce-11e8-9664-a4c494befaeb', '2018-06-04 00:00:00', '2018', '星期一', '0', null), ('515f0ecb-03ce-11e8-9664-a4c494befaeb', '2018-06-05 00:00:00', '2018', '星期二', '0', null), ('515f0eeb-03ce-11e8-9664-a4c494befaeb', '2018-06-06 00:00:00', '2018', '星期三', '0', null), ('515f0f0c-03ce-11e8-9664-a4c494befaeb', '2018-06-07 00:00:00', '2018', '星期四', '0', null), ('515f0f2c-03ce-11e8-9664-a4c494befaeb', '2018-06-08 00:00:00', '2018', '星期五', '0', null), ('515f0f60-03ce-11e8-9664-a4c494befaeb', '2018-06-09 00:00:00', '2018', '星期六', '1', '周末'), ('515f0f80-03ce-11e8-9664-a4c494befaeb', '2018-06-10 00:00:00', '2018', '星期天', '1', '周末'), ('515f0fa9-03ce-11e8-9664-a4c494befaeb', '2018-06-11 00:00:00', '2018', '星期一', '0', null), ('515f0fca-03ce-11e8-9664-a4c494befaeb', '2018-06-12 00:00:00', '2018', '星期二', '0', null), ('515f0fe8-03ce-11e8-9664-a4c494befaeb', '2018-06-13 00:00:00', '2018', '星期三', '0', null), ('515f1008-03ce-11e8-9664-a4c494befaeb', '2018-06-14 00:00:00', '2018', '星期四', '0', null), ('515f1028-03ce-11e8-9664-a4c494befaeb', '2018-06-15 00:00:00', '2018', '星期五', '0', null), ('515f1047-03ce-11e8-9664-a4c494befaeb', '2018-06-16 00:00:00', '2018', '星期六', '1', '周末+端午节'), ('515f1065-03ce-11e8-9664-a4c494befaeb', '2018-06-17 00:00:00', '2018', '星期天', '1', '周末+端午节'), ('515f1085-03ce-11e8-9664-a4c494befaeb', '2018-06-18 00:00:00', '2018', '星期一', '1', '端午节'), ('515f10a5-03ce-11e8-9664-a4c494befaeb', '2018-06-19 00:00:00', '2018', '星期二', '0', null), ('515f10c4-03ce-11e8-9664-a4c494befaeb', '2018-06-20 00:00:00', '2018', '星期三', '0', null), ('515f10e2-03ce-11e8-9664-a4c494befaeb', '2018-06-21 00:00:00', '2018', '星期四', '0', null), ('515f1102-03ce-11e8-9664-a4c494befaeb', '2018-06-22 00:00:00', '2018', '星期五', '0', null), ('515f1122-03ce-11e8-9664-a4c494befaeb', '2018-06-23 00:00:00', '2018', '星期六', '1', '周末'), ('515f1141-03ce-11e8-9664-a4c494befaeb', '2018-06-24 00:00:00', '2018', '星期天', '1', '周末'), ('515f1171-03ce-11e8-9664-a4c494befaeb', '2018-06-25 00:00:00', '2018', '星期一', '0', null), ('515f1192-03ce-11e8-9664-a4c494befaeb', '2018-06-26 00:00:00', '2018', '星期二', '0', null), ('515f11b3-03ce-11e8-9664-a4c494befaeb', '2018-06-27 00:00:00', '2018', '星期三', '0', null), ('515f11d2-03ce-11e8-9664-a4c494befaeb', '2018-06-28 00:00:00', '2018', '星期四', '0', null), ('515f11f1-03ce-11e8-9664-a4c494befaeb', '2018-06-29 00:00:00', '2018', '星期五', '0', null), ('515f1211-03ce-11e8-9664-a4c494befaeb', '2018-06-30 00:00:00', '2018', '星期六', '1', '周末'), ('515f1231-03ce-11e8-9664-a4c494befaeb', '2018-07-01 00:00:00', '2018', '星期天', '1', '周末'), ('515f1250-03ce-11e8-9664-a4c494befaeb', '2018-07-02 00:00:00', '2018', '星期一', '0', null), ('515f126f-03ce-11e8-9664-a4c494befaeb', '2018-07-03 00:00:00', '2018', '星期二', '0', null), ('515f128f-03ce-11e8-9664-a4c494befaeb', '2018-07-04 00:00:00', '2018', '星期三', '0', null), ('515f12b0-03ce-11e8-9664-a4c494befaeb', '2018-07-05 00:00:00', '2018', '星期四', '0', null), ('515f12cf-03ce-11e8-9664-a4c494befaeb', '2018-07-06 00:00:00', '2018', '星期五', '0', null), ('515f12ee-03ce-11e8-9664-a4c494befaeb', '2018-07-07 00:00:00', '2018', '星期六', '1', '周末'), ('515f130f-03ce-11e8-9664-a4c494befaeb', '2018-07-08 00:00:00', '2018', '星期天', '1', '周末'), ('515f1330-03ce-11e8-9664-a4c494befaeb', '2018-07-09 00:00:00', '2018', '星期一', '0', null), ('515f134f-03ce-11e8-9664-a4c494befaeb', '2018-07-10 00:00:00', '2018', '星期二', '0', null), ('515f1371-03ce-11e8-9664-a4c494befaeb', '2018-07-11 00:00:00', '2018', '星期三', '0', null), ('515f13a7-03ce-11e8-9664-a4c494befaeb', '2018-07-12 00:00:00', '2018', '星期四', '0', null), ('515f13d8-03ce-11e8-9664-a4c494befaeb', '2018-07-13 00:00:00', '2018', '星期五', '0', null), ('515f140e-03ce-11e8-9664-a4c494befaeb', '2018-07-14 00:00:00', '2018', '星期六', '1', '周末'), ('515f1440-03ce-11e8-9664-a4c494befaeb', '2018-07-15 00:00:00', '2018', '星期天', '1', '周末'), ('515f1462-03ce-11e8-9664-a4c494befaeb', '2018-07-16 00:00:00', '2018', '星期一', '0', null), ('515f14f0-03ce-11e8-9664-a4c494befaeb', '2018-07-17 00:00:00', '2018', '星期二', '0', null), ('515f1516-03ce-11e8-9664-a4c494befaeb', '2018-07-18 00:00:00', '2018', '星期三', '0', null), ('515f1534-03ce-11e8-9664-a4c494befaeb', '2018-07-19 00:00:00', '2018', '星期四', '0', null), ('515f1554-03ce-11e8-9664-a4c494befaeb', '2018-07-20 00:00:00', '2018', '星期五', '0', null), ('515f1573-03ce-11e8-9664-a4c494befaeb', '2018-07-21 00:00:00', '2018', '星期六', '1', '周末'), ('515f1592-03ce-11e8-9664-a4c494befaeb', '2018-07-22 00:00:00', '2018', '星期天', '1', '周末'), ('515f15b0-03ce-11e8-9664-a4c494befaeb', '2018-07-23 00:00:00', '2018', '星期一', '0', null), ('515f1636-03ce-11e8-9664-a4c494befaeb', '2018-07-24 00:00:00', '2018', '星期二', '0', null), ('515f165d-03ce-11e8-9664-a4c494befaeb', '2018-07-25 00:00:00', '2018', '星期三', '0', null), ('515f167e-03ce-11e8-9664-a4c494befaeb', '2018-07-26 00:00:00', '2018', '星期四', '0', null), ('515f169c-03ce-11e8-9664-a4c494befaeb', '2018-07-27 00:00:00', '2018', '星期五', '0', null), ('515f16bc-03ce-11e8-9664-a4c494befaeb', '2018-07-28 00:00:00', '2018', '星期六', '1', '周末'), ('515f16db-03ce-11e8-9664-a4c494befaeb', '2018-07-29 00:00:00', '2018', '星期天', '1', '周末'), ('515f16fa-03ce-11e8-9664-a4c494befaeb', '2018-07-30 00:00:00', '2018', '星期一', '0', null), ('515f1718-03ce-11e8-9664-a4c494befaeb', '2018-07-31 00:00:00', '2018', '星期二', '0', null), ('515f1739-03ce-11e8-9664-a4c494befaeb', '2018-08-01 00:00:00', '2018', '星期三', '0', null), ('515f1759-03ce-11e8-9664-a4c494befaeb', '2018-08-02 00:00:00', '2018', '星期四', '0', null), ('515f1778-03ce-11e8-9664-a4c494befaeb', '2018-08-03 00:00:00', '2018', '星期五', '0', null), ('515f1797-03ce-11e8-9664-a4c494befaeb', '2018-08-04 00:00:00', '2018', '星期六', '1', '周末'), ('515f17b8-03ce-11e8-9664-a4c494befaeb', '2018-08-05 00:00:00', '2018', '星期天', '1', '周末'), ('515f17d9-03ce-11e8-9664-a4c494befaeb', '2018-08-06 00:00:00', '2018', '星期一', '0', null), ('515f17f8-03ce-11e8-9664-a4c494befaeb', '2018-08-07 00:00:00', '2018', '星期二', '0', null), ('515f1817-03ce-11e8-9664-a4c494befaeb', '2018-08-08 00:00:00', '2018', '星期三', '0', null), ('515f1837-03ce-11e8-9664-a4c494befaeb', '2018-08-09 00:00:00', '2018', '星期四', '0', null), ('515f1857-03ce-11e8-9664-a4c494befaeb', '2018-08-10 00:00:00', '2018', '星期五', '0', null), ('515f1877-03ce-11e8-9664-a4c494befaeb', '2018-08-11 00:00:00', '2018', '星期六', '1', '周末'), ('515f1897-03ce-11e8-9664-a4c494befaeb', '2018-08-12 00:00:00', '2018', '星期天', '1', '周末'), ('515f18b6-03ce-11e8-9664-a4c494befaeb', '2018-08-13 00:00:00', '2018', '星期一', '0', null), ('515f18d6-03ce-11e8-9664-a4c494befaeb', '2018-08-14 00:00:00', '2018', '星期二', '0', null), ('515f18f4-03ce-11e8-9664-a4c494befaeb', '2018-08-15 00:00:00', '2018', '星期三', '0', null), ('515f1913-03ce-11e8-9664-a4c494befaeb', '2018-08-16 00:00:00', '2018', '星期四', '0', null), ('515f1932-03ce-11e8-9664-a4c494befaeb', '2018-08-17 00:00:00', '2018', '星期五', '0', null), ('515f1952-03ce-11e8-9664-a4c494befaeb', '2018-08-18 00:00:00', '2018', '星期六', '1', '周末'), ('515f1971-03ce-11e8-9664-a4c494befaeb', '2018-08-19 00:00:00', '2018', '星期天', '1', '周末'), ('515f1990-03ce-11e8-9664-a4c494befaeb', '2018-08-20 00:00:00', '2018', '星期一', '0', null), ('515f19af-03ce-11e8-9664-a4c494befaeb', '2018-08-21 00:00:00', '2018', '星期二', '0', null), ('515f1eec-03ce-11e8-9664-a4c494befaeb', '2018-08-22 00:00:00', '2018', '星期三', '0', null), ('515f1f40-03ce-11e8-9664-a4c494befaeb', '2018-08-23 00:00:00', '2018', '星期四', '0', null), ('515f1f69-03ce-11e8-9664-a4c494befaeb', '2018-08-24 00:00:00', '2018', '星期五', '0', null), ('515f1f90-03ce-11e8-9664-a4c494befaeb', '2018-08-25 00:00:00', '2018', '星期六', '1', '周末'), ('515f1fb5-03ce-11e8-9664-a4c494befaeb', '2018-08-26 00:00:00', '2018', '星期天', '1', '周末'), ('515f1fd8-03ce-11e8-9664-a4c494befaeb', '2018-08-27 00:00:00', '2018', '星期一', '0', null), ('515f1ff8-03ce-11e8-9664-a4c494befaeb', '2018-08-28 00:00:00', '2018', '星期二', '0', null), ('515f201a-03ce-11e8-9664-a4c494befaeb', '2018-08-29 00:00:00', '2018', '星期三', '0', null), ('515f203b-03ce-11e8-9664-a4c494befaeb', '2018-08-30 00:00:00', '2018', '星期四', '0', null), ('515f205d-03ce-11e8-9664-a4c494befaeb', '2018-08-31 00:00:00', '2018', '星期五', '0', null), ('515f207e-03ce-11e8-9664-a4c494befaeb', '2018-09-01 00:00:00', '2018', '星期六', '1', '周末'), ('515f209f-03ce-11e8-9664-a4c494befaeb', '2018-09-02 00:00:00', '2018', '星期天', '1', '周末'), ('515f20c0-03ce-11e8-9664-a4c494befaeb', '2018-09-03 00:00:00', '2018', '星期一', '0', null), ('515f20e0-03ce-11e8-9664-a4c494befaeb', '2018-09-04 00:00:00', '2018', '星期二', '0', null), ('515f2100-03ce-11e8-9664-a4c494befaeb', '2018-09-05 00:00:00', '2018', '星期三', '0', null), ('515f2123-03ce-11e8-9664-a4c494befaeb', '2018-09-06 00:00:00', '2018', '星期四', '0', null), ('515f2144-03ce-11e8-9664-a4c494befaeb', '2018-09-07 00:00:00', '2018', '星期五', '0', null), ('515f2165-03ce-11e8-9664-a4c494befaeb', '2018-09-08 00:00:00', '2018', '星期六', '1', '周末'), ('515f2184-03ce-11e8-9664-a4c494befaeb', '2018-09-09 00:00:00', '2018', '星期天', '1', '周末'), ('515f21a5-03ce-11e8-9664-a4c494befaeb', '2018-09-10 00:00:00', '2018', '星期一', '0', null), ('515f21c5-03ce-11e8-9664-a4c494befaeb', '2018-09-11 00:00:00', '2018', '星期二', '0', null), ('515f21fc-03ce-11e8-9664-a4c494befaeb', '2018-09-12 00:00:00', '2018', '星期三', '0', null), ('515f228f-03ce-11e8-9664-a4c494befaeb', '2018-09-13 00:00:00', '2018', '星期四', '0', null), ('515f22c6-03ce-11e8-9664-a4c494befaeb', '2018-09-14 00:00:00', '2018', '星期五', '0', null), ('515f22f8-03ce-11e8-9664-a4c494befaeb', '2018-09-15 00:00:00', '2018', '星期六', '1', '周末'), ('515f232a-03ce-11e8-9664-a4c494befaeb', '2018-09-16 00:00:00', '2018', '星期天', '1', '周末'), ('515f235c-03ce-11e8-9664-a4c494befaeb', '2018-09-17 00:00:00', '2018', '星期一', '0', null), ('515f238d-03ce-11e8-9664-a4c494befaeb', '2018-09-18 00:00:00', '2018', '星期二', '0', null), ('515f23be-03ce-11e8-9664-a4c494befaeb', '2018-09-19 00:00:00', '2018', '星期三', '0', null), ('515f23f4-03ce-11e8-9664-a4c494befaeb', '2018-09-20 00:00:00', '2018', '星期四', '0', null), ('515f2426-03ce-11e8-9664-a4c494befaeb', '2018-09-21 00:00:00', '2018', '星期五', '0', '中秋节'), ('515f2458-03ce-11e8-9664-a4c494befaeb', '2018-09-22 00:00:00', '2018', '星期六', '1', '周末+中秋节'), ('515f2489-03ce-11e8-9664-a4c494befaeb', '2018-09-23 00:00:00', '2018', '星期天', '1', '周末+中秋节'), ('515f24bb-03ce-11e8-9664-a4c494befaeb', '2018-09-24 00:00:00', '2018', '星期一', '1', null), ('515f24ed-03ce-11e8-9664-a4c494befaeb', '2018-09-25 00:00:00', '2018', '星期二', '0', null), ('515f251f-03ce-11e8-9664-a4c494befaeb', '2018-09-26 00:00:00', '2018', '星期三', '0', null), ('515f2551-03ce-11e8-9664-a4c494befaeb', '2018-09-27 00:00:00', '2018', '星期四', '0', null), ('515f2582-03ce-11e8-9664-a4c494befaeb', '2018-09-28 00:00:00', '2018', '星期五', '0', null), ('515f25b4-03ce-11e8-9664-a4c494befaeb', '2018-09-29 00:00:00', '2018', '星期六', '0', '周末+上班'), ('515f25e8-03ce-11e8-9664-a4c494befaeb', '2018-09-30 00:00:00', '2018', '星期天', '1', '国庆节前一天不可预约'), ('515f261a-03ce-11e8-9664-a4c494befaeb', '2018-10-01 00:00:00', '2018', '星期一', '1', '国庆节'), ('515f264b-03ce-11e8-9664-a4c494befaeb', '2018-10-02 00:00:00', '2018', '星期二', '1', '国庆节'), ('515f267c-03ce-11e8-9664-a4c494befaeb', '2018-10-03 00:00:00', '2018', '星期三', '1', '国庆节'), ('515f26ae-03ce-11e8-9664-a4c494befaeb', '2018-10-04 00:00:00', '2018', '星期四', '1', '国庆节'), ('515f26df-03ce-11e8-9664-a4c494befaeb', '2018-10-05 00:00:00', '2018', '星期五', '1', '国庆节'), ('515f2710-03ce-11e8-9664-a4c494befaeb', '2018-10-06 00:00:00', '2018', '星期六', '1', '周末+国庆节'), ('515f2741-03ce-11e8-9664-a4c494befaeb', '2018-10-07 00:00:00', '2018', '星期天', '1', '周末+国庆节'), ('515f2774-03ce-11e8-9664-a4c494befaeb', '2018-10-08 00:00:00', '2018', '星期一', '0', null), ('515f27a5-03ce-11e8-9664-a4c494befaeb', '2018-10-09 00:00:00', '2018', '星期二', '0', null), ('515f27d8-03ce-11e8-9664-a4c494befaeb', '2018-10-10 00:00:00', '2018', '星期三', '0', null), ('515f2808-03ce-11e8-9664-a4c494befaeb', '2018-10-11 00:00:00', '2018', '星期四', '0', null), ('515f283b-03ce-11e8-9664-a4c494befaeb', '2018-10-12 00:00:00', '2018', '星期五', '0', null), ('515f286c-03ce-11e8-9664-a4c494befaeb', '2018-10-13 00:00:00', '2018', '星期六', '1', '周末'), ('515f289f-03ce-11e8-9664-a4c494befaeb', '2018-10-14 00:00:00', '2018', '星期天', '1', '周末'), ('515f28cf-03ce-11e8-9664-a4c494befaeb', '2018-10-15 00:00:00', '2018', '星期一', '0', null), ('515f2902-03ce-11e8-9664-a4c494befaeb', '2018-10-16 00:00:00', '2018', '星期二', '0', null), ('515f2934-03ce-11e8-9664-a4c494befaeb', '2018-10-17 00:00:00', '2018', '星期三', '0', null), ('515f2967-03ce-11e8-9664-a4c494befaeb', '2018-10-18 00:00:00', '2018', '星期四', '0', null), ('515f2998-03ce-11e8-9664-a4c494befaeb', '2018-10-19 00:00:00', '2018', '星期五', '0', null), ('515f29ca-03ce-11e8-9664-a4c494befaeb', '2018-10-20 00:00:00', '2018', '星期六', '1', '周末'), ('515f29fc-03ce-11e8-9664-a4c494befaeb', '2018-10-21 00:00:00', '2018', '星期天', '1', '周末'), ('515f2a31-03ce-11e8-9664-a4c494befaeb', '2018-10-22 00:00:00', '2018', '星期一', '0', null), ('515f2a63-03ce-11e8-9664-a4c494befaeb', '2018-10-23 00:00:00', '2018', '星期二', '0', null), ('515f2a94-03ce-11e8-9664-a4c494befaeb', '2018-10-24 00:00:00', '2018', '星期三', '0', null), ('515f2ac6-03ce-11e8-9664-a4c494befaeb', '2018-10-25 00:00:00', '2018', '星期四', '0', null), ('515f2af7-03ce-11e8-9664-a4c494befaeb', '2018-10-26 00:00:00', '2018', '星期五', '0', null), ('515f2b26-03ce-11e8-9664-a4c494befaeb', '2018-10-27 00:00:00', '2018', '星期六', '1', '周末'), ('515f2b59-03ce-11e8-9664-a4c494befaeb', '2018-10-28 00:00:00', '2018', '星期天', '1', '周末'), ('515f2b8a-03ce-11e8-9664-a4c494befaeb', '2018-10-29 00:00:00', '2018', '星期一', '0', null), ('515f2bbc-03ce-11e8-9664-a4c494befaeb', '2018-10-30 00:00:00', '2018', '星期二', '0', null), ('515f2bed-03ce-11e8-9664-a4c494befaeb', '2018-10-31 00:00:00', '2018', '星期三', '0', null), ('515f2c1f-03ce-11e8-9664-a4c494befaeb', '2018-11-01 00:00:00', '2018', '星期四', '0', null), ('515f2c51-03ce-11e8-9664-a4c494befaeb', '2018-11-02 00:00:00', '2018', '星期五', '0', null), ('515f2c82-03ce-11e8-9664-a4c494befaeb', '2018-11-03 00:00:00', '2018', '星期六', '1', '周末'), ('515f2cb3-03ce-11e8-9664-a4c494befaeb', '2018-11-04 00:00:00', '2018', '星期天', '1', '周末'), ('515f2ce4-03ce-11e8-9664-a4c494befaeb', '2018-11-05 00:00:00', '2018', '星期一', '0', null), ('515f2d15-03ce-11e8-9664-a4c494befaeb', '2018-11-06 00:00:00', '2018', '星期二', '0', null), ('515f2d46-03ce-11e8-9664-a4c494befaeb', '2018-11-07 00:00:00', '2018', '星期三', '0', null), ('515f2d77-03ce-11e8-9664-a4c494befaeb', '2018-11-08 00:00:00', '2018', '星期四', '0', null), ('515f2da9-03ce-11e8-9664-a4c494befaeb', '2018-11-09 00:00:00', '2018', '星期五', '0', null), ('515f2ddb-03ce-11e8-9664-a4c494befaeb', '2018-11-10 00:00:00', '2018', '星期六', '1', '周末'), ('515f2e0d-03ce-11e8-9664-a4c494befaeb', '2018-11-11 00:00:00', '2018', '星期天', '1', '周末'), ('515f2e3d-03ce-11e8-9664-a4c494befaeb', '2018-11-12 00:00:00', '2018', '星期一', '0', null), ('515f2e70-03ce-11e8-9664-a4c494befaeb', '2018-11-13 00:00:00', '2018', '星期二', '0', null), ('515f2ea2-03ce-11e8-9664-a4c494befaeb', '2018-11-14 00:00:00', '2018', '星期三', '0', null), ('515f2ed2-03ce-11e8-9664-a4c494befaeb', '2018-11-15 00:00:00', '2018', '星期四', '0', null), ('515f2f04-03ce-11e8-9664-a4c494befaeb', '2018-11-16 00:00:00', '2018', '星期五', '0', null), ('515f2f36-03ce-11e8-9664-a4c494befaeb', '2018-11-17 00:00:00', '2018', '星期六', '1', '周末'), ('515f2f67-03ce-11e8-9664-a4c494befaeb', '2018-11-18 00:00:00', '2018', '星期天', '1', '周末'), ('515f2f98-03ce-11e8-9664-a4c494befaeb', '2018-11-19 00:00:00', '2018', '星期一', '0', null), ('515f2fca-03ce-11e8-9664-a4c494befaeb', '2018-11-20 00:00:00', '2018', '星期二', '0', null), ('515f2ffd-03ce-11e8-9664-a4c494befaeb', '2018-11-21 00:00:00', '2018', '星期三', '0', null), ('515f302e-03ce-11e8-9664-a4c494befaeb', '2018-11-22 00:00:00', '2018', '星期四', '0', null), ('515f3060-03ce-11e8-9664-a4c494befaeb', '2018-11-23 00:00:00', '2018', '星期五', '0', null), ('515ff5bb-03ce-11e8-9664-a4c494befaeb', '2018-11-24 00:00:00', '2018', '星期六', '1', '周末'), ('515ff65f-03ce-11e8-9664-a4c494befaeb', '2018-11-25 00:00:00', '2018', '星期天', '1', '周末'), ('515ff69a-03ce-11e8-9664-a4c494befaeb', '2018-11-26 00:00:00', '2018', '星期一', '0', null), ('515ff6cc-03ce-11e8-9664-a4c494befaeb', '2018-11-27 00:00:00', '2018', '星期二', '0', null), ('515ff6ff-03ce-11e8-9664-a4c494befaeb', '2018-11-28 00:00:00', '2018', '星期三', '0', null), ('515ff733-03ce-11e8-9664-a4c494befaeb', '2018-11-29 00:00:00', '2018', '星期四', '0', null), ('515ff765-03ce-11e8-9664-a4c494befaeb', '2018-11-30 00:00:00', '2018', '星期五', '0', null), ('515ff797-03ce-11e8-9664-a4c494befaeb', '2018-12-01 00:00:00', '2018', '星期六', '1', '周末'), ('515ff7c9-03ce-11e8-9664-a4c494befaeb', '2018-12-02 00:00:00', '2018', '星期天', '1', '周末'), ('515ff7fc-03ce-11e8-9664-a4c494befaeb', '2018-12-03 00:00:00', '2018', '星期一', '0', null), ('515ff82d-03ce-11e8-9664-a4c494befaeb', '2018-12-04 00:00:00', '2018', '星期二', '0', null), ('515ff861-03ce-11e8-9664-a4c494befaeb', '2018-12-05 00:00:00', '2018', '星期三', '0', null), ('515ff895-03ce-11e8-9664-a4c494befaeb', '2018-12-06 00:00:00', '2018', '星期四', '0', null), ('515ff8c8-03ce-11e8-9664-a4c494befaeb', '2018-12-07 00:00:00', '2018', '星期五', '0', null), ('515ff8fa-03ce-11e8-9664-a4c494befaeb', '2018-12-08 00:00:00', '2018', '星期六', '1', '周末'), ('515ff92b-03ce-11e8-9664-a4c494befaeb', '2018-12-09 00:00:00', '2018', '星期天', '1', '周末'), ('515ff95d-03ce-11e8-9664-a4c494befaeb', '2018-12-10 00:00:00', '2018', '星期一', '0', null), ('515ff98f-03ce-11e8-9664-a4c494befaeb', '2018-12-11 00:00:00', '2018', '星期二', '0', null), ('515ff9c0-03ce-11e8-9664-a4c494befaeb', '2018-12-12 00:00:00', '2018', '星期三', '0', null), ('515ff9f4-03ce-11e8-9664-a4c494befaeb', '2018-12-13 00:00:00', '2018', '星期四', '0', null), ('515ffa25-03ce-11e8-9664-a4c494befaeb', '2018-12-14 00:00:00', '2018', '星期五', '0', null), ('515ffa58-03ce-11e8-9664-a4c494befaeb', '2018-12-15 00:00:00', '2018', '星期六', '1', '周末'), ('51635baa-03ce-11e8-9664-a4c494befaeb', '2018-12-16 00:00:00', '2018', '星期天', '1', '周末'), ('51635d0c-03ce-11e8-9664-a4c494befaeb', '2018-12-17 00:00:00', '2018', '星期一', '0', null), ('51635d43-03ce-11e8-9664-a4c494befaeb', '2018-12-18 00:00:00', '2018', '星期二', '0', null), ('51635d6f-03ce-11e8-9664-a4c494befaeb', '2018-12-19 00:00:00', '2018', '星期三', '0', null), ('5163dea4-03ce-11e8-9664-a4c494befaeb', '2018-12-20 00:00:00', '2018', '星期四', '0', null), ('5163df53-03ce-11e8-9664-a4c494befaeb', '2018-12-21 00:00:00', '2018', '星期五', '0', null), ('5163df87-03ce-11e8-9664-a4c494befaeb', '2018-12-22 00:00:00', '2018', '星期六', '1', '周末'), ('5163dfb3-03ce-11e8-9664-a4c494befaeb', '2018-12-23 00:00:00', '2018', '星期天', '1', '周末'), ('5163dfd9-03ce-11e8-9664-a4c494befaeb', '2018-12-24 00:00:00', '2018', '星期一', '0', null), ('5163dffc-03ce-11e8-9664-a4c494befaeb', '2018-12-25 00:00:00', '2018', '星期二', '0', null), ('5163e01f-03ce-11e8-9664-a4c494befaeb', '2018-12-26 00:00:00', '2018', '星期三', '0', null), ('5163e042-03ce-11e8-9664-a4c494befaeb', '2018-12-27 00:00:00', '2018', '星期四', '0', null), ('5163e067-03ce-11e8-9664-a4c494befaeb', '2018-12-28 00:00:00', '2018', '星期五', '0', null), ('5163e088-03ce-11e8-9664-a4c494befaeb', '2018-12-29 00:00:00', '2018', '星期六', '0', '周末'), ('5163e0ab-03ce-11e8-9664-a4c494befaeb', '2018-12-30 00:00:00', '2018', '星期天', '1', '周末'), ('5163e0cf-03ce-11e8-9664-a4c494befaeb', '2018-12-31 00:00:00', '2018', '星期一', '1', null), ('5163e0f1-03ce-11e8-9664-a4c494befaeb', '2019-01-01 00:00:00', '2019', '星期二', '1', null), ('5163e115-03ce-11e8-9664-a4c494befaeb', '2019-01-02 00:00:00', '2019', '星期三', '0', null), ('5163e139-03ce-11e8-9664-a4c494befaeb', '2019-01-03 00:00:00', '2019', '星期四', '0', null), ('5163e15c-03ce-11e8-9664-a4c494befaeb', '2019-01-04 00:00:00', '2019', '星期五', '0', null), ('5163e17d-03ce-11e8-9664-a4c494befaeb', '2019-01-05 00:00:00', '2019', '星期六', '1', '周末'), ('5163e19f-03ce-11e8-9664-a4c494befaeb', '2019-01-06 00:00:00', '2019', '星期天', '1', '周末'), ('5163e1c2-03ce-11e8-9664-a4c494befaeb', '2019-01-07 00:00:00', '2019', '星期一', '0', null), ('5163e1e6-03ce-11e8-9664-a4c494befaeb', '2019-01-08 00:00:00', '2019', '星期二', '0', null), ('5163e207-03ce-11e8-9664-a4c494befaeb', '2019-01-09 00:00:00', '2019', '星期三', '0', null), ('5163e229-03ce-11e8-9664-a4c494befaeb', '2019-01-10 00:00:00', '2019', '星期四', '0', null), ('5163e24d-03ce-11e8-9664-a4c494befaeb', '2019-01-11 00:00:00', '2019', '星期五', '0', null), ('5163e270-03ce-11e8-9664-a4c494befaeb', '2019-01-12 00:00:00', '2019', '星期六', '1', '周末'), ('5163e290-03ce-11e8-9664-a4c494befaeb', '2019-01-13 00:00:00', '2019', '星期天', '1', '周末'), ('5163e2b2-03ce-11e8-9664-a4c494befaeb', '2019-01-14 00:00:00', '2019', '星期一', '0', null), ('5163e2d3-03ce-11e8-9664-a4c494befaeb', '2019-01-15 00:00:00', '2019', '星期二', '0', null), ('5163e2f6-03ce-11e8-9664-a4c494befaeb', '2019-01-16 00:00:00', '2019', '星期三', '0', null), ('5163e317-03ce-11e8-9664-a4c494befaeb', '2019-01-17 00:00:00', '2019', '星期四', '0', null), ('5163e33b-03ce-11e8-9664-a4c494befaeb', '2019-01-18 00:00:00', '2019', '星期五', '0', null), ('5163e35d-03ce-11e8-9664-a4c494befaeb', '2019-01-19 00:00:00', '2019', '星期六', '1', '周末'), ('5163e380-03ce-11e8-9664-a4c494befaeb', '2019-01-20 00:00:00', '2019', '星期天', '1', '周末'), ('5163e3a0-03ce-11e8-9664-a4c494befaeb', '2019-01-21 00:00:00', '2019', '星期一', '0', null), ('5163e3c1-03ce-11e8-9664-a4c494befaeb', '2019-01-22 00:00:00', '2019', '星期二', '0', null), ('5163e3e1-03ce-11e8-9664-a4c494befaeb', '2019-01-23 00:00:00', '2019', '星期三', '0', null), ('5163e404-03ce-11e8-9664-a4c494befaeb', '2019-01-24 00:00:00', '2019', '星期四', '0', null), ('5163e426-03ce-11e8-9664-a4c494befaeb', '2019-01-25 00:00:00', '2019', '星期五', '0', null), ('5163e446-03ce-11e8-9664-a4c494befaeb', '2019-01-26 00:00:00', '2019', '星期六', '1', '周末'), ('5163e466-03ce-11e8-9664-a4c494befaeb', '2019-01-27 00:00:00', '2019', '星期天', '1', '周末'), ('5163e488-03ce-11e8-9664-a4c494befaeb', '2019-01-28 00:00:00', '2019', '星期一', '0', null), ('5163e4aa-03ce-11e8-9664-a4c494befaeb', '2019-01-29 00:00:00', '2019', '星期二', '0', null), ('5163e4ca-03ce-11e8-9664-a4c494befaeb', '2019-01-30 00:00:00', '2019', '星期三', '0', null), ('5163e4ea-03ce-11e8-9664-a4c494befaeb', '2019-01-31 00:00:00', '2019', '星期四', '0', null), ('5163e50d-03ce-11e8-9664-a4c494befaeb', '2019-02-01 00:00:00', '2019', '星期五', '0', null), ('5163e52f-03ce-11e8-9664-a4c494befaeb', '2019-02-02 00:00:00', '2019', '星期六', '1', '周末'), ('5163e54f-03ce-11e8-9664-a4c494befaeb', '2019-02-03 00:00:00', '2019', '星期天', '1', '周末'), ('5163e570-03ce-11e8-9664-a4c494befaeb', '2019-02-04 00:00:00', '2019', '星期一', '0', null), ('5163e592-03ce-11e8-9664-a4c494befaeb', '2019-02-05 00:00:00', '2019', '星期二', '1', null), ('5163e5b3-03ce-11e8-9664-a4c494befaeb', '2019-02-06 00:00:00', '2019', '星期三', '1', null), ('5163e5d4-03ce-11e8-9664-a4c494befaeb', '2019-02-07 00:00:00', '2019', '星期四', '1', null), ('5163e5f4-03ce-11e8-9664-a4c494befaeb', '2019-02-08 00:00:00', '2019', '星期五', '1', null), ('5163e617-03ce-11e8-9664-a4c494befaeb', '2019-02-09 00:00:00', '2019', '星期六', '1', '周末'), ('5163e638-03ce-11e8-9664-a4c494befaeb', '2019-02-10 00:00:00', '2019', '星期天', '1', '周末'), ('5163e65a-03ce-11e8-9664-a4c494befaeb', '2019-02-11 00:00:00', '2019', '星期一', '0', null), ('5163e67a-03ce-11e8-9664-a4c494befaeb', '2019-02-12 00:00:00', '2019', '星期二', '0', null), ('5163e69d-03ce-11e8-9664-a4c494befaeb', '2019-02-13 00:00:00', '2019', '星期三', '0', null), ('5163e6bf-03ce-11e8-9664-a4c494befaeb', '2019-02-14 00:00:00', '2019', '星期四', '0', null), ('5163e6e0-03ce-11e8-9664-a4c494befaeb', '2019-02-15 00:00:00', '2019', '星期五', '0', null), ('5163e701-03ce-11e8-9664-a4c494befaeb', '2019-02-16 00:00:00', '2019', '星期六', '1', '周末'), ('5163e725-03ce-11e8-9664-a4c494befaeb', '2019-02-17 00:00:00', '2019', '星期天', '1', '周末'), ('5163e746-03ce-11e8-9664-a4c494befaeb', '2019-02-18 00:00:00', '2019', '星期一', '0', null), ('5163e768-03ce-11e8-9664-a4c494befaeb', '2019-02-19 00:00:00', '2019', '星期二', '0', null), ('5163e788-03ce-11e8-9664-a4c494befaeb', '2019-02-20 00:00:00', '2019', '星期三', '0', null), ('5163e7aa-03ce-11e8-9664-a4c494befaeb', '2019-02-21 00:00:00', '2019', '星期四', '0', null), ('5163e7cc-03ce-11e8-9664-a4c494befaeb', '2019-02-22 00:00:00', '2019', '星期五', '0', null), ('5163e7ed-03ce-11e8-9664-a4c494befaeb', '2019-02-23 00:00:00', '2019', '星期六', '1', '周末'), ('5163e80e-03ce-11e8-9664-a4c494befaeb', '2019-02-24 00:00:00', '2019', '星期天', '1', '周末'), ('5163e830-03ce-11e8-9664-a4c494befaeb', '2019-02-25 00:00:00', '2019', '星期一', '0', null), ('5163e852-03ce-11e8-9664-a4c494befaeb', '2019-02-26 00:00:00', '2019', '星期二', '0', null), ('5163e873-03ce-11e8-9664-a4c494befaeb', '2019-02-27 00:00:00', '2019', '星期三', '0', null), ('5163e894-03ce-11e8-9664-a4c494befaeb', '2019-02-28 00:00:00', '2019', '星期四', '0', null), ('5163e8b7-03ce-11e8-9664-a4c494befaeb', '2019-03-01 00:00:00', '2019', '星期五', '0', null), ('5163e8d8-03ce-11e8-9664-a4c494befaeb', '2019-03-02 00:00:00', '2019', '星期六', '1', '周末'), ('5163e8f8-03ce-11e8-9664-a4c494befaeb', '2019-03-03 00:00:00', '2019', '星期天', '1', '周末'), ('5163e918-03ce-11e8-9664-a4c494befaeb', '2019-03-04 00:00:00', '2019', '星期一', '0', null), ('5163e93b-03ce-11e8-9664-a4c494befaeb', '2019-03-05 00:00:00', '2019', '星期二', '0', null), ('5163e95b-03ce-11e8-9664-a4c494befaeb', '2019-03-06 00:00:00', '2019', '星期三', '0', null), ('5163e97b-03ce-11e8-9664-a4c494befaeb', '2019-03-07 00:00:00', '2019', '星期四', '0', null), ('5163e99b-03ce-11e8-9664-a4c494befaeb', '2019-03-08 00:00:00', '2019', '星期五', '0', null), ('5163e9bd-03ce-11e8-9664-a4c494befaeb', '2019-03-09 00:00:00', '2019', '星期六', '1', '周末'), ('5163e9de-03ce-11e8-9664-a4c494befaeb', '2019-03-10 00:00:00', '2019', '星期天', '1', '周末'), ('5163e9ff-03ce-11e8-9664-a4c494befaeb', '2019-03-11 00:00:00', '2019', '星期一', '0', null), ('5163ea1f-03ce-11e8-9664-a4c494befaeb', '2019-03-12 00:00:00', '2019', '星期二', '0', null), ('5163ea41-03ce-11e8-9664-a4c494befaeb', '2019-03-13 00:00:00', '2019', '星期三', '0', null), ('5163ea62-03ce-11e8-9664-a4c494befaeb', '2019-03-14 00:00:00', '2019', '星期四', '0', null), ('5163ea83-03ce-11e8-9664-a4c494befaeb', '2019-03-15 00:00:00', '2019', '星期五', '0', null), ('5163eaa3-03ce-11e8-9664-a4c494befaeb', '2019-03-16 00:00:00', '2019', '星期六', '1', '周末'), ('5163eac6-03ce-11e8-9664-a4c494befaeb', '2019-03-17 00:00:00', '2019', '星期天', '1', '周末'), ('5163eae7-03ce-11e8-9664-a4c494befaeb', '2019-03-18 00:00:00', '2019', '星期一', '0', null), ('5163eb08-03ce-11e8-9664-a4c494befaeb', '2019-03-19 00:00:00', '2019', '星期二', '0', null), ('5163eb29-03ce-11e8-9664-a4c494befaeb', '2019-03-20 00:00:00', '2019', '星期三', '0', null), ('5163eb4c-03ce-11e8-9664-a4c494befaeb', '2019-03-21 00:00:00', '2019', '星期四', '0', null), ('5163eb6d-03ce-11e8-9664-a4c494befaeb', '2019-03-22 00:00:00', '2019', '星期五', '0', null), ('5163eb8e-03ce-11e8-9664-a4c494befaeb', '2019-03-23 00:00:00', '2019', '星期六', '1', '周末'), ('5163ebae-03ce-11e8-9664-a4c494befaeb', '2019-03-24 00:00:00', '2019', '星期天', '1', '周末'), ('5163ebd0-03ce-11e8-9664-a4c494befaeb', '2019-03-25 00:00:00', '2019', '星期一', '0', null), ('5163ebf1-03ce-11e8-9664-a4c494befaeb', '2019-03-26 00:00:00', '2019', '星期二', '0', null), ('5163ec12-03ce-11e8-9664-a4c494befaeb', '2019-03-27 00:00:00', '2019', '星期三', '0', null), ('5163ec33-03ce-11e8-9664-a4c494befaeb', '2019-03-28 00:00:00', '2019', '星期四', '0', null), ('5163ec55-03ce-11e8-9664-a4c494befaeb', '2019-03-29 00:00:00', '2019', '星期五', '0', null), ('5163ec77-03ce-11e8-9664-a4c494befaeb', '2019-03-30 00:00:00', '2019', '星期六', '1', '周末'), ('5163ec98-03ce-11e8-9664-a4c494befaeb', '2019-03-31 00:00:00', '2019', '星期天', '1', '周末'), ('5163ecb8-03ce-11e8-9664-a4c494befaeb', '2019-04-01 00:00:00', '2019', '星期一', '0', null), ('5163ecd9-03ce-11e8-9664-a4c494befaeb', '2019-04-02 00:00:00', '2019', '星期二', '0', null), ('5163ecfb-03ce-11e8-9664-a4c494befaeb', '2019-04-03 00:00:00', '2019', '星期三', '0', null), ('5163ed1c-03ce-11e8-9664-a4c494befaeb', '2019-04-04 00:00:00', '2019', '星期四', '0', null), ('5163ed3c-03ce-11e8-9664-a4c494befaeb', '2019-04-05 00:00:00', '2019', '星期五', '1', null), ('5163ed5e-03ce-11e8-9664-a4c494befaeb', '2019-04-06 00:00:00', '2019', '星期六', '1', '周末'), ('5163ed80-03ce-11e8-9664-a4c494befaeb', '2019-04-07 00:00:00', '2019', '星期天', '1', '周末'), ('5163eda1-03ce-11e8-9664-a4c494befaeb', '2019-04-08 00:00:00', '2019', '星期一', '0', null), ('5163edc3-03ce-11e8-9664-a4c494befaeb', '2019-04-09 00:00:00', '2019', '星期二', '0', null), ('5163ede6-03ce-11e8-9664-a4c494befaeb', '2019-04-10 00:00:00', '2019', '星期三', '0', null), ('5163ee07-03ce-11e8-9664-a4c494befaeb', '2019-04-11 00:00:00', '2019', '星期四', '0', null), ('5163ee29-03ce-11e8-9664-a4c494befaeb', '2019-04-12 00:00:00', '2019', '星期五', '0', null), ('5163ee49-03ce-11e8-9664-a4c494befaeb', '2019-04-13 00:00:00', '2019', '星期六', '1', '周末'), ('5163ee6b-03ce-11e8-9664-a4c494befaeb', '2019-04-14 00:00:00', '2019', '星期天', '1', '周末'), ('5163ee8d-03ce-11e8-9664-a4c494befaeb', '2019-04-15 00:00:00', '2019', '星期一', '0', null), ('5163eead-03ce-11e8-9664-a4c494befaeb', '2019-04-16 00:00:00', '2019', '星期二', '0', null), ('5163eecd-03ce-11e8-9664-a4c494befaeb', '2019-04-17 00:00:00', '2019', '星期三', '0', null), ('5163eeef-03ce-11e8-9664-a4c494befaeb', '2019-04-18 00:00:00', '2019', '星期四', '0', null), ('5163ef10-03ce-11e8-9664-a4c494befaeb', '2019-04-19 00:00:00', '2019', '星期五', '0', null), ('5163ef31-03ce-11e8-9664-a4c494befaeb', '2019-04-20 00:00:00', '2019', '星期六', '1', '周末'), ('5163ef52-03ce-11e8-9664-a4c494befaeb', '2019-04-21 00:00:00', '2019', '星期天', '1', '周末'), ('5163ef74-03ce-11e8-9664-a4c494befaeb', '2019-04-22 00:00:00', '2019', '星期一', '0', null), ('5163ef95-03ce-11e8-9664-a4c494befaeb', '2019-04-23 00:00:00', '2019', '星期二', '0', null), ('5163efb6-03ce-11e8-9664-a4c494befaeb', '2019-04-24 00:00:00', '2019', '星期三', '0', null), ('5163efd7-03ce-11e8-9664-a4c494befaeb', '2019-04-25 00:00:00', '2019', '星期四', '0', null), ('5163effa-03ce-11e8-9664-a4c494befaeb', '2019-04-26 00:00:00', '2019', '星期五', '0', null), ('5163f01a-03ce-11e8-9664-a4c494befaeb', '2019-04-27 00:00:00', '2019', '星期六', '1', '周末'), ('5163f03b-03ce-11e8-9664-a4c494befaeb', '2019-04-28 00:00:00', '2019', '星期天', '0', '周末'), ('5163f05b-03ce-11e8-9664-a4c494befaeb', '2019-04-29 00:00:00', '2019', '星期一', '1', null), ('5163f07e-03ce-11e8-9664-a4c494befaeb', '2019-04-30 00:00:00', '2019', '星期二', '1', null), ('5163f09f-03ce-11e8-9664-a4c494befaeb', '2019-05-01 00:00:00', '2019', '星期三', '1', null), ('5163f0bf-03ce-11e8-9664-a4c494befaeb', '2019-05-02 00:00:00', '2019', '星期四', '0', null), ('5163f0e0-03ce-11e8-9664-a4c494befaeb', '2019-05-03 00:00:00', '2019', '星期五', '0', null), ('5163f102-03ce-11e8-9664-a4c494befaeb', '2019-05-04 00:00:00', '2019', '星期六', '1', '周末'), ('5163f124-03ce-11e8-9664-a4c494befaeb', '2019-05-05 00:00:00', '2019', '星期天', '1', '周末'), ('5163f144-03ce-11e8-9664-a4c494befaeb', '2019-05-06 00:00:00', '2019', '星期一', '0', null), ('5163f164-03ce-11e8-9664-a4c494befaeb', '2019-05-07 00:00:00', '2019', '星期二', '0', null), ('5163f187-03ce-11e8-9664-a4c494befaeb', '2019-05-08 00:00:00', '2019', '星期三', '0', null), ('5163f1a8-03ce-11e8-9664-a4c494befaeb', '2019-05-09 00:00:00', '2019', '星期四', '0', null), ('5163f1c8-03ce-11e8-9664-a4c494befaeb', '2019-05-10 00:00:00', '2019', '星期五', '0', null), ('5163f1e9-03ce-11e8-9664-a4c494befaeb', '2019-05-11 00:00:00', '2019', '星期六', '1', '周末'), ('5163f20b-03ce-11e8-9664-a4c494befaeb', '2019-05-12 00:00:00', '2019', '星期天', '1', '周末'), ('5163f22d-03ce-11e8-9664-a4c494befaeb', '2019-05-13 00:00:00', '2019', '星期一', '0', null), ('5163f24e-03ce-11e8-9664-a4c494befaeb', '2019-05-14 00:00:00', '2019', '星期二', '0', null), ('5163f26e-03ce-11e8-9664-a4c494befaeb', '2019-05-15 00:00:00', '2019', '星期三', '0', null), ('5163f291-03ce-11e8-9664-a4c494befaeb', '2019-05-16 00:00:00', '2019', '星期四', '0', null), ('5163f2b2-03ce-11e8-9664-a4c494befaeb', '2019-05-17 00:00:00', '2019', '星期五', '0', null), ('5163f2d4-03ce-11e8-9664-a4c494befaeb', '2019-05-18 00:00:00', '2019', '星期六', '1', '周末'), ('5163f2f5-03ce-11e8-9664-a4c494befaeb', '2019-05-19 00:00:00', '2019', '星期天', '1', '周末'), ('5163f317-03ce-11e8-9664-a4c494befaeb', '2019-05-20 00:00:00', '2019', '星期一', '0', null), ('5163f338-03ce-11e8-9664-a4c494befaeb', '2019-05-21 00:00:00', '2019', '星期二', '0', null), ('5163f359-03ce-11e8-9664-a4c494befaeb', '2019-05-22 00:00:00', '2019', '星期三', '0', null), ('5163f37a-03ce-11e8-9664-a4c494befaeb', '2019-05-23 00:00:00', '2019', '星期四', '0', null), ('5163f39c-03ce-11e8-9664-a4c494befaeb', '2019-05-24 00:00:00', '2019', '星期五', '0', null), ('5163f3bd-03ce-11e8-9664-a4c494befaeb', '2019-05-25 00:00:00', '2019', '星期六', '1', '周末'), ('5163f3de-03ce-11e8-9664-a4c494befaeb', '2019-05-26 00:00:00', '2019', '星期天', '1', '周末'), ('5163f3fe-03ce-11e8-9664-a4c494befaeb', '2019-05-27 00:00:00', '2019', '星期一', '0', null), ('5163f420-03ce-11e8-9664-a4c494befaeb', '2019-05-28 00:00:00', '2019', '星期二', '0', null), ('5163f441-03ce-11e8-9664-a4c494befaeb', '2019-05-29 00:00:00', '2019', '星期三', '0', null), ('5163f461-03ce-11e8-9664-a4c494befaeb', '2019-05-30 00:00:00', '2019', '星期四', '0', null), ('5163f482-03ce-11e8-9664-a4c494befaeb', '2019-05-31 00:00:00', '2019', '星期五', '0', null), ('5163f4a4-03ce-11e8-9664-a4c494befaeb', '2019-06-01 00:00:00', '2019', '星期六', '1', '周末'), ('5163f4c6-03ce-11e8-9664-a4c494befaeb', '2019-06-02 00:00:00', '2019', '星期天', '1', '周末'), ('5163f4e7-03ce-11e8-9664-a4c494befaeb', '2019-06-03 00:00:00', '2019', '星期一', '0', null), ('5163f507-03ce-11e8-9664-a4c494befaeb', '2019-06-04 00:00:00', '2019', '星期二', '0', null), ('5163f52a-03ce-11e8-9664-a4c494befaeb', '2019-06-05 00:00:00', '2019', '星期三', '0', null), ('5163f54b-03ce-11e8-9664-a4c494befaeb', '2019-06-06 00:00:00', '2019', '星期四', '0', null), ('5163f56f-03ce-11e8-9664-a4c494befaeb', '2019-06-07 00:00:00', '2019', '星期五', '1', null), ('5163f590-03ce-11e8-9664-a4c494befaeb', '2019-06-08 00:00:00', '2019', '星期六', '1', '周末'), ('5163f5b3-03ce-11e8-9664-a4c494befaeb', '2019-06-09 00:00:00', '2019', '星期天', '1', '周末'), ('5163f5d4-03ce-11e8-9664-a4c494befaeb', '2019-06-10 00:00:00', '2019', '星期一', '0', null), ('5163f5f6-03ce-11e8-9664-a4c494befaeb', '2019-06-11 00:00:00', '2019', '星期二', '0', null), ('5163f616-03ce-11e8-9664-a4c494befaeb', '2019-06-12 00:00:00', '2019', '星期三', '0', null), ('5163f639-03ce-11e8-9664-a4c494befaeb', '2019-06-13 00:00:00', '2019', '星期四', '0', null), ('5163f65b-03ce-11e8-9664-a4c494befaeb', '2019-06-14 00:00:00', '2019', '星期五', '0', null), ('5163f67c-03ce-11e8-9664-a4c494befaeb', '2019-06-15 00:00:00', '2019', '星期六', '1', '周末'), ('5163f69c-03ce-11e8-9664-a4c494befaeb', '2019-06-16 00:00:00', '2019', '星期天', '1', '周末'), ('5163f6be-03ce-11e8-9664-a4c494befaeb', '2019-06-17 00:00:00', '2019', '星期一', '0', null), ('5163f6e0-03ce-11e8-9664-a4c494befaeb', '2019-06-18 00:00:00', '2019', '星期二', '0', null), ('5163f701-03ce-11e8-9664-a4c494befaeb', '2019-06-19 00:00:00', '2019', '星期三', '0', null), ('5163f721-03ce-11e8-9664-a4c494befaeb', '2019-06-20 00:00:00', '2019', '星期四', '0', null), ('5163f743-03ce-11e8-9664-a4c494befaeb', '2019-06-21 00:00:00', '2019', '星期五', '0', null), ('5163f765-03ce-11e8-9664-a4c494befaeb', '2019-06-22 00:00:00', '2019', '星期六', '1', '周末'), ('5163f786-03ce-11e8-9664-a4c494befaeb', '2019-06-23 00:00:00', '2019', '星期天', '1', '周末'), ('5163f7a7-03ce-11e8-9664-a4c494befaeb', '2019-06-24 00:00:00', '2019', '星期一', '0', null), ('5163f7c9-03ce-11e8-9664-a4c494befaeb', '2019-06-25 00:00:00', '2019', '星期二', '0', null), ('5163f7eb-03ce-11e8-9664-a4c494befaeb', '2019-06-26 00:00:00', '2019', '星期三', '0', null), ('5163f80b-03ce-11e8-9664-a4c494befaeb', '2019-06-27 00:00:00', '2019', '星期四', '0', null), ('5163f82c-03ce-11e8-9664-a4c494befaeb', '2019-06-28 00:00:00', '2019', '星期五', '0', null), ('5163f84d-03ce-11e8-9664-a4c494befaeb', '2019-06-29 00:00:00', '2019', '星期六', '1', '周末'), ('5163f86e-03ce-11e8-9664-a4c494befaeb', '2019-06-30 00:00:00', '2019', '星期天', '1', '周末'), ('5163f88f-03ce-11e8-9664-a4c494befaeb', '2019-07-01 00:00:00', '2019', '星期一', '0', null), ('5163f8b0-03ce-11e8-9664-a4c494befaeb', '2019-07-02 00:00:00', '2019', '星期二', '0', null), ('5163f8d1-03ce-11e8-9664-a4c494befaeb', '2019-07-03 00:00:00', '2019', '星期三', '0', null), ('5163f8f3-03ce-11e8-9664-a4c494befaeb', '2019-07-04 00:00:00', '2019', '星期四', '0', null), ('5163f914-03ce-11e8-9664-a4c494befaeb', '2019-07-05 00:00:00', '2019', '星期五', '0', null), ('5163f934-03ce-11e8-9664-a4c494befaeb', '2019-07-06 00:00:00', '2019', '星期六', '1', '周末'), ('5163f955-03ce-11e8-9664-a4c494befaeb', '2019-07-07 00:00:00', '2019', '星期天', '1', '周末'), ('5163f977-03ce-11e8-9664-a4c494befaeb', '2019-07-08 00:00:00', '2019', '星期一', '0', null), ('5163f997-03ce-11e8-9664-a4c494befaeb', '2019-07-09 00:00:00', '2019', '星期二', '0', null), ('5163f9b8-03ce-11e8-9664-a4c494befaeb', '2019-07-10 00:00:00', '2019', '星期三', '0', null), ('5163f9da-03ce-11e8-9664-a4c494befaeb', '2019-07-11 00:00:00', '2019', '星期四', '0', null), ('5163f9fc-03ce-11e8-9664-a4c494befaeb', '2019-07-12 00:00:00', '2019', '星期五', '0', null), ('5163fa1d-03ce-11e8-9664-a4c494befaeb', '2019-07-13 00:00:00', '2019', '星期六', '1', '周末'), ('5163fa3e-03ce-11e8-9664-a4c494befaeb', '2019-07-14 00:00:00', '2019', '星期天', '1', '周末'), ('5163fa60-03ce-11e8-9664-a4c494befaeb', '2019-07-15 00:00:00', '2019', '星期一', '0', null), ('5163fa81-03ce-11e8-9664-a4c494befaeb', '2019-07-16 00:00:00', '2019', '星期二', '0', null), ('5163faa2-03ce-11e8-9664-a4c494befaeb', '2019-07-17 00:00:00', '2019', '星期三', '0', null), ('5163fac2-03ce-11e8-9664-a4c494befaeb', '2019-07-18 00:00:00', '2019', '星期四', '0', null), ('5163fae4-03ce-11e8-9664-a4c494befaeb', '2019-07-19 00:00:00', '2019', '星期五', '0', null), ('5164001c-03ce-11e8-9664-a4c494befaeb', '2019-07-20 00:00:00', '2019', '星期六', '1', '周末'), ('51640067-03ce-11e8-9664-a4c494befaeb', '2019-07-21 00:00:00', '2019', '星期天', '1', '周末'), ('51640089-03ce-11e8-9664-a4c494befaeb', '2019-07-22 00:00:00', '2019', '星期一', '0', null), ('516400ac-03ce-11e8-9664-a4c494befaeb', '2019-07-23 00:00:00', '2019', '星期二', '0', null), ('516400ce-03ce-11e8-9664-a4c494befaeb', '2019-07-24 00:00:00', '2019', '星期三', '0', null), ('516400f0-03ce-11e8-9664-a4c494befaeb', '2019-07-25 00:00:00', '2019', '星期四', '0', null), ('51640111-03ce-11e8-9664-a4c494befaeb', '2019-07-26 00:00:00', '2019', '星期五', '0', null), ('51640134-03ce-11e8-9664-a4c494befaeb', '2019-07-27 00:00:00', '2019', '星期六', '1', '周末'), ('51640156-03ce-11e8-9664-a4c494befaeb', '2019-07-28 00:00:00', '2019', '星期天', '1', '周末'), ('51640177-03ce-11e8-9664-a4c494befaeb', '2019-07-29 00:00:00', '2019', '星期一', '0', null), ('51640198-03ce-11e8-9664-a4c494befaeb', '2019-07-30 00:00:00', '2019', '星期二', '0', null), ('516401bb-03ce-11e8-9664-a4c494befaeb', '2019-07-31 00:00:00', '2019', '星期三', '0', null), ('516401dd-03ce-11e8-9664-a4c494befaeb', '2019-08-01 00:00:00', '2019', '星期四', '0', null), ('516401fe-03ce-11e8-9664-a4c494befaeb', '2019-08-02 00:00:00', '2019', '星期五', '0', null), ('5164021e-03ce-11e8-9664-a4c494befaeb', '2019-08-03 00:00:00', '2019', '星期六', '1', '周末'), ('51640241-03ce-11e8-9664-a4c494befaeb', '2019-08-04 00:00:00', '2019', '星期天', '1', '周末'), ('51663098-03ce-11e8-9664-a4c494befaeb', '2019-08-05 00:00:00', '2019', '星期一', '0', null), ('516631f2-03ce-11e8-9664-a4c494befaeb', '2019-08-06 00:00:00', '2019', '星期二', '0', null), ('5166323e-03ce-11e8-9664-a4c494befaeb', '2019-08-07 00:00:00', '2019', '星期三', '0', null), ('51663281-03ce-11e8-9664-a4c494befaeb', '2019-08-08 00:00:00', '2019', '星期四', '0', null), ('516632b1-03ce-11e8-9664-a4c494befaeb', '2019-08-09 00:00:00', '2019', '星期五', '0', null), ('516632e3-03ce-11e8-9664-a4c494befaeb', '2019-08-10 00:00:00', '2019', '星期六', '1', '周末'), ('5166330e-03ce-11e8-9664-a4c494befaeb', '2019-08-11 00:00:00', '2019', '星期天', '1', '周末'), ('5166337a-03ce-11e8-9664-a4c494befaeb', '2019-08-12 00:00:00', '2019', '星期一', '0', null), ('516633ad-03ce-11e8-9664-a4c494befaeb', '2019-08-13 00:00:00', '2019', '星期二', '0', null), ('516633da-03ce-11e8-9664-a4c494befaeb', '2019-08-14 00:00:00', '2019', '星期三', '0', null), ('51663402-03ce-11e8-9664-a4c494befaeb', '2019-08-15 00:00:00', '2019', '星期四', '0', null), ('51663431-03ce-11e8-9664-a4c494befaeb', '2019-08-16 00:00:00', '2019', '星期五', '0', null), ('51663457-03ce-11e8-9664-a4c494befaeb', '2019-08-17 00:00:00', '2019', '星期六', '1', '周末'), ('5166347c-03ce-11e8-9664-a4c494befaeb', '2019-08-18 00:00:00', '2019', '星期天', '1', '周末'), ('516634a1-03ce-11e8-9664-a4c494befaeb', '2019-08-19 00:00:00', '2019', '星期一', '0', null), ('51663b3b-03ce-11e8-9664-a4c494befaeb', '2019-08-20 00:00:00', '2019', '星期二', '0', null), ('51663bcb-03ce-11e8-9664-a4c494befaeb', '2019-08-21 00:00:00', '2019', '星期三', '0', null), ('51663bf8-03ce-11e8-9664-a4c494befaeb', '2019-08-22 00:00:00', '2019', '星期四', '0', null), ('51663c1d-03ce-11e8-9664-a4c494befaeb', '2019-08-23 00:00:00', '2019', '星期五', '0', null), ('51663c46-03ce-11e8-9664-a4c494befaeb', '2019-08-24 00:00:00', '2019', '星期六', '1', '周末'), ('51663c6a-03ce-11e8-9664-a4c494befaeb', '2019-08-25 00:00:00', '2019', '星期天', '1', '周末'), ('51663c8d-03ce-11e8-9664-a4c494befaeb', '2019-08-26 00:00:00', '2019', '星期一', '0', null), ('51663cb1-03ce-11e8-9664-a4c494befaeb', '2019-08-27 00:00:00', '2019', '星期二', '0', null), ('51663cd8-03ce-11e8-9664-a4c494befaeb', '2019-08-28 00:00:00', '2019', '星期三', '0', null), ('51663cfc-03ce-11e8-9664-a4c494befaeb', '2019-08-29 00:00:00', '2019', '星期四', '0', null), ('51663d1f-03ce-11e8-9664-a4c494befaeb', '2019-08-30 00:00:00', '2019', '星期五', '0', null), ('51663d41-03ce-11e8-9664-a4c494befaeb', '2019-08-31 00:00:00', '2019', '星期六', '1', '周末'), ('51663d66-03ce-11e8-9664-a4c494befaeb', '2019-09-01 00:00:00', '2019', '星期天', '1', '周末'), ('51663d8b-03ce-11e8-9664-a4c494befaeb', '2019-09-02 00:00:00', '2019', '星期一', '0', null), ('51663db0-03ce-11e8-9664-a4c494befaeb', '2019-09-03 00:00:00', '2019', '星期二', '0', null), ('51663dd4-03ce-11e8-9664-a4c494befaeb', '2019-09-04 00:00:00', '2019', '星期三', '0', null), ('51663df7-03ce-11e8-9664-a4c494befaeb', '2019-09-05 00:00:00', '2019', '星期四', '0', null), ('51663e1a-03ce-11e8-9664-a4c494befaeb', '2019-09-06 00:00:00', '2019', '星期五', '0', null), ('51663e3d-03ce-11e8-9664-a4c494befaeb', '2019-09-07 00:00:00', '2019', '星期六', '1', '周末'), ('51663e5f-03ce-11e8-9664-a4c494befaeb', '2019-09-08 00:00:00', '2019', '星期天', '1', '周末'), ('51663e84-03ce-11e8-9664-a4c494befaeb', '2019-09-09 00:00:00', '2019', '星期一', '0', null), ('51663ea7-03ce-11e8-9664-a4c494befaeb', '2019-09-10 00:00:00', '2019', '星期二', '0', null), ('51663ec8-03ce-11e8-9664-a4c494befaeb', '2019-09-11 00:00:00', '2019', '星期三', '0', null), ('51663eea-03ce-11e8-9664-a4c494befaeb', '2019-09-12 00:00:00', '2019', '星期四', '0', null), ('51663f0e-03ce-11e8-9664-a4c494befaeb', '2019-09-13 00:00:00', '2019', '星期五', '1', null), ('51663f31-03ce-11e8-9664-a4c494befaeb', '2019-09-14 00:00:00', '2019', '星期六', '1', '周末'), ('51663f54-03ce-11e8-9664-a4c494befaeb', '2019-09-15 00:00:00', '2019', '星期天', '1', '周末'), ('51663f76-03ce-11e8-9664-a4c494befaeb', '2019-09-16 00:00:00', '2019', '星期一', '0', null), ('51663f9c-03ce-11e8-9664-a4c494befaeb', '2019-09-17 00:00:00', '2019', '星期二', '0', null), ('51663fc0-03ce-11e8-9664-a4c494befaeb', '2019-09-18 00:00:00', '2019', '星期三', '0', null), ('51663fe3-03ce-11e8-9664-a4c494befaeb', '2019-09-19 00:00:00', '2019', '星期四', '0', null), ('51664005-03ce-11e8-9664-a4c494befaeb', '2019-09-20 00:00:00', '2019', '星期五', '0', null), ('5166462d-03ce-11e8-9664-a4c494befaeb', '2019-09-21 00:00:00', '2019', '星期六', '1', '周末'), ('5166467b-03ce-11e8-9664-a4c494befaeb', '2019-09-22 00:00:00', '2019', '星期天', '1', '周末'), ('5166469e-03ce-11e8-9664-a4c494befaeb', '2019-09-23 00:00:00', '2019', '星期一', '0', null), ('516646c2-03ce-11e8-9664-a4c494befaeb', '2019-09-24 00:00:00', '2019', '星期二', '0', null), ('516646e6-03ce-11e8-9664-a4c494befaeb', '2019-09-25 00:00:00', '2019', '星期三', '0', null), ('5166470e-03ce-11e8-9664-a4c494befaeb', '2019-09-26 00:00:00', '2019', '星期四', '0', null), ('51664731-03ce-11e8-9664-a4c494befaeb', '2019-09-27 00:00:00', '2019', '星期五', '0', null), ('51664754-03ce-11e8-9664-a4c494befaeb', '2019-09-28 00:00:00', '2019', '星期六', '1', '周末'), ('51664777-03ce-11e8-9664-a4c494befaeb', '2019-09-29 00:00:00', '2019', '星期天', '1', '周末'), ('5166479a-03ce-11e8-9664-a4c494befaeb', '2019-09-30 00:00:00', '2019', '星期一', '0', null), ('516647bc-03ce-11e8-9664-a4c494befaeb', '2019-10-01 00:00:00', '2019', '星期二', '1', null), ('516647dd-03ce-11e8-9664-a4c494befaeb', '2019-10-02 00:00:00', '2019', '星期三', '1', null), ('51664801-03ce-11e8-9664-a4c494befaeb', '2019-10-03 00:00:00', '2019', '星期四', '1', null), ('51664824-03ce-11e8-9664-a4c494befaeb', '2019-10-04 00:00:00', '2019', '星期五', '1', null), ('51664847-03ce-11e8-9664-a4c494befaeb', '2019-10-05 00:00:00', '2019', '星期六', '1', '周末'), ('5166486a-03ce-11e8-9664-a4c494befaeb', '2019-10-06 00:00:00', '2019', '星期天', '1', '周末'), ('5166488e-03ce-11e8-9664-a4c494befaeb', '2019-10-07 00:00:00', '2019', '星期一', '1', null), ('516648b1-03ce-11e8-9664-a4c494befaeb', '2019-10-08 00:00:00', '2019', '星期二', '0', null), ('516648d4-03ce-11e8-9664-a4c494befaeb', '2019-10-09 00:00:00', '2019', '星期三', '0', null), ('516648f6-03ce-11e8-9664-a4c494befaeb', '2019-10-10 00:00:00', '2019', '星期四', '0', null), ('5166491c-03ce-11e8-9664-a4c494befaeb', '2019-10-11 00:00:00', '2019', '星期五', '0', null), ('5166493f-03ce-11e8-9664-a4c494befaeb', '2019-10-12 00:00:00', '2019', '星期六', '1', '周末'), ('51664961-03ce-11e8-9664-a4c494befaeb', '2019-10-13 00:00:00', '2019', '星期天', '1', '周末'), ('51664983-03ce-11e8-9664-a4c494befaeb', '2019-10-14 00:00:00', '2019', '星期一', '0', null), ('516649a7-03ce-11e8-9664-a4c494befaeb', '2019-10-15 00:00:00', '2019', '星期二', '0', null), ('516649ca-03ce-11e8-9664-a4c494befaeb', '2019-10-16 00:00:00', '2019', '星期三', '0', null), ('516649ec-03ce-11e8-9664-a4c494befaeb', '2019-10-17 00:00:00', '2019', '星期四', '0', null), ('51664a0f-03ce-11e8-9664-a4c494befaeb', '2019-10-18 00:00:00', '2019', '星期五', '0', null), ('51664a33-03ce-11e8-9664-a4c494befaeb', '2019-10-19 00:00:00', '2019', '星期六', '1', '周末'), ('51664a57-03ce-11e8-9664-a4c494befaeb', '2019-10-20 00:00:00', '2019', '星期天', '1', '周末'), ('51664a7a-03ce-11e8-9664-a4c494befaeb', '2019-10-21 00:00:00', '2019', '星期一', '0', null), ('51664a9b-03ce-11e8-9664-a4c494befaeb', '2019-10-22 00:00:00', '2019', '星期二', '0', null), ('5166503c-03ce-11e8-9664-a4c494befaeb', '2019-10-23 00:00:00', '2019', '星期三', '0', null), ('516650cb-03ce-11e8-9664-a4c494befaeb', '2019-10-24 00:00:00', '2019', '星期四', '0', null), ('516650f7-03ce-11e8-9664-a4c494befaeb', '2019-10-25 00:00:00', '2019', '星期五', '0', null), ('51665118-03ce-11e8-9664-a4c494befaeb', '2019-10-26 00:00:00', '2019', '星期六', '1', '周末'), ('5166513f-03ce-11e8-9664-a4c494befaeb', '2019-10-27 00:00:00', '2019', '星期天', '1', '周末'), ('51665162-03ce-11e8-9664-a4c494befaeb', '2019-10-28 00:00:00', '2019', '星期一', '0', null), ('51665184-03ce-11e8-9664-a4c494befaeb', '2019-10-29 00:00:00', '2019', '星期二', '0', null), ('516651a5-03ce-11e8-9664-a4c494befaeb', '2019-10-30 00:00:00', '2019', '星期三', '0', null), ('516651c8-03ce-11e8-9664-a4c494befaeb', '2019-10-31 00:00:00', '2019', '星期四', '0', null), ('516651ed-03ce-11e8-9664-a4c494befaeb', '2019-11-01 00:00:00', '2019', '星期五', '0', null), ('5166520e-03ce-11e8-9664-a4c494befaeb', '2019-11-02 00:00:00', '2019', '星期六', '1', '周末'), ('51665230-03ce-11e8-9664-a4c494befaeb', '2019-11-03 00:00:00', '2019', '星期天', '1', '周末'), ('51665253-03ce-11e8-9664-a4c494befaeb', '2019-11-04 00:00:00', '2019', '星期一', '0', null), ('51665276-03ce-11e8-9664-a4c494befaeb', '2019-11-05 00:00:00', '2019', '星期二', '0', null), ('51665297-03ce-11e8-9664-a4c494befaeb', '2019-11-06 00:00:00', '2019', '星期三', '0', null), ('516652b9-03ce-11e8-9664-a4c494befaeb', '2019-11-07 00:00:00', '2019', '星期四', '0', null), ('516652dc-03ce-11e8-9664-a4c494befaeb', '2019-11-08 00:00:00', '2019', '星期五', '0', null), ('51665300-03ce-11e8-9664-a4c494befaeb', '2019-11-09 00:00:00', '2019', '星期六', '1', '周末'), ('51665321-03ce-11e8-9664-a4c494befaeb', '2019-11-10 00:00:00', '2019', '星期天', '1', '周末'), ('51665342-03ce-11e8-9664-a4c494befaeb', '2019-11-11 00:00:00', '2019', '星期一', '0', null), ('51665366-03ce-11e8-9664-a4c494befaeb', '2019-11-12 00:00:00', '2019', '星期二', '0', null), ('51665389-03ce-11e8-9664-a4c494befaeb', '2019-11-13 00:00:00', '2019', '星期三', '0', null), ('516653aa-03ce-11e8-9664-a4c494befaeb', '2019-11-14 00:00:00', '2019', '星期四', '0', null), ('516653cb-03ce-11e8-9664-a4c494befaeb', '2019-11-15 00:00:00', '2019', '星期五', '0', null), ('516653f0-03ce-11e8-9664-a4c494befaeb', '2019-11-16 00:00:00', '2019', '星期六', '1', '周末'), ('51665412-03ce-11e8-9664-a4c494befaeb', '2019-11-17 00:00:00', '2019', '星期天', '1', '周末'), ('51665435-03ce-11e8-9664-a4c494befaeb', '2019-11-18 00:00:00', '2019', '星期一', '0', null), ('51665458-03ce-11e8-9664-a4c494befaeb', '2019-11-19 00:00:00', '2019', '星期二', '0', null), ('5166547b-03ce-11e8-9664-a4c494befaeb', '2019-11-20 00:00:00', '2019', '星期三', '0', null), ('5166549c-03ce-11e8-9664-a4c494befaeb', '2019-11-21 00:00:00', '2019', '星期四', '0', null), ('516654be-03ce-11e8-9664-a4c494befaeb', '2019-11-22 00:00:00', '2019', '星期五', '0', null), ('516654e0-03ce-11e8-9664-a4c494befaeb', '2019-11-23 00:00:00', '2019', '星期六', '1', '周末'), ('51665ab0-03ce-11e8-9664-a4c494befaeb', '2019-11-24 00:00:00', '2019', '星期天', '1', '周末'), ('51665b05-03ce-11e8-9664-a4c494befaeb', '2019-11-25 00:00:00', '2019', '星期一', '0', null), ('51665b2a-03ce-11e8-9664-a4c494befaeb', '2019-11-26 00:00:00', '2019', '星期二', '0', null), ('51665b4b-03ce-11e8-9664-a4c494befaeb', '2019-11-27 00:00:00', '2019', '星期三', '0', null), ('51665b71-03ce-11e8-9664-a4c494befaeb', '2019-11-28 00:00:00', '2019', '星期四', '0', null), ('51665b93-03ce-11e8-9664-a4c494befaeb', '2019-11-29 00:00:00', '2019', '星期五', '0', null), ('51665bb4-03ce-11e8-9664-a4c494befaeb', '2019-11-30 00:00:00', '2019', '星期六', '1', '周末'), ('51665bd6-03ce-11e8-9664-a4c494befaeb', '2019-12-01 00:00:00', '2019', '星期天', '1', '周末'), ('51665bfa-03ce-11e8-9664-a4c494befaeb', '2019-12-02 00:00:00', '2019', '星期一', '0', null), ('51665c1d-03ce-11e8-9664-a4c494befaeb', '2019-12-03 00:00:00', '2019', '星期二', '0', null), ('51665c40-03ce-11e8-9664-a4c494befaeb', '2019-12-04 00:00:00', '2019', '星期三', '0', null), ('51665c62-03ce-11e8-9664-a4c494befaeb', '2019-12-05 00:00:00', '2019', '星期四', '0', null), ('51665c85-03ce-11e8-9664-a4c494befaeb', '2019-12-06 00:00:00', '2019', '星期五', '0', null), ('51665ca6-03ce-11e8-9664-a4c494befaeb', '2019-12-07 00:00:00', '2019', '星期六', '1', '周末'), ('51665cc7-03ce-11e8-9664-a4c494befaeb', '2019-12-08 00:00:00', '2019', '星期天', '1', '周末'), ('5166703b-03ce-11e8-9664-a4c494befaeb', '2019-12-09 00:00:00', '2019', '星期一', '0', null), ('5166708c-03ce-11e8-9664-a4c494befaeb', '2019-12-10 00:00:00', '2019', '星期二', '0', null), ('516670b0-03ce-11e8-9664-a4c494befaeb', '2019-12-11 00:00:00', '2019', '星期三', '0', null), ('516670d2-03ce-11e8-9664-a4c494befaeb', '2019-12-12 00:00:00', '2019', '星期四', '0', null), ('516670f4-03ce-11e8-9664-a4c494befaeb', '2019-12-13 00:00:00', '2019', '星期五', '0', null), ('51667117-03ce-11e8-9664-a4c494befaeb', '2019-12-14 00:00:00', '2019', '星期六', '1', '周末'), ('51667139-03ce-11e8-9664-a4c494befaeb', '2019-12-15 00:00:00', '2019', '星期天', '1', '周末'), ('5166715c-03ce-11e8-9664-a4c494befaeb', '2019-12-16 00:00:00', '2019', '星期一', '0', null), ('5166717e-03ce-11e8-9664-a4c494befaeb', '2019-12-17 00:00:00', '2019', '星期二', '0', null), ('516671a2-03ce-11e8-9664-a4c494befaeb', '2019-12-18 00:00:00', '2019', '星期三', '0', null), ('516671c7-03ce-11e8-9664-a4c494befaeb', '2019-12-19 00:00:00', '2019', '星期四', '0', null), ('516671ea-03ce-11e8-9664-a4c494befaeb', '2019-12-20 00:00:00', '2019', '星期五', '0', null), ('5166720c-03ce-11e8-9664-a4c494befaeb', '2019-12-21 00:00:00', '2019', '星期六', '1', '周末');
INSERT INTO `tbl_holiday` VALUES ('51667231-03ce-11e8-9664-a4c494befaeb', '2019-12-22 00:00:00', '2019', '星期天', '1', '周末'), ('51667252-03ce-11e8-9664-a4c494befaeb', '2019-12-23 00:00:00', '2019', '星期一', '0', null), ('51667273-03ce-11e8-9664-a4c494befaeb', '2019-12-24 00:00:00', '2019', '星期二', '0', null), ('51667294-03ce-11e8-9664-a4c494befaeb', '2019-12-25 00:00:00', '2019', '星期三', '0', null), ('51667721-03ce-11e8-9664-a4c494befaeb', '2019-12-26 00:00:00', '2019', '星期四', '0', null), ('51667763-03ce-11e8-9664-a4c494befaeb', '2019-12-27 00:00:00', '2019', '星期五', '0', null), ('51667785-03ce-11e8-9664-a4c494befaeb', '2019-12-28 00:00:00', '2019', '星期六', '1', '周末'), ('516677a6-03ce-11e8-9664-a4c494befaeb', '2019-12-29 00:00:00', '2019', '星期天', '1', '周末'), ('516677cc-03ce-11e8-9664-a4c494befaeb', '2019-12-30 00:00:00', '2019', '星期一', '0', null), ('516677ee-03ce-11e8-9664-a4c494befaeb', '2019-12-31 00:00:00', '2019', '星期二', '0', null);
COMMIT;

-- ----------------------------
--  Table structure for `tbl_item`
-- ----------------------------
DROP TABLE IF EXISTS `tbl_item`;
CREATE TABLE `tbl_item` (
  `id` varchar(36) NOT NULL,
  `create_date_time` datetime DEFAULT NULL,
  `deleted` int(11) DEFAULT NULL,
  `update_date_time` datetime DEFAULT NULL,
  `version` int(11) DEFAULT NULL,
  `answer` longtext,
  `assist_class` longtext,
  `class_name` varchar(255) DEFAULT NULL,
  `content` longtext,
  `description` longtext,
  `image_path` varchar(255) DEFAULT NULL,
  `item_no` varchar(20) DEFAULT NULL,
  `level` int(11) DEFAULT NULL,
  `method_name` varchar(255) DEFAULT NULL,
  `pass` int(11) DEFAULT NULL,
  `remark` varchar(255) DEFAULT NULL,
  `star` int(11) DEFAULT NULL,
  `template` longtext,
  `title` varchar(20) DEFAULT NULL,
  `view` int(11) DEFAULT NULL,
  `imageId` varchar(255) DEFAULT NULL,
  `company` varchar(255) DEFAULT NULL,
  `usedTime` bigint(20) DEFAULT NULL,
  `usedMemory` bigint(20) DEFAULT NULL,
  PRIMARY KEY (`id`)
) ENGINE=InnoDB DEFAULT CHARSET=utf8;

-- ----------------------------
--  Records of `tbl_item`
-- ----------------------------
BEGIN;
INSERT INTO `tbl_item` VALUES ('402880e55c590053015c59291f6a0000', '2017-05-30 19:41:26', '0', '2017-05-30 19:47:54', '4', 'public class Solution006 {\n    public double findMedianSortedArrays(int[] nums1, int[] nums2) {\n    \n         int len_1=nums1.length;\n        int len_2=nums2.length;\n        int middle=0;\n        boolean isOdd=false;\n        if((len_1+len_2)%2==0){\n            middle=(len_1+len_2)/2-1;\n            isOdd=false;\n        }else{\n            middle=(len_1+len_2)/2;\n            isOdd=true;\n        }\n        //合并排序\n        int[] num=new int[len_1+len_2];\n        int i=0,l=0,r=0;\n        while(l<len_1&&r<len_2){\n            if(nums1[l]<nums2[r]){\n                num[i]=nums1[l];\n                i++;\n                l++;\n            }else{\n                num[i]=nums2[r];\n                i++;\n                r++;\n            }\n        }\n        while(l<len_1){\n            num[i++]=nums1[l++];\n        }\n        while(r<len_2){\n            num[i++]=nums2[r++];\n        }\n\n        if(!isOdd){\n            return (double)(num[middle]+num[middle+1])/2;\n        }else{\n            return (double)num[middle];\n        }\n    }\n}', '', 'Solution006', '**问题描述**\n\nThere are two sorted arrays nums1 and nums2 of size m and n respectively.\n\nFind the median of the two sorted arrays. The overall run time complexity should be O(log (m+n)).\n\n**Example 1:**\n```\nnums1 = [1, 3]\nnums2 = [2]\n\nThe median is 2.0\n```\n\n**Example 2:**\n```\nnums1 = [1, 2]\nnums2 = [3, 4]\n\nThe median is (2 + 3)/2 = 2.5\n```', '有两个有序数组，查找到连个数组中的中间值', null, '006', '1', 'findMedianSortedArrays', '1', '测试', '0', 'public class Solution006 {\r\n    public double findMedianSortedArrays(int[] nums1, int[] nums2) {\r\n      //do something;\r\n    }\r\n}', '两个有序数组中间值', '2', '402880e55c590053015c592ee07d0006', 'leetcode', null, null), ('402880e55c590053015c59732071000c', '2017-05-30 21:02:16', '0', '2017-05-30 21:02:16', '1', 'public class Solution007 {\n    public String longestPalindrome(String s) {\n        int max=0;\n        int j=0;\n        //奇对称情况\n        for(int i=0;i<s.length();i++){\n            char cur=s.charAt(i);\n            boolean flag=true;\n            int index=0;\n            while(flag){\n                if(i-index<0||i+index>=s.length()){\n                    flag=false;\n                    continue;\n                }\n                if(s.charAt(i-index)==s.charAt(i+index)){\n                    index++;\n                }else{\n                    flag=false;\n                }\n            }\n            if(index>max){\n                max=index;\n                j=i-index+1;\n            }\n        }\n\n        int odd=2*(max-1)+1;\n        //偶对称\n        max=0;\n        int k=0;\n        for(int i=0;i<s.length();i++){\n            char cur=s.charAt(i);\n            if(i>0){\n                boolean flag=true;\n                int index=0;\n                while(flag){\n                    if(i-index-1<0||i+index>=s.length()){\n                        flag=false;\n                        continue;\n                    }\n                    if(s.charAt(i-index-1)==s.charAt(i+index)){\n                        index++;\n                    }else{\n                        flag=false;\n                    }\n                }\n                if(index>max){\n                    max=index;\n                    k=i-index;\n                }\n            }\n            if(i+1<s.length()){\n                boolean flag=true;\n                int index=0;\n                while(flag){\n                    if(i-index<0||i+index+1>=s.length()){\n                        flag=false;\n                        continue;\n                    }\n                    if(s.charAt(i-index)==s.charAt(i+index+1)){\n                        index++;\n                    }else{\n                        flag=false;\n                    }\n                }\n                if(index>max){\n                    max=index;\n                    k=i-index+1;\n                }\n            }\n        }\n        int even=2*max;\n        if(odd>even){\n            return s.substring(j,odd+j);\n        }else{\n            return s.substring(k,even+k);\n        }\n        \n    }\n}', '', 'Solution007', '**问题描述**\n\nGiven a string s, find the longest palindromic substring in s. You may assume that the maximum length of s is 1000.\n\n**Example 1：**\n```\nInput: \"babad\"\n\nOutput: \"bab\"\n\nNote: \"aba\" is also a valid answer.\n```\n\n**Example 2：**\n```\nInput: \"cbbd\"\n\nOutput: \"bb\"\n```', '给定一个字符串，查找最长的回文子串', null, '007', '1', 'longestPalindrome', '0', '测试', '0', 'public class Solution007 {\r\n   public String longestPalindrome(String s) \r\n      //write your code;\r\n    }\r\n}', '最大回文串', '1', '402880e55c590053015c597305c2000b', 'leetcode', null, null), ('402880e55c597d0c015c59a856730000', '2017-05-30 22:00:23', '0', '2017-05-31 08:50:09', '9', '/**\n * Definition for singly-linked list.\n * public class ListNode {\n *     int val;\n *     ListNode next;\n *     ListNode(int x) { val = x; }\n * }\n */\npublic class Solution008 {\n    public ListNode addTwoNumbers(ListNode l1, ListNode l2) {\n        ListNode head=null;\n        ListNode current=null;\n        \n        ListNode nextNode=l1;\n        int pre=0;\n        while(nextNode!=null){\n            if(head==null){\n               head=new ListNode((l1.val+l2.val)%10+pre);\n               current=head;\n            }\n            else{\n                ListNode node=new ListNode((l1.val+l2.val)%10+pre);\n                current.next=node;\n                current=node;\n            }\n            if(current.val>=10) {\n                pre=current.val/10;\n                current.val=current.val%10;\n            }else {\n                pre = (l1.val + l2.val) / 10;\n            }\n            l1=l1.next;\n            l2=l2.next;\n            if(l1==null&&l2!=null){\n               nextNode=l2;\n               l1=new ListNode(0);\n            }\n            if(l2==null&&l1!=null){\n                nextNode=l1;\n                l2=new ListNode(0);\n            }\n            if(l1==null&&l2==null){\n                nextNode=null;\n            }\n        }\n        if(pre>0){\n            current.next=new ListNode(pre);\n        }\n       return head;\n    }\n}', 'public class ListNode {\n     int val;\n     ListNode next;\n     ListNode(int x) { val = x; }\n}', 'Solution008', '**问题描述**\n\nYou are given two non-empty linked lists representing two non-negative integers. The digits are stored in reverse order and each of their nodes contain a single digit. Add the two numbers and return it as a linked list.\n\nYou may assume the two numbers do not contain any leading zero, except the number 0 itself.\n\n**Input：**\n```\n(2 -> 4 -> 3) + (5 -> 6 -> 4)\n```\n\n**Output：**\n```\n7 -> 0 -> 8\n```', '给定两个非空的整数链表，每个节点存储一个整数，两个链表相加后，返回一个新的链表', null, '008', '3', 'addTwoNumbers', '1', '', '1', '/**\n * Definition for singly-linked list.\n * public class ListNode {\n *     int val;\n *     ListNode next;\n *     ListNode(int x) { val = x; }\n * }\n */\npublic class Solution008 {\n    public ListNode addTwoNumbers(ListNode l1, ListNode l2) {\n        \n    }\n}', '两链表相加', '5', '8a8a82695c5bf692015c5bfb26fd0003', 'leetcode', null, null), ('402880ed5c30127b015c3055ae2f0001', '2017-05-22 21:25:40', '0', '2017-05-24 16:41:10', '32', 'public class Solution1 {\r\n    public int method(int[] nums) {\r\n      //do something;\r\n    }\r\n}', '', 'Solution1', '\n####问题描述\n\n一种双核CPU的两个核能够同时的处理任务，现在有n个已知数据量的任务需要交给CPU处理，假设已知CPU的每个核1秒可以处理1kb，每个核同时只能处理一项任务。n个任务可以按照任意顺序放入CPU进行处理，现在需要设计一个方案让CPU处理完这批任务所需的时间最少，求这个最小的时间。\n\n####输入描述\n```\n输入包括两行：\n第一行为整数n(1 ≤ n ≤ 50)\n第二行为n个整数length[i](1024 ≤ length[i] ≤ 4194304)，表示每个任务的长度为length[i]kb，每个数均为1024的倍数\n```\n\n####输出描述\n```\n输出一个整数，表示最少需要处理的时间\n```\n\n####输入示例\n\n```\n5\n3072 3072 7168 3072 1024\n```\n\n####输出示例\n```\n9216\n```', '现在有n个已知数据量的任务需要交给CPU处理，假设已知CPU的每个核1秒可以处理1kb，每个核同时', null, '002', '4', 'method', '100', '测试', '110', 'public class Solution1 {\r\n    public int method(int[] nums) {\r\n      //do something;\r\n    }\r\n}', '大数相乘', '135', '402880ed5c30127b015c305564a30000', '', null, null), ('402881925c3fa5c4015c3ff0bd470001', '2017-05-25 22:09:20', '0', '2017-05-27 17:38:29', '32', 'public class TwoSum {\n      public int[] main(int[] nums, int target) {\n        int[] ret=new int[2];\n        boolean flag=false;\n        for(int i=0;i<nums.length;i++){\n             int a=nums[i];\n            for(int j=i+1;j<nums.length;j++){\n               if(target-a==nums[j]){\n                   ret[0]=i;\n                   ret[1]=j;\n                   flag=true;\n                   break;\n               }\n            }\n            if(flag)\n               break;\n        }\n        return ret;\n    }\n}', '', 'TwoSum', 'Given an array of integers, return indices of the two numbers such that they add up to a specific target.\n\nYou may assume that each input would have exactly one solution, and you may not use the same element twice.\n\n**Example**\n```\nGiven nums = [2, 7, 11, 15], target = 9,\n\nBecause nums[0] + nums[1] = 2 + 7 = 9,\nreturn [0, 1].\n```', '给定一个数组和一个值，求数组中两个值，使得之和为给定值', null, '004', '1', 'main', '1', '测试', '25', 'public class TwoSum {\r\n    public int[] main(int[] nums,int target) {\r\n      //do something;\r\n    }\r\n}', 'leetcode-两数之和', '26', '402881925c3fa5c4015c3fef43da0000', 'leetcode', null, null), ('402881925c4986bd015c499d23ad0007', '2017-05-27 19:14:14', '0', '2017-05-28 09:08:02', '18', 'import java.util.HashMap;\nimport java.util.Map;\n\n/**\n * Created by billJiang on 2017/5/27.\n * e-mail:475572229@qq.com  qq:475572229\n */\npublic class Solution005 {\n    public int lengthOfLongestSubstring(String s) {\n        Map<Character, Integer> map = new HashMap<>();\n        int max = 0;\n        int start = 0;\n        for (int i = 0; i < s.length(); i++) {\n            if (map.containsKey(s.charAt(i))) {\n                start=Math.max(map.get(s.charAt(i))+1,start);\n                if (i - start+1 > max) {\n                    max = i - start+1;\n                }\n\n            }else{\n                if(i-start+1>max)\n                    max=i-start+1;\n            }\n\n            map.put(s.charAt(i), i);\n        }\n        return max;\n    }\n}', '', 'Solution005', 'Given a string, find the length of the longest substring without repeating characters.\n\n**Examples:**\n\nGiven `\"abcabcbb\"`, the answer is `\"abc\"`, which the length is 3.\n\nGiven `\"bbbbb\"`, the answer is `\"b\"`, with the length of 1.\n\nGiven `\"pwwkew\"`, the answer is `\"wke\"`, with the length of 3.\nNote that the answer must be a substring,` \"pwke\"` is a subsequence and not a substring.\n\n', '给定一串字符串，求最大长度的不重复的子字符串长度', null, '005', '3', 'lengthOfLongestSubstring', '1', '测试', '1', 'public class Solution005 {\r\n        public int lengthOfLongestSubstring(String s){\r\n      //do something;\r\n    }\r\n}', '最大不重复子串', '6', '', 'leetCode', null, null), ('8a8a82575c32a64a015c32cd899d0000', '2017-05-23 08:55:49', '0', '2017-05-23 08:55:49', '6', 'public class Solution {\r\n    public int method(int[] nums) {\r\n      //do something;\r\n    }\r\n}', '', 'Solution', '\n####问题描述\n\n一种双核CPU的两个核能够同时的处理任务，现在有n个已知数据量的任务需要交给CPU处理，假设已知CPU的每个核1秒可以处理1kb，每个核同时只能处理一项任务。n个任务可以按照任意顺序放入CPU进行处理，现在需要设计一个方案让CPU处理完这批任务所需的时间最少，求这个最小的时间。\n\n####输入描述\n```\n输入包括两行：\n第一行为整数n(1 ≤ n ≤ 50)\n第二行为n个整数length[i](1024 ≤ length[i] ≤ 4194304)，表示每个任务的长度为length[i]kb，每个数均为1024的倍数\n```\n\n####输出描述\n```\n输出一个整数，表示最少需要处理的时间\n```\n\n####输入示例\n\n```\n5\n3072 3072 7168 3072 1024\n```\n\n####输出示例\n```\n9216\n```', '一种双核CPU的两个核能够同时的处理任务，现在需要设计一个方案让CPU处理完这批任务所需的时间最少', null, '001', '3', 'method', '0', '测试', '0', 'public class Solution {\r\n    public int method(int[] nums) {\r\n      //do something;\r\n    }\r\n}', '双核处理问题', '6', '', '', null, null), ('8a8a82575c3cfb3d015c3d32c6220003', '2017-05-25 09:22:36', '0', '2017-05-25 16:34:26', '42', 'public class MaxNumber {\r\n    public int getMax(int[] numArr) {\r\n       int max=numArr[0];\r\n       for(int i=1;i<numArr.length;i++){\r\n           if(max<numArr[i]){\r\n               max=numArr[i];\r\n           }\r\n       }\r\n       return max;\r\n    }\r\n}', '', 'MaxNumber', '**问题描述**\n\n设计一个算法，找出一个整数数组中的最大值\n\n**输入描述**\n```\n一维整数数组\n```\n**输出描述**\n```\n最大值\n```\n**输入示例**\n```\n[1,3,4,6,2,100,5]\n```\n**输出示例**\n```\n100\n```', '设计一个算法，找出一个整数数组中的最大值', null, '003', '1', 'getMax', '10', '测试', '53', 'public class MaxNumber {\r\n    public int getMax(int[] numArr) {\r\n      //wirte your code\r\n    }\r\n}', '数组最大值', '66', '8a8a82575c3cfb3d015c3d3127d50002', '', null, null);
COMMIT;

-- ----------------------------
--  Table structure for `tbl_item_input`
-- ----------------------------
DROP TABLE IF EXISTS `tbl_item_input`;
CREATE TABLE `tbl_item_input` (
  `id` varchar(36) NOT NULL,
  `create_date_time` datetime DEFAULT NULL,
  `deleted` int(11) DEFAULT NULL,
  `update_date_time` datetime DEFAULT NULL,
  `version` int(11) DEFAULT NULL,
  `class_name` varchar(255) DEFAULT NULL,
  `input_handler` longtext,
  `is_assist_related` varchar(1) DEFAULT NULL,
  `itemid` varchar(36) DEFAULT NULL,
  `method_name` varchar(255) DEFAULT NULL,
  `param_no` varchar(255) DEFAULT NULL,
  `param_type` varchar(255) DEFAULT NULL,
  PRIMARY KEY (`id`)
) ENGINE=InnoDB DEFAULT CHARSET=utf8;

-- ----------------------------
--  Records of `tbl_item_input`
-- ----------------------------
BEGIN;
INSERT INTO `tbl_item_input` VALUES ('8a8a82695c5bf692015c5c1834320004', '2017-05-31 09:21:49', '0', '2017-05-31 14:31:23', '8', 'Solution008InputResolver', 'public class Solution008InputResolver {\r\n    public ListNode resolve(String param) {\r\n        param=param.replace(\"[\",\"\").replace(\"]\",\"\");\r\n        String[] arr=param.split(\",\");\r\n        ListNode head=new ListNode(Integer.valueOf(arr[0]).intValue());\r\n        ListNode ret=head;\r\n        for(int i=1;i<arr.length;i++){\r\n            ListNode node=new  ListNode(Integer.valueOf(arr[i]).intValue());\r\n            head.next=node;\r\n            head=node;\r\n        }\r\n        return ret;\r\n    }\r\n}\r\n\r\n\r\n/*public class ListNode {\r\n     int val;\r\n     ListNode next;\r\n     ListNode(int x) { val = x; }\r\n}*/', '0', '402880e55c597d0c015c59a856730000', 'resolve', '0,1', 'ListNode');
COMMIT;

-- ----------------------------
--  Table structure for `tbl_item_output`
-- ----------------------------
DROP TABLE IF EXISTS `tbl_item_output`;
CREATE TABLE `tbl_item_output` (
  `id` varchar(36) NOT NULL,
  `create_date_time` datetime DEFAULT NULL,
  `deleted` int(11) DEFAULT NULL,
  `update_date_time` datetime DEFAULT NULL,
  `version` int(11) DEFAULT NULL,
  `class_name` varchar(255) DEFAULT NULL,
  `itemid` varchar(36) DEFAULT NULL,
  `method_name` varchar(255) DEFAULT NULL,
  `output_handler` longtext,
  `param_type` varchar(255) DEFAULT NULL,
  `is_assist_related` varchar(1) DEFAULT NULL,
  PRIMARY KEY (`id`)
) ENGINE=InnoDB DEFAULT CHARSET=utf8;

-- ----------------------------
--  Records of `tbl_item_output`
-- ----------------------------
BEGIN;
INSERT INTO `tbl_item_output` VALUES ('8a8a82695c5c23f5015c5c577c9c0000', '2017-05-31 10:30:56', '0', '2017-05-31 14:30:34', '2', 'Solution008OutputResolver', '402880e55c597d0c015c59a856730000', 'resolve', 'import java.util.List;\r\nimport java.util.ArrayList;\r\nimport java.util.Arrays;\r\npublic class Solution008OutputResolver {\r\n    public String resolve(ListNode param) {\r\n        //write your code here;\r\n        List<Integer> list=new ArrayList<Integer>();\r\n        list.add(param.val);\r\n        while(param.next!=null){\r\n            param=param.next;\r\n            list.add(param.val);\r\n        }\r\n        return Arrays.toString(list.toArray());\r\n    }\r\n}\r\n\r\n\r\n/*public class ListNode {\r\n     int val;\r\n     ListNode next;\r\n     ListNode(int x) { val = x; }\r\n}*/', 'ListNode', '0');
COMMIT;

-- ----------------------------
--  Table structure for `tbl_item_testcase`
-- ----------------------------
DROP TABLE IF EXISTS `tbl_item_testcase`;
CREATE TABLE `tbl_item_testcase` (
  `id` varchar(36) NOT NULL,
  `create_date_time` datetime DEFAULT NULL,
  `deleted` int(11) DEFAULT NULL,
  `update_date_time` datetime DEFAULT NULL,
  `version` int(11) DEFAULT NULL,
  `input` varchar(255) DEFAULT NULL,
  `is_default` varchar(1) DEFAULT NULL,
  `itemid` varchar(36) DEFAULT NULL,
  `output` varchar(255) DEFAULT NULL,
  PRIMARY KEY (`id`)
) ENGINE=InnoDB DEFAULT CHARSET=utf8;

-- ----------------------------
--  Records of `tbl_item_testcase`
-- ----------------------------
BEGIN;
INSERT INTO `tbl_item_testcase` VALUES ('402880e55c590053015c592af0a70001', '2017-05-30 19:43:25', '0', '2017-05-30 19:43:25', '0', '[1,3]\n[2]', '1', '402880e55c590053015c59291f6a0000', '2.0'), ('402880e55c590053015c592ba11f0002', '2017-05-30 19:44:10', '0', '2017-05-30 19:44:10', '0', '[1,2,3,4,5,6,7,8]\n[8,9,10,11]', '0', '402880e55c590053015c59291f6a0000', '6.5'), ('402880e55c590053015c592bcb060003', '2017-05-30 19:44:21', '0', '2017-05-30 19:44:21', '0', '[1]\n[2]', '0', '402880e55c590053015c59291f6a0000', '1.5'), ('402880e55c590053015c592c7cfc0004', '2017-05-30 19:45:06', '0', '2017-05-30 19:45:06', '0', '[100,200]\n[111]', '0', '402880e55c590053015c59291f6a0000', '111.0'), ('402880e55c590053015c592cde120005', '2017-05-30 19:45:31', '0', '2017-05-30 19:45:31', '0', '[1,6,9]\n[2,8]', '0', '402880e55c590053015c59291f6a0000', '6.0'), ('402880eb5c4c8e52015c4c990f990000', '2017-05-28 09:08:38', '0', '2017-05-28 09:09:28', '1', '\"billjbilliambilljiang\"', '0', '402881925c4986bd015c499d23ad0007', '6'), ('402880eb5c4c8e52015c4c9957d80001', '2017-05-28 09:08:56', '0', '2017-05-28 09:08:56', '0', '\"123456543211234532147812354\"', '0', '402881925c4986bd015c499d23ad0007', '7'), ('402880eb5c4c8e52015c4c998fed0002', '2017-05-28 09:09:11', '0', '2017-05-28 09:09:11', '0', '\"123321123321\"', '0', '402881925c4986bd015c499d23ad0007', '3'), ('402881925c3fa5c4015c4029d5760002', '2017-05-25 23:11:42', '0', '2017-05-26 14:22:59', '9', '[3,2,4]\n6', '1', '402881925c3fa5c4015c3ff0bd470001', '[1, 2]'), ('402881925c487af4015c494299760006', '2017-05-27 17:35:20', '0', '2017-05-27 17:35:20', '0', '[1,1]\n2', '1', '402881925c3fa5c4015c3ff0bd470001', '[0, 1]'), ('402881925c487af4015c4944b2180007', '2017-05-27 17:37:37', '0', '2017-05-27 17:38:41', '1', '[0,1,2,3,3,2,1]\n3', '0', '402881925c3fa5c4015c3ff0bd470001', '[0, 3]'), ('402881925c487af4015c494639a80008', '2017-05-27 17:39:18', '0', '2017-05-27 17:39:18', '0', '[1,2,3,4,5,6,7,8,9]\n15', '0', '402881925c3fa5c4015c3ff0bd470001', '[5, 8]'), ('402881925c4986bd015c4a5666a7000a', '2017-05-27 22:36:35', '0', '2017-05-27 22:36:35', '0', '\"abcabcbb\"', '1', '402881925c4986bd015c499d23ad0007', '3'), ('402881925c4986bd015c4a5757e9000b', '2017-05-27 22:37:37', '0', '2017-05-27 22:37:37', '0', '\"bbbbb\"', '0', '402881925c4986bd015c499d23ad0007', '1'), ('402881925c4986bd015c4a57ef3a000c', '2017-05-27 22:38:15', '0', '2017-05-27 22:38:15', '0', 'pwwkew', '0', '402881925c4986bd015c499d23ad0007', '3'), ('402881925c4986bd015c4a5840aa000d', '2017-05-27 22:38:36', '0', '2017-05-27 22:38:36', '0', '\"abcdefeable\"', '0', '402881925c4986bd015c499d23ad0007', '6'), ('402881925c4986bd015c4a58bb58000e', '2017-05-27 22:39:08', '0', '2017-05-27 22:39:08', '0', '\"helloworldhelloworldwordhello\"', '0', '402881925c4986bd015c499d23ad0007', '7'), ('8a8a82575c3cfb3d015c3d1d98b10000', '2017-05-25 08:59:28', '0', '2017-05-25 09:00:47', '1', '1,2', '1', '402880ed5c30127b015c3055ae2f0001', '3'), ('8a8a82575c3d973b015c3e2c10150000', '2017-05-25 13:54:54', '0', '2017-05-25 13:57:50', '3', '[2,22,3,4,5,6,7,8]', '0', '8a8a82575c3cfb3d015c3d32c6220003', '22'), ('8a8a82575c3d973b015c3e2c6a770001', '2017-05-25 13:55:17', '0', '2017-05-25 13:55:17', '0', '[57,12,3,4,6,0,11,23]', '0', '8a8a82575c3cfb3d015c3d32c6220003', '57'), ('8a8a82575c3d973b015c3e2ca58e0002', '2017-05-25 13:55:32', '0', '2017-05-25 13:55:32', '0', '[1,1,1,1,1,0]', '0', '8a8a82575c3cfb3d015c3d32c6220003', '1'), ('8a8a82575c3d973b015c3e2d588c0003', '2017-05-25 13:56:18', '0', '2017-05-25 13:56:18', '0', '[1]', '0', '8a8a82575c3cfb3d015c3d32c6220003', '1'), ('8a8a82575c3d973b015c3e2e6de20004', '2017-05-25 13:57:29', '0', '2017-05-25 13:57:38', '1', '[1,3,4,6,2,100,5]', '1', '8a8a82575c3cfb3d015c3d32c6220003', '100'), ('8a8a82575c3d973b015c3e3f94c30005', '2017-05-25 14:16:13', '0', '2017-05-25 14:16:25', '1', '[2,3,4,51,3,5,6,33,12,33]', '0', '8a8a82575c3cfb3d015c3d32c6220003', '51'), ('8a8a82575c3d973b015c3f803bc70006', '2017-05-25 20:06:27', '0', '2017-05-25 20:06:42', '1', '[2,3,4,5,6,23,3,4,6,7,4]', '0', '8a8a82575c3cfb3d015c3d32c6220003', '23'), ('8a8a82695c5d5fdd015c5dabb92f0000', '2017-05-31 16:42:34', '0', '2017-05-31 18:07:07', '1', '[2,4,2]\n[5,6,3]', '1', '402880e55c597d0c015c59a856730000', '[7, 0, 6]'), ('8a8a82695c5df690015c5df978190000', '2017-05-31 18:07:29', '0', '2017-05-31 18:07:29', '0', '[1]\n[9]', '0', '402880e55c597d0c015c59a856730000', '[0, 1]'), ('8a8a82695c5df690015c5df9b4720001', '2017-05-31 18:07:44', '0', '2017-05-31 18:07:44', '0', '[1]\n[2]', '0', '402880e55c597d0c015c59a856730000', '[3]'), ('8a8a82695c5df690015c5dfa09520002', '2017-05-31 18:08:06', '0', '2017-05-31 18:08:06', '0', '[1,8,3]\n[4,8,9]', '0', '402880e55c597d0c015c59a856730000', '[5, 6, 3, 1]'), ('8a8a82695c5df690015c5dfa5ce70003', '2017-05-31 18:08:27', '0', '2017-05-31 18:08:27', '0', '[8,3,5,7]\n[4,5]', '0', '402880e55c597d0c015c59a856730000', '[2, 9, 5, 7]');
COMMIT;

-- ----------------------------
--  Table structure for `tbl_markdown`
-- ----------------------------
DROP TABLE IF EXISTS `tbl_markdown`;
CREATE TABLE `tbl_markdown` (
  `id` varchar(36) NOT NULL,
  `create_date_time` datetime DEFAULT NULL,
  `deleted` int(11) DEFAULT NULL,
  `update_date_time` datetime DEFAULT NULL,
  `version` int(11) DEFAULT NULL,
  `keywords` varchar(255) DEFAULT NULL,
  `title` varchar(255) DEFAULT NULL,
  `user_id` varchar(255) DEFAULT NULL,
  `content` longtext,
  `code` varchar(255) DEFAULT NULL,
  `author` varchar(255) DEFAULT NULL,
  `summary` longtext,
  `type_id` varchar(36) DEFAULT NULL,
  `type_name` varchar(36) DEFAULT NULL,
  PRIMARY KEY (`id`)
) ENGINE=InnoDB DEFAULT CHARSET=utf8;

-- ----------------------------
--  Records of `tbl_markdown`
-- ----------------------------
BEGIN;
INSERT INTO `tbl_markdown` VALUES ('402880e958ecdff60158ed0c62ba0001', '2016-12-11 16:42:41', '0', '2017-02-06 11:18:28', '2', 'Markdown,关键字', '欢迎使用Markdown编辑器写文章', null, '# 欢迎使用Markdown编辑器写文章\n\n本Markdown编辑器使用**Editor.md**修改而来，用它写技术文章，将会带来全新的体验哦：\n\n- **Markdown和扩展Markdown简洁的语法**\n- **代码块高亮**\n- **图片链接和图片上传**\n- ***LaTex*数学公式**\n- **UML序列图和流程图**\n- **离线写文章**\n- **导入导出Markdown文件**\n- **丰富的快捷键**\n-------------------\n\n## 快捷键\n\n - 加粗     `Ctrl + B`\n - 斜体     `Ctrl + I`\n - 引用     `Ctrl + Q`\n - 插入链接    `Ctrl + L`\n - 插入代码    `Ctrl + K`\n - 插入图片    `Ctrl + G`\n - 提升标题    `Ctrl + H`\n - 有序列表    `Ctrl + O`\n - 无序列表    `Ctrl + U`\n - 横线    `Ctrl + R`\n - 撤销    `Ctrl + Z`\n - 重做    `Ctrl + Y`\n\n## Markdown及扩展\n\n> Markdown 是一种轻量级标记语言，它允许人们使用易读易写的纯文本格式编写文档，然后转换成格式丰富的HTML页面。    —— <a href=\"https://zh.wikipedia.org/wiki/Markdown\" target=\"_blank\"> [ 维基百科 ]\n\n使用简单的符号标识不同的标题，将某些文字标记为**粗体**或者*斜体*，创建一个[链接](http://www.csdn.net)等，详细语法参考帮助？。\n\n本编辑器支持 **Markdown Extra** , 　扩展了很多好用的功能。具体请参考[Github][2].\n\n### 表格\n\n**Markdown　Extra**　表格语法：\n\n项目     | 价格\n-------- | ---\nComputer | $1600\nPhone    | $12\nPipe     | $1\n\n可以使用冒号来定义对齐方式：\n\n| 项目      |    价格 | 数量  |\n| :-------- | --------:| :--: |\n| Computer  | 1600 元 |  5   |\n| Phone     |   12 元 |  12  |\n| Pipe      |    1 元 | 234  |\n\n\n### 代码块\n代码块语法遵循标准markdown代码，例如：\n``` python\n@requires_authorization\ndef somefunc(param1=\'\', param2=0):\n    \'\'\'A docstring\'\'\'\n    if param1 > param2: # interesting\n        print \'Greater\'\n    return (param2 - param1 + 1) or None\nclass SomeClass:\n    pass\n>>> message = \'\'\'interpreter\n... prompt\'\'\'\n```\n\n\n### 目录\n用 `[TOC]`来生成目录：\n\n[TOC]\n\n### 数学公式\n使用MathJax渲染*LaTex* 数学公式，详见[math.stackexchange.com][1].\n\n - 行内公式，数学公式为：$\\Gamma(n) = (n-1)!\\quad\\forall n\\in\\mathbb N$。\n - 块级公式：\n\n$$	x = \\dfrac{-b \\pm \\sqrt{b^2 - 4ac}}{2a} $$\n\n更多LaTex语法请参考 [这儿][3].\n\n### UML 图:\n\n可以渲染序列图：\n\n```sequence\n张三->李四: 嘿，小四儿, 写博客了没?\nNote right of 李四: 李四愣了一下，说：\n李四-->张三: 忙得吐血，哪有时间写。\n```\n\n或者流程图：\n\n```flow\nst=>start: 开始\ne=>end: 结束\nop=>operation: 我的操作\ncond=>condition: 确认？\n\nst->op->cond\ncond(yes)->e\ncond(no)->op\n```\n\n- 关于 **序列图** 语法，参考 [这儿][4],\n- 关于 **流程图** 语法，参考 [这儿][5].\n\n## 离线写博客\n\n即使用户在没有网络的情况下，也可以通过本编辑器离线写文章（直接在曾经使用过的浏览器中输入[write.blog.csdn.net/mdeditor](http://write.blog.csdn.net/mdeditor)即可。**Markdown编辑器**使用浏览器离线存储将内容保存在本地。\n\n用户写文章的过程中，内容实时保存在浏览器缓存中，在用户关闭浏览器或者其它异常情况下，内容不会丢失。用户再次打开浏览器时，会显示上次用户正在编辑的没有发表的内容。\n\n文章发表后，本地缓存将被删除。\n\n用户可以选择 <i class=\"icon-disk\"></i> 把正在写的文章保存到服务器草稿箱，即使换浏览器或者清除缓存，内容也不会丢失。\n\n> **注意：**虽然浏览器存储大部分时候都比较可靠，但为了您的数据安全，在联网后，**请务必及时发表或者保存到服务器草稿箱**', null, null, null, null, null), ('402880ea5aae3edf015ab22e20740018', '2017-03-09 16:27:31', '0', '2017-03-09 17:29:53', '2', 'BaseFile,Bootstrap-fileinput,附件上传', '附件上传组件BaseFile使用说明', '402880e456223e8f015625231d8e0003', '##介绍\nBaseFile是AdminEAP框架中基于Bootstrap-fileinput的附件上传组件，它支持 支持多文件、在线预览、拖拽上传等功能，封装后BaseFile主要包括以下功能：\n\n- 弹出窗口的附件上传\n- 当前界面的附件上传\n- 显示附件明细\n- 可编辑的附件明细（删除、预览、不可新增）\n\n关于BaseFile的详细使用，请参照本人博客：[Bootstrap-fileinput组件封装及使用 ](blog.csdn.net/jrn1012/article/details/60963714)\n关于Bootstrap-fileinput的API文档可参考[http://plugins.krajee.com/file-input](http://plugins.krajee.com/file-input)\n\n##使用说明\n###1、初始化\n如果需要在当前界面使用附件上传功能（非弹窗方式）则需要在头部引入相关的css和js文件\n- css文件\n```\n<link rel=\"stylesheet\" href=\"./resources/common/libs/fileinput/css/fileinput.min.css\">\n```\n- js文件\n```\n<script src=\"./resources/common/libs/fileinput/js/fileinput.js\"></script>\n<script src=\"./resources/common/libs/fileinput/js/locales/zh.js\"></script>\n<!--BaseFile组件-->\n<script src=\"./resources/common/js/base-file.js\"></script>\n```\nform表单上还需要配置`enctype=\"multipart/form-data\"`属性\n\n###2、弹窗方式调用\n\nBaseFile支持弹窗方式打开一个附件上传窗口，点击附件上传后，弹出窗口，上传附件关闭窗口后，上传的附件在type=file的控件回填，配置如下：\n- html代码\n```\n          <input type=\"hidden\" name=\"fileIds\" id=\"fileIds\">\n          <div class=\"form-group\">\n                <div class=\"btn btn-default btn-file\" id=\"uploadFile\">\n                    <i class=\"fa fa-paperclip\"></i> 上传附件(Max. 10MB)\n                </div>\n            </div>\n            <div class=\"form-group\" id=\"file_container\">\n                <input type=\"file\" name=\"file\"  id=\"attachment\">\n            </div>    \n```\n- js代码\n```javascript\n$(\"#uploadFile\").file({\n            title: \"请上传附件\",\n            fileinput: {\n                maxFileSize: 10240,\n                maxFileCount:3\n            },\n            fileIdContainer:\"[name=\'fileIds\']\",\n            showContainer:\'#attachment\',\n            //显示文件类型 edit=可编辑  detail=明细 默认为明细\n            showType:\'edit\',\n            //弹出窗口 执行上传附件后的回调函数(window:false不调用此方法)\n			window:true,\n            callback:function(fileIds,oldfileIds){\n                //更新fileIds\n                this.showFiles({\n                    fileIds:fileIds\n                });\n            }\n        });\n```\n###3、本地界面调用\n本地界面调用附件上传，通过以下方式配置：\n\n- html代码\n```html\n<div class=\"form-group\" id=\"file_container\">\n      <input type=\"file\" name=\"file\"  id=\"attachment\">\n</div>\n```\n- js代码\n```javascript\n    $(\"#attachment\").file({\n            fileinput: {\n                maxFileSize: 10240,\n                maxFileCount:3\n            },\n            fileIdContainer:\"[name=\'fileIds\']\",\n            window:false\n        });\n```\n###4、参数说明\n- `window` 默认为true,弹窗方式打开\n\n- `title` window=true时配置，弹窗的标题，默认为“文件上传”\n\n- `width` window=true时配置，弹窗的宽度，默认900\n\n- `winId` window=true时配置，弹出的id，默认为fileWin\n\n- `fileinput` Bootstrap-fileinput的配置参数，会覆盖默认配置，比如允许上传哪种类型的附件`allowedFileTypes`，允许上传最大附件大小`maxFileSize`，允许上传附件的个数`maxFileCount`等，具体的配置参数可以查询Bootstrap-fileinput的API文档。\n\n- `fileIdContainer` 必须，上传后的附件id存储的位置，id以逗号分隔\n\n- `showContainer` window=true必须配置，文件上传后回填的区域，window=false时如不配置，则取base-file的初始对象\n\n- `showType` window=true配置，值为`edit`或者`detail`,`edit`表示回填后可对数据进行删除、预览，`detail`只能显示，不能删除\n\n- `callback` window=true配置，关闭附件上传的窗口后执行的回调函数（比如更新当前的文件列表），`fileIds`,`oldfileIds`两个参数分别是更新后文件ids和更新前的文件ids\n\n- BaseFile默认配置，BaseFile的更多实现，请查看BaseFile源码\n```javascript\nBaseFile.prototype.default = {\n        winId: \"fileWin\",\n        width: 900,\n        title: \"文件上传\",\n        //通用文件上传界面\n        url: basePath + \"/file/uploader\",\n        //默认支持多文件上传\n        multiple: true,\n        //默认弹出附件上传窗口\n        window:true,\n        showType:\"detail\",\n        fileinput: {\n            language: \'zh\',\n            uploadUrl: basePath + \"/file/uploadMultipleFile\",\n            deleteUrl:basePath+\"/file/delete\",\n            uploadAsync:false,\n            validateInitialCount:true,\n            overwriteInitial: false,\n            allowedPreviewTypes: [\'image\'],\n            previewFileIcon:\'<i class=\"fa fa-file-o\"></i>\',\n            previewFileIconSettings: null,\n            slugCallback: function (text) {\n                var newtext=(!text||text==\'\') ? \'\' : String(text).replace(/[\\-\\[\\]\\/\\{}:;#%=\\(\\)\\*\\+\\?\\\\\\^\\$\\|<>&\"\']/g, \'_\');\n                //去除空格\n                return newtext.replace(/(^\\s+)|(\\s+$)/g,\"\").replace(/\\s/g,\"\");\n            }\n        }\n    }\n```\n\n', 'file', null, null, null, null), ('402880ed5abdfec1015abe20b0e90000', '2017-03-12 00:08:17', '0', '2017-03-12 00:08:17', '0', 'BaseFile,Bootstrap-fileinput,附件上传,附件下载', '附件上传组件BaseFile使用说明-附件下载实现', '402880e456223e8f015625231d8e0003', '##介绍\n在上一篇文章中介绍了Bootstrap-fileinput组件的封装及使用，这篇文章延续上一篇文章，介绍了基于封装后的组件BaseFile中下载功能实现，也就是Bootstrap-fileinput中otherActionButtons中扩展自定义按钮。如下图所示：\n\n![下载按钮](http://img.blog.csdn.net/20170311234606744?watermark/2/text/aHR0cDovL2Jsb2cuY3Nkbi5uZXQvanJuMTAxMg==/font/5a6L5L2T/fontsize/400/fill/I0JBQkFCMA==/dissolve/70/gravity/SouthEast)\n\n##实现步骤\n\n###1、修改fileinput.js源码\n（fileinput.min.js也要相应修改），修改此处是为了在文件尚未上传时，下载按钮不显示，如下图所示：\n![fileinput.js代码修改](http://img.blog.csdn.net/20170311235027047?watermark/2/text/aHR0cDovL2Jsb2cuY3Nkbi5uZXQvanJuMTAxMg==/font/5a6L5L2T/fontsize/400/fill/I0JBQkFCMA==/dissolve/70/gravity/SouthEast)\n\n###2、配置下载按钮\n在BaseFile文件中，配置下载otherActionButtons属性。\n![下载按钮配置](http://img.blog.csdn.net/20170311235325208?watermark/2/text/aHR0cDovL2Jsb2cuY3Nkbi5uZXQvanJuMTAxMg==/font/5a6L5L2T/fontsize/400/fill/I0JBQkFCMA==/dissolve/70/gravity/SouthEast)\n```\notherActionButtons:\'<button type=\"button\" class=\"kv-file-down btn btn-xs btn-default\" {dataKey} title=\"下载附件\"><i class=\"fa fa-cloud-download\"></i></button>\',\n```\n###3、下载按钮事件绑定\n在文件显示、上传文件成功，批量上传文件成功后绑定下载事件，每次把先解绑click事件后在绑定，防止重复绑定。\n![绑定下载事件](http://img.blog.csdn.net/20170311235701260?watermark/2/text/aHR0cDovL2Jsb2cuY3Nkbi5uZXQvanJuMTAxMg==/font/5a6L5L2T/fontsize/400/fill/I0JBQkFCMA==/dissolve/70/gravity/SouthEast)\n\n相关代码：\n\n```javascript\n   BaseFile.prototype.showFiles=function(options){\n        //此处省略一大堆代码\n        //console.log(\"config==========\"+JSON.stringify(config));\n        fileComponet.fileinput(\'destroy\');\n        fileComponet.fileinput(config).on(\"filedeleted\",function (event,key) {\n            var newfids=self.deleteFileIds(key,self.options.fileIds);\n            self.options.fileIds=newfids;\n            self.updateFileIds();\n        }).on(\"fileuploaded\",function(event,data,previewId,index){\n            var newfids=self.addFileIds(data.response.fileIds,self.options.fileIds);\n            self.options.fileIds=newfids;\n            self.updateFileIds();\n            //otherActionButtons绑定事件 下载按钮绑定\n            self.downloadHandler(this);\n        }).on(\"filebatchuploadsuccess\",function (event,data,previewId,index) {\n            var newfids=self.addFileIds(data.response.fileIds,self.options.fileIds);\n            self.options.fileIds=newfids;\n            self.updateFileIds();\n            //otherActionButtons绑定事件\n            self.downloadHandler(this);\n        }).on(\"filezoomhidden\", function(event, params) {\n            $(document.body).removeClass(\'modal-open\');\n            $(document.body).css(\"padding-right\",\"0px\");\n        })\n        this.downloadHandler(fileComponet);\n    }\n\n\n    /**\n     * 其他按钮（如下载）绑定时间\n     */\n    BaseFile.prototype.downloadHandler=function(fileobj){\n        if(!fileobj)\n            fileobj=$(this.options.showContainer);\n        var objs=$(fileobj).data(\'fileinput\').$preview.find(\".kv-preview-thumb .kv-file-down\");\n        objs.unbind(\"click\");\n        objs.on(\"click\",function(){\n           //点击下载\n            window.location.href=basePath+\"/file/download/\"+$(this).data(\"key\");\n        });\n    }\n```\n弹出窗口方式上传文件绑定下载事件类似，可在file_uploader.html中找到相关代码。\n\n###4、后台下载文件方法\n\n```java\n  @RequestMapping(value=\"/download/{id}\",method = RequestMethod.GET)\n    public void downloadFile(@PathVariable(\"id\") String id,HttpServletRequest request,HttpServletResponse response) throws IOException {\n        SysFile sysfile = uploaderService.get(SysFile.class, id);\n\n        InputStream is = null;\n        OutputStream os = null;\n        File file = null;\n        try {\n            // PrintWriter out = response.getWriter();\n            if (sysfile != null)\n                file = new File(request.getRealPath(\"/\")+sysfile.getFilePath());\n            if (file != null && file.exists() && file.isFile()) {\n                long filelength = file.length();\n                is = new FileInputStream(file);\n                // 设置输出的格式\n                os = response.getOutputStream();\n                response.setContentType(\"application/x-msdownload\");\n                response.setContentLength((int) filelength);\n                response.addHeader(\"Content-Disposition\", \"attachment; filename=\\\"\" + new String(sysfile.getFileName().getBytes(\"GBK\"),// 只有GBK才可以\n                        \"iso8859-1\") + \"\\\"\");\n\n                // 循环取出流中的数据\n                byte[] b = new byte[4096];\n                int len;\n                while ((len = is.read(b)) > 0) {\n                    os.write(b, 0, len);\n                }\n            } else {\n                response.getWriter().println(\"<script>\");\n                response.getWriter().println(\" modals.info(\'文件不存在!\');\");\n                response.getWriter().println(\"</script>\");\n            }\n\n        } catch (IOException e) {\n            // e.printStackTrace();\n        } finally {\n            if (is != null) {\n                is.close();\n            }\n            if (os != null) {\n                os.close();\n            }\n        }\n    }\n```\n\n', null, null, null, null, null), ('402881935a5f60d3015a5f7d43900000', '2017-02-21 15:05:29', '0', '2017-02-21 15:08:45', '1', '代码生成器,AdminEAP,AdminLTE,freemarker', '代码生成器的使用说明', '402880e456223e8f015625231d8e0003', 'AdminEAP为是基于AdminLTE改造的后台管理框架，包含了组件集成、CURD增删改查、系统工具、工作流、系统权限与安全等基本的系统管理功能和各种交互demo，项目源码已经在Github上开源，并部署到阿里云。\n\n**Github** : https://github.com/bill1012/AdminEAP\n\n**AdminEAP 官网**: http://www.admineap.com\n\n本文介绍使用freemarker模板，在AdminEAP框架下实现代码生成器，以实现CURD功能的快速生成，借助于代码生成器，基础的开发可以节约大量的时间，同时保持了编码的一致性。\n\n![这里写图片描述](http://img.blog.csdn.net/20170221133333679?watermark/2/text/aHR0cDovL2Jsb2cuY3Nkbi5uZXQvanJuMTAxMg==/font/5a6L5L2T/fontsize/400/fill/I0JBQkFCMA==/dissolve/70/gravity/SouthEast)\n\n#使用步骤\n\n下面以Generator实体为例，介绍代码生成器的使用\n\n##1、编写实体类\n\n编写实体类，通过自定义注解Header声明相关属性\n\n![编写实体类](http://img.blog.csdn.net/20170221142700625?watermark/2/text/aHR0cDovL2Jsb2cuY3Nkbi5uZXQvanJuMTAxMg==/font/5a6L5L2T/fontsize/400/fill/I0JBQkFCMA==/dissolve/70/gravity/SouthEast)\n\nHeader为自定义注解，开发者在建立外键关系时，可通过ManyToOne，也通过joinClass指定关联的实体，dataSource指定了在编辑时，该属性的数据来源，当为字典时，指定为字典父编码，也可以指定一个url。\n\n##2、生成xml配置\n\n启动项目后，输入queryId，实体名，业务名，点击“加载配置“，弹出xml配置窗口，可在此配置窗口配置查询xml\n\n![生成xml](http://img.blog.csdn.net/20170221144007125?watermark/2/text/aHR0cDovL2Jsb2cuY3Nkbi5uZXQvanJuMTAxMg==/font/5a6L5L2T/fontsize/400/fill/I0JBQkFCMA==/dissolve/70/gravity/SouthEast)\n\nAdminEAP的所有数据列表都是基于xml配置的，可支持反射接口查询、sql配置的查询、离线查询（hql）。\n\n##3、重启系统使xml配置生效\n\n如果是首次生成xml文件（注意是文件，如果在已有的xml配置内容，则不需要重新，刷新系统即可，系统会读取更新的xml）\n\n![配置xml](http://img.blog.csdn.net/20170221144603370?watermark/2/text/aHR0cDovL2Jsb2cuY3Nkbi5uZXQvanJuMTAxMg==/font/5a6L5L2T/fontsize/400/fill/I0JBQkFCMA==/dissolve/70/gravity/SouthEast)\n\n##4、配置具体参数\n\n输入queryId，点击”加载配置“后，系统读取xml的配置，并回填所有的默认配置，包括要生成的文件，文件路径等等，开发者也可以根据自己的需要更改参数配置。在界面右侧是实体的属性列表，开发者可以勾选数据再编辑时使用的控件类型，也可以勾选是是否作为查询条件，是否在编辑界面中维护等等。\n\n![配置具体参数](http://img.blog.csdn.net/20170221145011918?watermark/2/text/aHR0cDovL2Jsb2cuY3Nkbi5uZXQvanJuMTAxMg==/font/5a6L5L2T/fontsize/400/fill/I0JBQkFCMA==/dissolve/70/gravity/SouthEast)\n\n更具体配置说明，包含在今后的技术文档（付费）中\n\n##5、根据freemarker模板生成代码\n\n从界面上收集好以上配置参数后，代码生成器将这些参数给配置好的freemarker模板，生成相关的源代码。\n\n以下是控制器模板controller.html\n```\npackage ${nameSpace}.controller;\n\nimport java.util.Date;\n\nimport javax.annotation.Resource;\nimport javax.servlet.http.HttpServletRequest;\n\nimport com.alibaba.fastjson.JSON;\nimport com.cnpc.framework.base.entity.Dict;\nimport com.cnpc.framework.utils.StrUtil;\nimport org.springframework.beans.BeanUtils;\nimport org.springframework.stereotype.Controller;\nimport org.springframework.web.bind.annotation.PathVariable;\nimport org.springframework.web.bind.annotation.RequestMapping;\nimport org.springframework.web.bind.annotation.RequestMethod;\nimport org.springframework.web.bind.annotation.ResponseBody;\n\nimport com.cnpc.framework.base.service.BaseService;\nimport com.cnpc.framework.annotation.RefreshCSRFToken;\nimport com.cnpc.framework.annotation.VerifyCSRFToken;\nimport com.cnpc.framework.base.pojo.Result;\nimport ${className};\n\n/**\n* ${modelName}管理控制器\n* @author jrn\n* ${curTime?string(\"yyyy-MM-dd HH:mm:ss\")}由代码生成器自动生成\n*/\n@Controller\n@RequestMapping(\"/${htmlPrefix}\")\npublic class ${javaPrefix}Controller {\n\n    @Resource\n    <#if javaTypes?contains(\"service\")>\n    private ${javaPrefix}Service ${htmlPrefix}Service;\n    <#else>\n    private BaseService baseService;\n    </#if>\n\n    @RequestMapping(value=\"/list\",method = RequestMethod.GET)\n    public String list(){\n        return \"${businessPackage}/${htmlPrefix}_list\";\n    }\n\n    @RefreshCSRFToken\n    @RequestMapping(value=\"/edit\",method = RequestMethod.GET)\n    public String edit(String id,HttpServletRequest request){\n        request.setAttribute(\"id\", id);\n        return \"${businessPackage}/${htmlPrefix}_edit\";\n    }\n\n    @RequestMapping(value=\"/detail\",method = RequestMethod.GET)\n    public String detail(String id,HttpServletRequest request){\n        request.setAttribute(\"id\", id);\n        return \"${businessPackage}/${htmlPrefix}_detail\";\n    }\n\n    @RequestMapping(value=\"/get/{id}\",method = RequestMethod.POST)\n    @ResponseBody\n    public ${javaPrefix} get(@PathVariable(\"id\") String id){\n        return <#if javaTypes?contains(\"service\")>${htmlPrefix}Service<#else>baseService</#if>.get(${javaPrefix}.class, id);\n    }\n\n    @VerifyCSRFToken\n    @RequestMapping(value=\"/save\")\n    @ResponseBody\n    <#assign isObj=1>\n    <#list fields as field>\n        <#if field.columnName?contains(\".\")>\n            <#assign isObj=0>\n        </#if>\n    </#list>\n    public Result save(<#if isObj=1>${javaPrefix} ${htmlPrefix}<#else>String obj</#if>){\n        <#if isObj=0>\n        ${javaPrefix} ${htmlPrefix}= JSON.parseObject(obj,${javaPrefix}.class);\n        <#list fields as field>\n        <#if field.columnName?contains(\".\")>\n            <#assign fieldName=field.columnName?substring(0,field.columnName?index_of(\".\"))>\n            <#assign fieldN=fieldName?substring(0,1)?upper_case+fieldName?substring(1)>\n        ${htmlPrefix}.set${fieldN}(<#if javaTypes?contains(\"service\")>${htmlPrefix}Service<#else>baseService</#if>.get(${field.type}.class,${htmlPrefix}.get${fieldN}().getId()));\n        </#if>\n        </#list>\n        </#if>\n        if(StrUtil.isEmpty(${htmlPrefix}.getId())){\n        <#if dateFields?exists&&(dateFields?size>0)>\n            <#list dateFields as date>\n            ${date};\n            </#list>\n        </#if>\n            <#if javaTypes?contains(\"service\")>${htmlPrefix}Service<#else>baseService</#if>.save(${htmlPrefix});\n        }\n        else{\n        <#if leftFields?exists&&(leftFields?size>0)>\n            ${javaPrefix} ${htmlPrefix}_old=<#if javaTypes?contains(\"service\")>${htmlPrefix}Service<#else>baseService</#if>.get(${javaPrefix}.class,${htmlPrefix}.getId());\n            BeanUtils.copyProperties(${htmlPrefix},${htmlPrefix}_old, <#list leftFields as str><#if str_index==0>\"${str}\"<#else>,\"${str}\"</#if></#list>);\n            <#if leftDates?exists&&(leftDates?size>0)>\n                <#list leftDates as ld>\n             ${ld};\n                </#list>\n            </#if>\n            ${htmlPrefix}_old.setUpdateDateTime(new Date());\n            <#if javaTypes?contains(\"service\")>${htmlPrefix}Service<#else>baseService</#if>.update(${htmlPrefix}_old);\n            <#else>\n            ${htmlPrefix}.setUpdateDateTime(new Date());\n            <#if javaTypes?contains(\"service\")>${htmlPrefix}Service<#else>baseService</#if>.update(${htmlPrefix});\n            </#if>\n        }\n        return new Result(true);\n    }\n    \n    @RequestMapping(value=\"/delete/{id}\",method = RequestMethod.POST)\n    @ResponseBody\n    public Result delete(@PathVariable(\"id\") String id){\n        ${javaPrefix} ${htmlPrefix}=this.get(id);\n        try{\n            baseService.delete(${htmlPrefix});\n            return new Result();\n        }\n        catch(Exception e){\n            return new Result(false,\"该数据已经被引用，不可删除\");\n        }\n    }\n\n}\n\n```\n\n##6、修改生成的代码并重启系统查看效果\n\n开发者根据需要修改生成的代码，并重启系统，查看效果，如果需要分配权限，请先将生成的菜单功能授权，才可有相应的菜单。\n\n![代码生成器-列表](http://img.blog.csdn.net/20170221145826165?watermark/2/text/aHR0cDovL2Jsb2cuY3Nkbi5uZXQvanJuMTAxMg==/font/5a6L5L2T/fontsize/400/fill/I0JBQkFCMA==/dissolve/70/gravity/SouthEast)\n\n![代码生成-编辑](http://img.blog.csdn.net/20170221145859391?watermark/2/text/aHR0cDovL2Jsb2cuY3Nkbi5uZXQvanJuMTAxMg==/font/5a6L5L2T/fontsize/400/fill/I0JBQkFCMA==/dissolve/70/gravity/SouthEast)\n\n通过代码生成生成了一个业务功能的CURD操作。\n\n##7、总结\n\n以上操作步骤，在开发环境使用，在项目中使用代码生成器的主要工作量在编写实体，两次重启系统（如果在之前xml追加内容，则是一次重启）上，其余采用默认配置即可。\n\n欢迎大家使用AdminEAP框架，如有意见建议请登录[AdminEAP官网](http://www.admineap.com)给我提意见。\n\n\n', 'code', null, null, null, null), ('8a8a81425a118296015a118d0fda0000', '2017-02-06 11:52:21', '0', '2017-05-24 10:23:51', '4', 'Bootstrap modal,模态窗体', '模态窗体Modals使用说明', '402880e456223e8f015625231d8e0003', '##功能说明\n在AdminEAP框架中，封装了Bootstrap modal窗体，提供以下功能\n- info(提示)\n- correct(成功)\n- warn(警告)\n- error(错误)\n- confirm(确认)\n- popup(提示，无按钮)\n- openWin(模态窗体)\n\n##使用示例\n引入文件\n`<script type=\"text/javascript\" src=\"${basePath}/resources/common/js/base-modal.js\"></script>`\n###1.提示\n<div style=\"padding-bottom:20px;\">\n<button class=\'btn btn-info\' data-btn-type=\'info\' onclick=\'modals.info(\"提示信息\")\'>提示</button>\n</div>\n\n```\n<button class=\'btn btn-info\' data-btn-type=\'info\' onclick=\'info()\'>提示</button>\n\n<script>\n  function info(){\n     modals.info(\'提示信息\');\n  }\n</script>\n```\n###2.成功\n<div style=\"padding-bottom:20px;\">\n<button class=\'btn btn-success\' data-btn-type=\'success\' onclick=\'modals.correct(\"操作成功信息\")\'>成功</button>\n</div>\n\n```\n<button class=\'btn btn-success\' data-btn-type=\'success\' onclick=\'correct()\'>成功</button>\n\n<script>\n  function correct(){\n     modals.correct(\'操作成功信息\');\n  }\n</script>\n```\n###3.警告\n<div style=\"padding-bottom:20px;\">\n<button class=\'btn btn-warning\' data-btn-type=\'warn\' onclick=\'modals.warn(\"警告信息\")\'>警告</button>\n</div>\n\n```\n<button class=\'btn btn-warning\' data-btn-type=\'warn\' onclick=\'warn()\'>警告</button>\n\n<script>\n  function warn(){\n     modals.warn(\'警告信息\');\n  }\n</script>\n```\n###4.错误\n<div style=\"padding-bottom:20px;\">\n<button class=\'btn btn-danger\' data-btn-type=\'error\' onclick=\'modals.error(\"错误提示信息\")\'>错误</button>\n</div>\n\n```\n<button class=\'btn btn-danger\' data-btn-type=\'error\' onclick=\'error()\'>错误</button>\n\n<script>\n  function error(){\n     modals.error(\'错误提示信息\');\n  }\n</script>\n```\n###5.确认提示框\n<div style=\"padding-bottom:20px;\">\n<button class=\'btn btn-primary\' data-btn-type=\'confirm\' onclick=\'modals.confirm(\"错误提示信息\",function(){alert(\"do something\")})\'>确认提示框</button>\n</div>\n\n```\n<button class=\'btn btn-primary\' data-btn-type=\'confirm\' onclick=\'confirm()\'>确认提示框</button>\n\n<script>\n  function confirm(){\n     modals.confirm(\'错误提示信息\'，function(){\n	    alert(\'do something\');\n	 });\n  }\n</script>\n```\n\"取消\"按钮带回调函数的调用方法\n```javascript\n modals.confirm({\n                text:\"是否为选择的\"+userArr.length+\"个用户建立群组？\",\n                callback:function () {\n                    openGroupAddWin();\n                    modals.hideWin(\"receiverWin\");\n                },\n                cancel_call:function () {\n                    setReceiverUserIds();\n                    modals.hideWin(\"receiverWin\");\n                }\n        })\n```\n###6.自定义模态窗口\n<div style=\"padding-bottom:20px;\">\n<button class=\'btn btn-info\' data-btn-type=\'window\' onclick=\'modals.openWin({winId:\"userWin\", title:\"新增用户\", width:\"900px\", url:basePath+\"/user/edit\"})\'>自定义模态窗口</button>\n</div>\n\n```\n<button class=\'btn btn-info\' data-btn-type=\'window\' onclick=\'openWin()\'>自定义模态窗口</button>\n\n<script>\n  function openWin(){\n     modals.openWin({\n	    winId:\'userWin\',\n        title:\'新增用户\',\n        width:\'900px\',\n        url:basePath+\"/user/edit\"\n	 });\n  }\n</script>\n```\n\n <button class=\"btn btn-primary\" id=\"btn_msg\" style=\"width: 100%\" onclick=\'modals.openWin({ \n                winId:\"messageWin\",\n                title:\"给【billJiang】留言\",\n                width:\"750px\",\n                url:basePath+\"/message/mail/edit\"\n            });\'><i class=\"fa fa-commenting\"></i>&nbsp;&nbsp;我是billJiang，如果有任何意见/建议/创意/问题/想法，点击该按钮给我留言</button>\n', 'modal', null, null, null, null), ('8a8a826c5ac5e9a4015ac65cc9630000', '2017-03-13 14:30:54', '0', '2017-03-13 15:03:48', '1', 'CSRF,AdminEAP', 'AdminEAP框架防范CSRF', '402880e456223e8f015625231d8e0003', '##介绍\n\nCSRF（Cross-site request forgery跨站请求伪造，也被称为“One Click Attack”或者Session Riding，通常缩写为CSRF或者XSRF，是一种对网站的恶意利用。尽管听起来像跨站脚本（XSS），但它与XSS非常不同，并且攻击方式几乎相左。XSS利用站点内的信任用户，而CSRF则通过伪装来自受信任用户的请求来利用受信任的网站。与XSS攻击相比，CSRF攻击往往不大流行（因此对其进行防范的资源也相当稀少）和难以防范，所以被认为比XSS更具危险性。\n\n本文介绍在AdminEAP框架下，如何防范CSRF。\n\n##思路\n\n具体思路：\n\n1、跳转页面前生成随机token，并存放在session中\n\n2、form中将token放在隐藏域中，保存时将token放头部一起提交\n\n3、获取头部token，与session中的token比较，一致则通过，否则不予提交\n\n4、生成新的token，并传给前端\n\n##实现\n1、Spring MVC中配置拦截器：\n```xml\n<mvc:interceptors>\n	    <!-- csrf攻击防御 -->\n		<mvc:interceptor>\n			<!-- 需拦截的地址 -->\n			<mvc:mapping path=\"/**\" />\n			<!-- 需排除拦截的地址 -->\n			<mvc:exclude-mapping path=\"/resources/**\" />\n			<mvc:exclude-mapping path=\"/uploadPath/**\" />\n			<!-- <mvc:exclude-mapping path=\"/user/user_login\" />\n			<mvc:exclude-mapping path=\"/user/login\" /> -->\n			<bean class=\"com.cnpc.framework.interceptor.CSRFInterceptor\" />\n		</mvc:interceptor>\n	</mvc:interceptors>\n```\n2、拦截器的具体实现：(具体实现代码详见CSRFInterceptor.java)\n\n1）进入方法之前，校验CSRF，校验失败，刷新csrftoken，向前端抛出错误信息\n>在preHandler方法上读取verifyCSRFToken注解配置，如果未配置直接通过验证，如果配置了，为GET页面跳转请求（不含@ResponseBody）则刷新session中的csrftoken,并向前端弹出错误信息。如果为ajax请求，刷新session中csrftoken，并将新的csrftoken写入responseBody,并在前端$.ajax方法中success方法中进行处理和提示(在success处理token不一致)\n\n```javascript\n$.ajax({\n		type : \'post\',\n		async : false,\n		url : url,\n		data : params,\n		dataType : \'json\',\n		headers:headers,\n		success : function(data, status) {\n			result = data;\n			if(data&&data.code&&data.code==\'101\'){\n				modals.error(\"操作失败，请刷新重试，具体错误：\"+data.message);\n				return false;\n			}\n			if (callback) { \n				callback.call(this, data, status);\n			}\n		},\n		error : function(err, err1, err2) {\n			console.log(err.responseText);\n		    if(err && err.readyState && err.readyState == \'4\'){\n                var responseBody = err.responseText;\n                if(responseBody){   \n                	 responseBody = \"{\'retData\':\"+responseBody;\n                     var resJson = eval(\'(\' + responseBody + \')\');\n                     $(\"#csrftoken\").val(resJson.csrf.CSRFToken);\n                     this.success(resJson.retData, 200);\n                }\n                return ;\n            } 		    \n			modals.error({\n				text : JSON.stringify(err) + \'<br/>err1:\' + JSON.stringify(err1) + \'<br/>err2:\' + JSON.stringify(err2),\n				large : true\n			});\n		}\n	});\n```\n2）校验CSRF成功后，在postHandler中刷新csrftoken\n>读取RefreshCSRFToken注解，如果配置了该注解刷新session中的csrftoken，如果配置了VerifyCSRFToken注解，刷新前端csrftoken(防止重复提交)，在ajaxPost的error中处理刷新后的csrftoken，回填到页面。\n\n##实例\n用户编辑，用户编辑前刷新csrftoken,提交时校验，如果多次提交，则弹出错误提示：\n`CSRF ERROR:无效的token，或者token过期`\n```java \n    @RefreshCSRFToken\n    @RequestMapping(method = RequestMethod.GET, value = \"/edit\")\n    private String edit(String id, HttpServletRequest request) {\n\n        request.setAttribute(\"id\", id);\n        return \"base/user/user_edit\";\n    }\n\n    @VerifyCSRFToken\n    @RequestMapping(method = RequestMethod.POST, value = \"/save\")\n    @ResponseBody\n    private Result saveUser(User user, HttpServletRequest request) {\n        if (StrUtil.isEmpty(user.getId())) {\n            String userId = userService.save(user).toString();\n            //头像和用户管理\n            userService.updateUserAvatar(user, request.getRealPath(\"/\"));\n        } else {\n            user.setUpdateDateTime(new Date());\n            userService.update(user);\n        }\n        return new Result(true);\n    }\n\n```\n', 'csrf', null, null, null, null), ('8a8a826c5ac5e9a4015ac67d02e00001', '2017-03-13 15:06:05', '0', '2017-03-13 15:58:37', '2', 'render,fnRender,tooltip', 'AdminEAP框架数据列表render的五种方式', '402880e456223e8f015625231d8e0003', '##介绍\n在AdminEAP框架中，数据列表使用Bootstrap-DataTables组件（基于Jquery-DataTables）,在AdminEAP框架中进行二次封装，其中有些数据列需要在原来的数据基础上进行二次渲染，分别支持以下几种方式：\n- render （type=eq） 固定值的\'翻译\'\n- render (type=window) 弹出窗体\n- render (type=link)  超链接\n- tooltip 鼠标悬停提示\n- fnRender 渲染回调函数\n\n##xml配置示例\n以下是以上几个属性在xml配置中的示例和部分说明。\n```xml\n <query id=\"message_draft\" key=\"id\" tableName=\"我的草稿箱\" className=\"com.cnpc.tool.message.entity.Message\" widthType=\"px\">\n        <column key=\"rowIndex\" header=\"序号\" width=\"80\"/>\n        <column key=\"id\" header=\"id\" hidden=\"true\"/>\n        <column key=\"sendUser\" header=\"发送人\" hidden=\"true\" classType=\"String\" allowSort=\"false\" width=\"150\"/>\n        <!--enableTootip(是否显示) maxLen(最大长度默认10，可在dataTables.js修改默认值) tooltip（指定tooltip来源，可不配，缺省为本身） 长文本鼠标悬停显示-->\n        <!--弹窗方式render=\"type=window\"使用;所需参数同modals.openWin的参数-->\n        <!--<column key=\"sendSubject\" header=\"主题\" classType=\"String\" align=\"left\" render=\"type=window,winId=messageEditWin,url=/message/edit?id=[id],title=弹窗测试[sendSubject]\" enableTooltip=\"true\" maxLen=\"20\" allowSort=\"true\" width=\"150\"/>-->\n        <!--超链接方式 render=\"type=link\",method方法名称，params方法参数,分号;分隔，如不需要参数params为可为空，默认注入rowId-->\n        <!--<column key=\"sendSubject\" header=\"主题\" classType=\"String\" align=\"left\" render=\"type=link,method=loadPage,params=\'/message/edit?id=[id]\';\'#contentBody\'\" enableTooltip=\"true\" maxLen=\"20\" allowSort=\"true\" width=\"150\"/>-->\n        <column key=\"sendSubject\" header=\"主题\" classType=\"String\" align=\"left\" render=\"type=link,method=showDetail\" enableTooltip=\"true\" maxLen=\"20\" allowSort=\"true\" width=\"150\"/>    \n        <column key=\"sendTime\" header=\"发送时间\" classType=\"Date\" allowSort=\"true\" dateFormat=\"yyyy-mm-dd hh:ii\"  operator=\"between\" width=\"150\"/>\n        <column key=\"messageType\" header=\"类型\" classType=\"String\" align=\"left\" width=\"50\" fnRender=\"fnRenderMessageType\"/>\n        <!--isServerCondition=true value=0注入服务器端查询条件，也可在前端以type=hidden隐藏域的方式注入-->\n        <column key=\"messageStatus\" header=\"状态\" isServerCondition=\"true\" value=\"0\" classType=\"String\" allowSort=\"false\" width=\"50\" fnRender=\"fnRenderMessageStatus\"/>\n        <column key=\"messageFlag\" header=\"标记\" classType=\"String\" allowSort=\"true\" width=\"150\" fnRender=\"fnRenderMessageFlag\"/>\n        <column key=\"fileIds\" header=\"附件\" classType=\"String\" width=\"150\" fnRender=\"fnRenderFileIds\"/>     \n		  <!--<column key=\"deleted\" header=\"是否删除\" classType=\"String\" allowSort=\"true\" width=\"150\" render=\"0=可用,1=禁用\"/>-->\n    </query>\n```\n\n## 使用说明\n\n### render(type=eq) \n示例：\n(1) render=\"type=eq,0=可用，1=禁用\" (其中type=eq可缺省)\n(2) render=\"1=禁用,else=可用\"\n配置以后，组件会把相应值翻译为对应值。\n\n`type=eq` eq类型的render,可缺省\n\n### render(type=window)\n配置后，点击该列值，会弹出一个模态窗体，将配置的所有参数传递给modals.openWin方法。\n示例：\n(1) render=\"type=window,winId=messageEditWin,url=/message/edit?id=[id],title=弹窗测试[sendSubject]\n\n其中[id]，[sendSubject]会被替换为当前行对象的该列的值，是指定列（column key=\'id\'和column key=\'sendSubject\'）的值\n\n`type=window`:窗体render,必配\n`winId`:窗体id,必配\n`url`:url路径,必配\n\n其他参数通modals.openWin参数，如width等等\n\n###render(type=link)\n配置某列的超链接。配置形式是调用onclick方法，建议比较复杂的超链接采用这种配置。\n示例：\n(1) render=\"type=link,method=loadPage,params=\'/message/edit?id=[id]\';\'#contentBody\'\"\n(2) render=\"type=link,method=showDetail\"\n\n其中[id]会被替换为当前行对象的该列的值，是指定列（column key=\'id\'）的值\n\n`type=link`:超链接render,必配\n`method`:超链接执行方法名称，必配\n`params`：方法执行参数，分号(`;`)分隔,若缺省，会自动将当前行`id`注入方法，及query key执行的值\n\n`需要注意的是`，前台需要相对应的js方法，比如，以上两个实例需要前端由loadPage(url)和shoWDetail(rowId)方法。\n\n###fnRender\n更复杂的前端展示和业务逻辑，需要在前端编写相应的业务逻辑\n示例：\n（1）：fnRender=\"fnRenderMessageStatus\"\n\n对应前端脚本\n```\nfunction fnRenderMessageStatus(value, type, rowObj，oSetting) {\n    if (value == 0) {\n        return \'<span class=\"label label-warning\">草稿</span>\'\n    } else if (value == 4) {\n        return \'<span class=\"label label-success\">已发送</span>\';\n    }\n    return value;\n}\n```\n指定的fnRender方法中会通过Jquery-DataTables接口自动注入四个参数\n\n`value`: 当前单元格的值\n`type`:单元格样式，一般为display\n`rowObj`:当前行对象，可通过rowObj.name等形式获取其他列的值\n`oSetting`:表格全局配置对象\n\n###tooltip\n在表格中显示长文本的时候，有时候需要截断，然后鼠标悬停时显示，可采用该配置\n\n示例：\n（1）enableTooltip=\"true\" maxLen=\"20\" tooltip=\"id\"\n（`后续将修改成 render=\"type=tooltip,maxLen=20,tooltip=[id]\"`）\n\n`enableTooltip`:默认为false，只有配置true才生效，才会执行截断\n`maxLen`:截断长度，如果不配置，默认为20\n`tooltip`:鼠标悬停的数据来源，如不配默认为当前数据本身\n\n\n\n\n\n\n\n\n\n\n      ', 'render', null, null, null, null), ('8a8a83295a8300ff015a839845890000', '2017-02-28 15:21:19', '0', '2017-02-28 15:21:19', '0', 'quartz,自动任务,支持集群', '基于Quartz的自动任务调度器（支持集群）', '402880e456223e8f015625231d8e0003', '本文介绍在AdminEAP框架中，集成Quartz，来进行自动任务管理，以便随时监控系统中当前的任务，并能在线新增任务、暂停任务、恢复任务、删除任务、立即运行任务。\n\n在quartz中一个trigger可对应一个job，job可以有多个trigger，trigger分为CronTrigger与SimpleTrigger；CronTrigger通过Cron表达式配置定时任务，SimpleTrigger则配置一些简单重复的定时任务。\n\nquartz分为基于内存的方式和基于数据库的方式，在本文中使用了基于数据库的方式（支持集群）。这样提高了系统的可靠性，在配置时，请保持应用服务器的时钟同步。\n\n关于具体集成quartz的步骤，可参考AdminEAP源码，也可参考本人之前的博客：\n\n-  [ Spring+监听器+Quartz集群（1）——基本配置 ](http://blog.csdn.net/jrn1012/article/details/45582985)\n- [ Spring+监听器+Quartz集群（2）——quartz2.2.1创建表结构（oracle） ](http://blog.csdn.net/jrn1012/article/details/45583731)\n- [ Spring+监听器+Quartz集群（3）——任务管理 ](http://blog.csdn.net/jrn1012/article/details/45583801)\n\n以下为实现的任务调度管理器：\n\n![任务调度器](http://img.blog.csdn.net/20170228145717110?watermark/2/text/aHR0cDovL2Jsb2cuY3Nkbi5uZXQvanJuMTAxMg==/font/5a6L5L2T/fontsize/400/fill/I0JBQkFCMA==/dissolve/70/gravity/SouthEast)\n\n##使用说明\n\nAdminEAP框架使用mysql数据库，所以要在mysql中创建quartz所需要的表。\n###1、mysql创建表结构\n\n```\n    --  \n    -- A hint submitted by a user: Oracle DB MUST be created as \"shared\" and the   \n    -- job_queue_processes parameter  must be greater than 2  \n    -- However, these settings are pretty much standard after any  \n    -- Oracle install, so most users need not worry about this.  \n    --  \n    -- Many other users (including the primary author of Quartz) have had success  \n    -- runing in dedicated mode, so only consider the above as a hint ;-)  \n    --  \n      \n    delete from qrtz_fired_triggers;  \n    delete from qrtz_simple_triggers;  \n    delete from qrtz_simprop_triggers;  \n    delete from qrtz_cron_triggers;  \n    delete from qrtz_blob_triggers;  \n    delete from qrtz_triggers;  \n    delete from qrtz_job_details;  \n    delete from qrtz_calendars;  \n    delete from qrtz_paused_trigger_grps;  \n    delete from qrtz_locks;  \n    delete from qrtz_scheduler_state;  \n      \n    drop table qrtz_calendars;  \n    drop table qrtz_fired_triggers;  \n    drop table qrtz_blob_triggers;  \n    drop table qrtz_cron_triggers;  \n    drop table qrtz_simple_triggers;  \n    drop table qrtz_simprop_triggers;  \n    drop table qrtz_triggers;  \n    drop table qrtz_job_details;  \n    drop table qrtz_paused_trigger_grps;  \n    drop table qrtz_locks;  \n    drop table qrtz_scheduler_state;  \n      \n    -- 存储每一个已配置的 Job 的详细信息  \n    CREATE TABLE qrtz_job_details  \n      (  \n        SCHED_NAME VARCHAR2(120) NOT NULL,  \n        JOB_NAME  VARCHAR2(200) NOT NULL,  \n        JOB_GROUP VARCHAR2(200) NOT NULL,  \n        DESCRIPTION VARCHAR2(250) NULL,  \n        JOB_CLASS_NAME   VARCHAR2(250) NOT NULL,   \n        IS_DURABLE VARCHAR2(1) NOT NULL,  \n        IS_NONCONCURRENT VARCHAR2(1) NOT NULL,  \n        IS_UPDATE_DATA VARCHAR2(1) NOT NULL,  \n        REQUESTS_RECOVERY VARCHAR2(1) NOT NULL,  \n        JOB_DATA BLOB NULL,  \n        CONSTRAINT QRTZ_JOB_DETAILS_PK PRIMARY KEY (SCHED_NAME,JOB_NAME,JOB_GROUP)  \n    );  \n    --  存储已配置的 Trigger 的信息  \n    CREATE TABLE qrtz_triggers  \n      (  \n        SCHED_NAME VARCHAR2(120) NOT NULL,  \n        TRIGGER_NAME VARCHAR2(200) NOT NULL,  \n        TRIGGER_GROUP VARCHAR2(200) NOT NULL,  \n        JOB_NAME  VARCHAR2(200) NOT NULL,   \n        JOB_GROUP VARCHAR2(200) NOT NULL,  \n        DESCRIPTION VARCHAR2(250) NULL,  \n        NEXT_FIRE_TIME NUMBER(13) NULL,  \n        PREV_FIRE_TIME NUMBER(13) NULL,  \n        PRIORITY NUMBER(13) NULL,  \n        TRIGGER_STATE VARCHAR2(16) NOT NULL,  \n        TRIGGER_TYPE VARCHAR2(8) NOT NULL,  \n        START_TIME NUMBER(13) NOT NULL,  \n        END_TIME NUMBER(13) NULL,  \n        CALENDAR_NAME VARCHAR2(200) NULL,  \n        MISFIRE_INSTR NUMBER(2) NULL,  \n        JOB_DATA BLOB NULL,  \n        CONSTRAINT QRTZ_TRIGGERS_PK PRIMARY KEY (SCHED_NAME,TRIGGER_NAME,TRIGGER_GROUP),  \n        CONSTRAINT QRTZ_TRIGGER_TO_JOBS_FK FOREIGN KEY (SCHED_NAME,JOB_NAME,JOB_GROUP)   \n          REFERENCES QRTZ_JOB_DETAILS(SCHED_NAME,JOB_NAME,JOB_GROUP)   \n    );  \n    -- 存储简单的 Trigger，包括重复次数，间隔，以及已触的次数  \n    CREATE TABLE qrtz_simple_triggers  \n      (  \n        SCHED_NAME VARCHAR2(120) NOT NULL,  \n        TRIGGER_NAME VARCHAR2(200) NOT NULL,  \n        TRIGGER_GROUP VARCHAR2(200) NOT NULL,  \n        REPEAT_COUNT NUMBER(7) NOT NULL,  \n        REPEAT_INTERVAL NUMBER(12) NOT NULL,  \n        TIMES_TRIGGERED NUMBER(10) NOT NULL,  \n        CONSTRAINT QRTZ_SIMPLE_TRIG_PK PRIMARY KEY (SCHED_NAME,TRIGGER_NAME,TRIGGER_GROUP),  \n        CONSTRAINT QRTZ_SIMPLE_TRIG_TO_TRIG_FK FOREIGN KEY (SCHED_NAME,TRIGGER_NAME,TRIGGER_GROUP)   \n        REFERENCES QRTZ_TRIGGERS(SCHED_NAME,TRIGGER_NAME,TRIGGER_GROUP)  \n    );  \n    -- 存储 Cron Trigger，包括 Cron 表达式和时区信息  \n    CREATE TABLE qrtz_cron_triggers  \n      (  \n        SCHED_NAME VARCHAR2(120) NOT NULL,  \n        TRIGGER_NAME VARCHAR2(200) NOT NULL,  \n        TRIGGER_GROUP VARCHAR2(200) NOT NULL,  \n        CRON_EXPRESSION VARCHAR2(120) NOT NULL,  \n        TIME_ZONE_ID VARCHAR2(80),  \n        CONSTRAINT QRTZ_CRON_TRIG_PK PRIMARY KEY (SCHED_NAME,TRIGGER_NAME,TRIGGER_GROUP),  \n        CONSTRAINT QRTZ_CRON_TRIG_TO_TRIG_FK FOREIGN KEY (SCHED_NAME,TRIGGER_NAME,TRIGGER_GROUP)   \n          REFERENCES QRTZ_TRIGGERS(SCHED_NAME,TRIGGER_NAME,TRIGGER_GROUP)  \n    );  \n    CREATE TABLE qrtz_simprop_triggers  \n      (            \n        SCHED_NAME VARCHAR2(120) NOT NULL,  \n        TRIGGER_NAME VARCHAR2(200) NOT NULL,  \n        TRIGGER_GROUP VARCHAR2(200) NOT NULL,  \n        STR_PROP_1 VARCHAR2(512) NULL,  \n        STR_PROP_2 VARCHAR2(512) NULL,  \n        STR_PROP_3 VARCHAR2(512) NULL,  \n        INT_PROP_1 NUMBER(10) NULL,  \n        INT_PROP_2 NUMBER(10) NULL,  \n        LONG_PROP_1 NUMBER(13) NULL,  \n        LONG_PROP_2 NUMBER(13) NULL,  \n        DEC_PROP_1 NUMERIC(13,4) NULL,  \n        DEC_PROP_2 NUMERIC(13,4) NULL,  \n        BOOL_PROP_1 VARCHAR2(1) NULL,  \n        BOOL_PROP_2 VARCHAR2(1) NULL,  \n        CONSTRAINT QRTZ_SIMPROP_TRIG_PK PRIMARY KEY (SCHED_NAME,TRIGGER_NAME,TRIGGER_GROUP),  \n        CONSTRAINT QRTZ_SIMPROP_TRIG_TO_TRIG_FK FOREIGN KEY (SCHED_NAME,TRIGGER_NAME,TRIGGER_GROUP)   \n          REFERENCES QRTZ_TRIGGERS(SCHED_NAME,TRIGGER_NAME,TRIGGER_GROUP)  \n    );  \n    -- Trigger 作为 Blob 类型存储(用于 Quartz 用户用 JDBC 创建他们自己定制的 Trigger 类型，<span style=\"color:#800080;\">JobStore</span> 并不知道如何存储实例的时候)  \n    CREATE TABLE qrtz_blob_triggers  \n      (  \n        SCHED_NAME VARCHAR2(120) NOT NULL,  \n        TRIGGER_NAME VARCHAR2(200) NOT NULL,  \n        TRIGGER_GROUP VARCHAR2(200) NOT NULL,  \n        BLOB_DATA BLOB NULL,  \n        CONSTRAINT QRTZ_BLOB_TRIG_PK PRIMARY KEY (SCHED_NAME,TRIGGER_NAME,TRIGGER_GROUP),  \n        CONSTRAINT QRTZ_BLOB_TRIG_TO_TRIG_FK FOREIGN KEY (SCHED_NAME,TRIGGER_NAME,TRIGGER_GROUP)   \n            REFERENCES QRTZ_TRIGGERS(SCHED_NAME,TRIGGER_NAME,TRIGGER_GROUP)  \n    );  \n    -- 以 Blob 类型存储 Quartz 的 Calendar 信息  \n    CREATE TABLE qrtz_calendars  \n      (  \n        SCHED_NAME VARCHAR2(120) NOT NULL,  \n        CALENDAR_NAME  VARCHAR2(200) NOT NULL,   \n        CALENDAR BLOB NOT NULL,  \n        CONSTRAINT QRTZ_CALENDARS_PK PRIMARY KEY (SCHED_NAME,CALENDAR_NAME)  \n    );  \n    -- 存储已暂停的 Trigger 组的信息   \n    CREATE TABLE qrtz_paused_trigger_grps  \n      (  \n        SCHED_NAME VARCHAR2(120) NOT NULL,  \n        TRIGGER_GROUP  VARCHAR2(200) NOT NULL,   \n        CONSTRAINT QRTZ_PAUSED_TRIG_GRPS_PK PRIMARY KEY (SCHED_NAME,TRIGGER_GROUP)  \n    );  \n    -- 存储与已触发的 Trigger 相关的状态信息，以及相联 Job 的执行信息  \n    CREATE TABLE qrtz_fired_triggers   \n      (  \n        SCHED_NAME VARCHAR2(120) NOT NULL,  \n        ENTRY_ID VARCHAR2(95) NOT NULL,  \n        TRIGGER_NAME VARCHAR2(200) NOT NULL,  \n        TRIGGER_GROUP VARCHAR2(200) NOT NULL,  \n        INSTANCE_NAME VARCHAR2(200) NOT NULL,  \n        FIRED_TIME NUMBER(13) NOT NULL,  \n        PRIORITY NUMBER(13) NOT NULL,  \n        STATE VARCHAR2(16) NOT NULL,  \n        JOB_NAME VARCHAR2(200) NULL,  \n        JOB_GROUP VARCHAR2(200) NULL,  \n        IS_NONCONCURRENT VARCHAR2(1) NULL,  \n        REQUESTS_RECOVERY VARCHAR2(1) NULL,  \n        CONSTRAINT QRTZ_FIRED_TRIGGER_PK PRIMARY KEY (SCHED_NAME,ENTRY_ID)  \n    );  \n    -- 存储少量的有关 Scheduler 的状态信息，和别的 Scheduler 实例(假如是用于一个集群中)  \n    CREATE TABLE qrtz_scheduler_state   \n      (  \n        SCHED_NAME VARCHAR2(120) NOT NULL,  \n        INSTANCE_NAME VARCHAR2(200) NOT NULL,  \n        LAST_CHECKIN_TIME NUMBER(13) NOT NULL,  \n        CHECKIN_INTERVAL NUMBER(13) NOT NULL,  \n        CONSTRAINT QRTZ_SCHEDULER_STATE_PK PRIMARY KEY (SCHED_NAME,INSTANCE_NAME)  \n    );  \n    -- 存储程序的悲观锁的信息(假如使用了悲观锁)  \n    CREATE TABLE qrtz_locks  \n      (  \n        SCHED_NAME VARCHAR2(120) NOT NULL,  \n        LOCK_NAME  VARCHAR2(40) NOT NULL,   \n        CONSTRAINT QRTZ_LOCKS_PK PRIMARY KEY (SCHED_NAME,LOCK_NAME)  \n    );  \n      \n    create index idx_qrtz_j_req_recovery on qrtz_job_details(SCHED_NAME,REQUESTS_RECOVERY);  \n    create index idx_qrtz_j_grp on qrtz_job_details(SCHED_NAME,JOB_GROUP);  \n      \n    create index idx_qrtz_t_j on qrtz_triggers(SCHED_NAME,JOB_NAME,JOB_GROUP);  \n    create index idx_qrtz_t_jg on qrtz_triggers(SCHED_NAME,JOB_GROUP);  \n    create index idx_qrtz_t_c on qrtz_triggers(SCHED_NAME,CALENDAR_NAME);  \n    create index idx_qrtz_t_g on qrtz_triggers(SCHED_NAME,TRIGGER_GROUP);  \n    create index idx_qrtz_t_state on qrtz_triggers(SCHED_NAME,TRIGGER_STATE);  \n    create index idx_qrtz_t_n_state on qrtz_triggers(SCHED_NAME,TRIGGER_NAME,TRIGGER_GROUP,TRIGGER_STATE);  \n    create index idx_qrtz_t_n_g_state on qrtz_triggers(SCHED_NAME,TRIGGER_GROUP,TRIGGER_STATE);  \n    create index idx_qrtz_t_next_fire_time on qrtz_triggers(SCHED_NAME,NEXT_FIRE_TIME);  \n    create index idx_qrtz_t_nft_st on qrtz_triggers(SCHED_NAME,TRIGGER_STATE,NEXT_FIRE_TIME);  \n    create index idx_qrtz_t_nft_misfire on qrtz_triggers(SCHED_NAME,MISFIRE_INSTR,NEXT_FIRE_TIME);  \n    create index idx_qrtz_t_nft_st_misfire on qrtz_triggers(SCHED_NAME,MISFIRE_INSTR,NEXT_FIRE_TIME,TRIGGER_STATE);  \n    create index idx_qrtz_t_nft_st_misfire_grp on qrtz_triggers(SCHED_NAME,MISFIRE_INSTR,NEXT_FIRE_TIME,TRIGGER_GROUP,TRIGGER_STATE);  \n      \n    create index idx_qrtz_ft_trig_inst_name on qrtz_fired_triggers(SCHED_NAME,INSTANCE_NAME);  \n    create index idx_qrtz_ft_inst_job_req_rcvry on qrtz_fired_triggers(SCHED_NAME,INSTANCE_NAME,REQUESTS_RECOVERY);  \n    create index idx_qrtz_ft_j_g on qrtz_fired_triggers(SCHED_NAME,JOB_NAME,JOB_GROUP);  \n    create index idx_qrtz_ft_jg on qrtz_fired_triggers(SCHED_NAME,JOB_GROUP);  \n    create index idx_qrtz_ft_t_g on qrtz_fired_triggers(SCHED_NAME,TRIGGER_NAME,TRIGGER_GROUP);  \n    create index idx_qrtz_ft_tg on qrtz_fired_triggers(SCHED_NAME,TRIGGER_GROUP);  \n```\n###2、创建SimpleTrigger任务\n![SimpleTrigger任务](http://img.blog.csdn.net/20170228145913674?watermark/2/text/aHR0cDovL2Jsb2cuY3Nkbi5uZXQvanJuMTAxMg==/font/5a6L5L2T/fontsize/400/fill/I0JBQkFCMA==/dissolve/70/gravity/SouthEast)\n\n创建SimpleTrigger任务不用指定Cron表达式，可根据重复类型填写相应的重复次数与重复间隔（可以任务重复次数repeatCount与重复间隔repeatInterval是为重复类型指定参数）。\n\n###3、创建CronTrigger任务\n![CronTrigger任务](http://img.blog.csdn.net/20170228150302971?watermark/2/text/aHR0cDovL2Jsb2cuY3Nkbi5uZXQvanJuMTAxMg==/font/5a6L5L2T/fontsize/400/fill/I0JBQkFCMA==/dissolve/70/gravity/SouthEast)\n\nCronTrigger任务则是通过Cron表达式创建的任务，只需要在界面配置必填选项和Cron表达式即可。\n\n###4、修改任务\n点击修改任务后，可进入到任务编辑界面，修改任务相关参数（任务名和任务组不可修改）。系统会通过rescheduleJob方法重新调度。\n\n```\n     // trigger已经存在，更新相应的定时设置\n     TriggerBuilder triggerBuilder = trigger.getTriggerBuilder();\n     trigger = setTriggerParam(job, triggerKey, triggerBuilder, trigger);\n     // 按新的trigger重新设置job执行\n     scheduler.rescheduleJob(triggerKey, trigger);\n```\n\n###5、暂停任务\n点击暂停任务，任务将挂起，任务状态由\"NORMAL\"变为“PAUSE”\n\n```java\n      /**\n     * 暂停\n     */\n    public void pauseJob(ScheduleJob scheduleJob) throws SchedulerException {\n        Scheduler scheduler = schedulerFactoryBean.getScheduler();\n        JobKey jobKey = JobKey.jobKey(scheduleJob.getJobName(), scheduleJob.getJobGroup());\n        scheduler.pauseJob(jobKey);\n    }\n\n```\n\n###6、恢复任务\n点击回复任务，任务将变为可执行状态，任务状态由\"PAUSE\"变为“NORMAL”\n\n```\n  /**\n     * 恢复运行\n     */\n    public void resumeJob(ScheduleJob scheduleJob) throws SchedulerException {\n        Scheduler scheduler = schedulerFactoryBean.getScheduler();\n        JobKey jobKey = JobKey.jobKey(scheduleJob.getJobName(), scheduleJob.getJobGroup());\n        scheduler.resumeJob(jobKey);\n    }\n\n```\n\n###7、删除任务\n从数据库中删除任务\n\n```\n    /**\n     * 删除\n     */\n    public void deleteJob(ScheduleJob scheduleJob) throws SchedulerException {\n        Scheduler scheduler = schedulerFactoryBean.getScheduler();\n        JobKey jobKey = JobKey.jobKey(scheduleJob.getJobName(), scheduleJob.getJobGroup());\n        scheduler.deleteJob(jobKey);\n    }\n```\n    \n\n###8、立即运行一次\n点击“立即运行一次”，任务则马上执行一次\n```\n    /**\n     * 运行一次\n     */\n    public void triggerJob(ScheduleJob scheduleJob) throws SchedulerException {\n        Scheduler scheduler = schedulerFactoryBean.getScheduler();\n        JobKey jobKey = JobKey.jobKey(scheduleJob.getJobName(), scheduleJob.getJobGroup());\n        scheduler.triggerJob(jobKey);\n    }\n\n```\n\n\n\n\n', 'quartz', null, null, null, null);
COMMIT;

-- ----------------------------
--  Table structure for `tbl_message`
-- ----------------------------
DROP TABLE IF EXISTS `tbl_message`;
CREATE TABLE `tbl_message` (
  `id` varchar(36) NOT NULL,
  `create_date_time` datetime DEFAULT NULL,
  `deleted` int(11) DEFAULT NULL,
  `update_date_time` datetime DEFAULT NULL,
  `version` int(11) DEFAULT NULL,
  `messageFlag` varchar(255) DEFAULT NULL,
  `messageStatus` varchar(255) DEFAULT NULL,
  `messageType` varchar(255) DEFAULT NULL,
  `receiveUsers` longtext,
  `remark` longtext,
  `sendContent` longtext,
  `sendSubject` varchar(255) DEFAULT NULL,
  `sendTime` datetime DEFAULT NULL,
  `sendUser` varchar(255) DEFAULT NULL,
  `sendUserID` varchar(255) DEFAULT NULL,
  `fileIds` longtext,
  `receiverIds` longtext,
  `receiverType` varchar(255) DEFAULT NULL,
  PRIMARY KEY (`id`)
) ENGINE=InnoDB DEFAULT CHARSET=utf8;

-- ----------------------------
--  Records of `tbl_message`
-- ----------------------------
BEGIN;
INSERT INTO `tbl_message` VALUES ('8a8a81e55c1a3b6f015c1a971d680001', '2017-05-18 16:05:30', '0', '2017-05-18 16:05:30', '0', '0', '0', '0', null, null, '<p>test<br></p>', 'test', null, 'billJiang-test', '402880e456223e8f015625231d8e0003', '8a8a81e55c1a3b6f015c1a965c6c0000', '402880e55a998466015a998e208d0003', '0'), ('8a8a84995ab64a5c015ab64b8af10000', '2017-03-10 11:38:08', '0', '2017-03-12 09:40:28', '2', '0', '4', '0,1', null, null, '<p>test2<br></p>', '商办唱主角北京房地产市场新格局商办唱主角北京房地产市场新格局AdminEAP框架消息管理系统', '2017-03-12 09:40:28', 'billJiang-test', '402880e456223e8f015625231d8e0003', '402880ed5abbe288015abc3e1c3c0002,402880ed5abdfec1015ac02c71f10001,402880ed5abdfec1015ac02c71f50002,402880ed5abdfec1015ac02c71f80003', '4028818458d40f4f0158d4169f9d0007,402880e65a7facdb015a7fca61830000,402880e456223e8f0156225736a40001,402880e456223e8f0156223feee10000,402880e456223e8f015625231d8e0003', '1'), ('8a8a84995ab654d1015ab675cf830009', '2017-03-10 12:24:18', '0', '2017-03-10 12:24:18', '0', '0', '0', '0,1', null, null, '<p>\n<h1>北京市局全力服务城市副中心建设</h1>\n\n<br>\n</p><p>据了解，市工商局党组成员此前多次到北京城市副中心开展调查研究，深入一线指导基层工商部门的工作，现场解决基层遇到的难点和问题。据悉，市工商局制定的措施包括，加强城市副中心执法机构设置，从组织上推进基层执法力量落实到乡镇；充分利用工商数据资源，为服务副中心发展和市场监管提供数据支撑，提供副中心市场主体发展报告；在实行城六区产业禁限目录的基础上，支持出台更加严格的产业禁限政策，提升副中心市场主体质量，推动副中心产业转型升级；充分发挥京津冀三地工商和市场监管协作平台作用，加强三地基层工商和市场监管部门情报交流、信息共享和执法协作。\n\n<br></p>', '北京市局全力服务城市副中心建设', null, 'billJiang-test', '402880e456223e8f015625231d8e0003', '8a8a84995ab654d1015ab6759e960007,8a8a84995ab654d1015ab6759e9e0008', '402880e55a998466015a998e208d0003', '0'), ('8a8a84995ab654d1015ab69aa7e8000c', '2017-03-10 13:04:33', '0', '2017-03-10 13:04:33', '0', '1', '0', '0,1', null, null, '<p>\n<p>在北京新房供应锐减、价格不断攀升的情况下，商住两用楼盘成为一年多来北京楼市的焦点，对于购房者来说，低总价的商住两用俨然已成为先“上车”的无奈之选。数据显示，2月北京商品房成交中，近六成为商办类楼盘，入市的商办类楼盘均表现较好。实际上，自2016年二季度开始，关于商住全面限购的传闻不断，自此商住市场成交也进入快车道。业内认为，限购政策、大量购房需求的存在、北京新房市场中低价位产品的匮乏以及调控预期的刺激是商办类市场成交火热的主要原因。</p>\n<p>&nbsp; &nbsp; <strong>商办成楼市主角</strong></p>\n<p>&nbsp; &nbsp; 2014年夏天，小郭从北京某高校毕业后选择留京工作，进入一家互联网公司，开始了“北漂”的日子。能在北京安个家，是小郭一直的心愿。对于他来说，安家就需要买房。2016年9月，毕业两年后，小郭有了点积蓄，再加上家里能拿出一部分钱，小郭开始筹备购房的事情。</p>\n<p>&nbsp; &nbsp; 当时，恰逢“9·30”新政出台，房地产市场成交开始放缓，小郭就决定等2016年底或者2017年再说。数月时间过去了，在小郭看来，房地产市场虽然成交放缓了，但价格还是很稳定的，再加上之前联系的销售人员都在说房地产价格不会出现下跌，想到从自己读书开始到现在，北京的房价涨了几倍，小郭突然有了一种想法：“如果再不买房的话，可能再也上不了车了。”</p>\n<p>&nbsp; &nbsp; 春节过后，小郭下定了买房的决心。因为北京的限购政策，小郭暂时不具备购买70年住宅的资质，因此，市场中存在的商住房成为小郭惟一的选择。2月，在市场中兜兜转转看了许多个在售商住项目后，小郭在大兴区某商住项目购买了一套LOFT房屋。</p>\n<p>&nbsp; &nbsp; 北京商报记者在走访市场时了解到，类似小郭这种情况的购房者并不在少数，在经过一段时间观望后，购房者的集中入市，导致2月下旬北京房地产市场阶段性回温。值得注意的是，根据统计数据显示，2月北京商品房成交量中，近六成为商办类楼盘，去年同期的商办成交占比还不到四成。</p>\n<p>&nbsp; &nbsp; 实际上，2016年是北京商住市场成交最热的一年。据统计，2016年北京商住市场共计成交63703套，这一成交总量超过了之前三年的总和。有数据显示，2010-2015年期间，北京商住公寓项目的成交量相对平稳；除2014年因市场降温而下滑至1.3万套以外，其余几年的成交套数均维持在2万-3万套之间。</p>\n<p>&nbsp; &nbsp; 有业内人士分析认为，一直以来，商住房都是作为房地产市场的一种补充产品存在着，不过在2016年上半年，北京商住房成交量首次超过住宅，随后商住房市场经历过几次起伏，但是，在北京纯住宅供应较少的情况下，商住房开始超过住宅产品成为北京楼市的主角，这也成为目前北京楼市的特点之一。</p>\n<p>&nbsp; &nbsp; <strong>多因素叠加效应</strong></p>\n<p>&nbsp; &nbsp; “北京商住房的‘上位’并非偶然”，一位从事房地产营销工作近十年的业内人士认为，北京市对纯住宅产品的限购政策、大量购房需求的存在、新房市场中低价位产品的匮乏以及调控预期的刺激是商住类市场成交火热的几个主要原因。</p>\n<p>&nbsp; &nbsp; 第一太平戴维斯华北区住宅销售部助理董事梁爽在接受北京商报记者采访时表示，商办类产品受使用成本高、土地年限短等条件限制，相比于住宅并没有优势，增值速度也低于普通住宅，然而受限购政策限制及北京楼市供给不足的影响，导致有自住及投资需求的客户都需要这种资产配置。因此，针对普通住宅的限购政策是商办成交火热的主要原因。</p>\n<p>&nbsp; &nbsp; 业内人士认为，除了针对普通住宅的限购政策之外，北京拥有中国最顶级的教育、医疗等资源，包括首次置业以及改善型置业的购房需求均较为旺盛。不仅如此，房地产是目前资产保值增值的一种重要工具，因此，北京房地产市场也存在一定规模的投资需求。同时，受限购政策影响，暂不具备购房资质的投资者就会流入商住房市场，这部分需求支撑着商住房市场的成交热度。</p>\n<p>&nbsp; &nbsp; 此外，北京新房市场中低价位产品的匮乏也是导致商住房走热的原因之一。近年来，北京市土地供应逐渐减少，2016年北京土地市场仅成交经营性用地（不包含3宗棚户区改造）28宗，备受关注的住宅类用地，仅成交15宗，其中可售纯商品住宅用地只有7宗，规划总建筑面积仅39万平方米。同时，土地成交价格不断攀升，地价高企导致北京新房市场豪宅化。因此，受到购房承受能力限制，低总价的商办类产品开始受到刚需购房者的青睐。</p>\n<p>&nbsp; &nbsp; 还有一个不得不提的原因是，关于商住房将全面限购的几度传闻。自2016年5月通州商住限购政策实施后，全市商住房将限购的消息几度传出，尽管政府部门曾辟谣，但开发商利用传言作为营销噱头，还是加速购房者涌入商住房市场。</p>\n\n<br></p>', '商办唱主角 北京房地产市场新格局商办唱主角 北京房地产市场新格局', null, 'billJiang-test', '402880e456223e8f015625231d8e0003', '8a8a84995ab654d1015ab69a75c0000a,8a8a84995ab654d1015ab69a75c7000b', '402880e55a998466015a998e208d0003', '0'), ('8a8a84995ab654d1015ab69bebc7000f', '2017-03-10 13:05:56', '0', '2017-03-10 13:05:56', '0', '1', '0', '0', null, null, '<p>\n<p>在北京新房供应锐减、价格不断攀升的情况下，商住两用楼盘成为一年多来北京楼市的焦点，对于购房者来说，低总价的商住两用俨然已成为先“上车”的无奈之选。数据显示，2月北京商品房成交中，近六成为商办类楼盘，入市的商办类楼盘均表现较好。实际上，自2016年二季度开始，关于商住全面限购的传闻不断，自此商住市场成交也进入快车道。业内认为，限购政策、大量购房需求的存在、北京新房市场中低价位产品的匮乏以及调控预期的刺激是商办类市场成交火热的主要原因。</p>\n<p>&nbsp; &nbsp; <strong>商办成楼市主角</strong></p>\n<p>&nbsp; &nbsp; 2014年夏天，小郭从北京某高校毕业后选择留京工作，进入一家互联网公司，开始了“北漂”的日子。能在北京安个家，是小郭一直的心愿。对于他来说，安家就需要买房。2016年9月，毕业两年后，小郭有了点积蓄，再加上家里能拿出一部分钱，小郭开始筹备购房的事情。</p>\n<p>&nbsp; &nbsp; 当时，恰逢“9·30”新政出台，房地产市场成交开始放缓，小郭就决定等2016年底或者2017年再说。数月时间过去了，在小郭看来，房地产市场虽然成交放缓了，但价格还是很稳定的，再加上之前联系的销售人员都在说房地产价格不会出现下跌，想到从自己读书开始到现在，北京的房价涨了几倍，小郭突然有了一种想法：“如果再不买房的话，可能再也上不了车了。”</p>\n<p>&nbsp; &nbsp; 春节过后，小郭下定了买房的决心。因为北京的限购政策，小郭暂时不具备购买70年住宅的资质，因此，市场中存在的商住房成为小郭惟一的选择。2月，在市场中兜兜转转看了许多个在售商住项目后，小郭在大兴区某商住项目购买了一套LOFT房屋。</p>\n<p>&nbsp; &nbsp; 北京商报记者在走访市场时了解到，类似小郭这种情况的购房者并不在少数，在经过一段时间观望后，购房者的集中入市，导致2月下旬北京房地产市场阶段性回温。值得注意的是，根据统计数据显示，2月北京商品房成交量中，近六成为商办类楼盘，去年同期的商办成交占比还不到四成。</p>\n<p>&nbsp; &nbsp; 实际上，2016年是北京商住市场成交最热的一年。据统计，2016年北京商住市场共计成交63703套，这一成交总量超过了之前三年的总和。有数据显示，2010-2015年期间，北京商住公寓项目的成交量相对平稳；除2014年因市场降温而下滑至1.3万套以外，其余几年的成交套数均维持在2万-3万套之间。</p>\n<p>&nbsp; &nbsp; 有业内人士分析认为，一直以来，商住房都是作为房地产市场的一种补充产品存在着，不过在2016年上半年，北京商住房成交量首次超过住宅，随后商住房市场经历过几次起伏，但是，在北京纯住宅供应较少的情况下，商住房开始超过住宅产品成为北京楼市的主角，这也成为目前北京楼市的特点之一。</p>\n<p>&nbsp; &nbsp; <strong>多因素叠加效应</strong></p>\n<p>&nbsp; &nbsp; “北京商住房的‘上位’并非偶然”，一位从事房地产营销工作近十年的业内人士认为，北京市对纯住宅产品的限购政策、大量购房需求的存在、新房市场中低价位产品的匮乏以及调控预期的刺激是商住类市场成交火热的几个主要原因。</p>\n<p>&nbsp; &nbsp; 第一太平戴维斯华北区住宅销售部助理董事梁爽在接受北京商报记者采访时表示，商办类产品受使用成本高、土地年限短等条件限制，相比于住宅并没有优势，增值速度也低于普通住宅，然而受限购政策限制及北京楼市供给不足的影响，导致有自住及投资需求的客户都需要这种资产配置。因此，针对普通住宅的限购政策是商办成交火热的主要原因。</p>\n<p>&nbsp; &nbsp; 业内人士认为，除了针对普通住宅的限购政策之外，北京拥有中国最顶级的教育、医疗等资源，包括首次置业以及改善型置业的购房需求均较为旺盛。不仅如此，房地产是目前资产保值增值的一种重要工具，因此，北京房地产市场也存在一定规模的投资需求。同时，受限购政策影响，暂不具备购房资质的投资者就会流入商住房市场，这部分需求支撑着商住房市场的成交热度。</p>\n<p>&nbsp; &nbsp; 此外，北京新房市场中低价位产品的匮乏也是导致商住房走热的原因之一。近年来，北京市土地供应逐渐减少，2016年北京土地市场仅成交经营性用地（不包含3宗棚户区改造）28宗，备受关注的住宅类用地，仅成交15宗，其中可售纯商品住宅用地只有7宗，规划总建筑面积仅39万平方米。同时，土地成交价格不断攀升，地价高企导致北京新房市场豪宅化。因此，受到购房承受能力限制，低总价的商办类产品开始受到刚需购房者的青睐。</p>\n<p>&nbsp; &nbsp; 还有一个不得不提的原因是，关于商住房将全面限购的几度传闻。自2016年5月通州商住限购政策实施后，全市商住房将限购的消息几度传出，尽管政府部门曾辟谣，但开发商利用传言作为营销噱头，还是加速购房者涌入商住房市场。</p>\n\n<br></p>', '商办唱主角 北京房地产市场新格局 商办唱主角 北京房地产市场新格局 商办唱主角 北京房地产市场新格局 商办唱主角 北京房地产市场新格局 ', null, 'billJiang-test', '402880e456223e8f015625231d8e0003', '8a8a84995ab654d1015ab69be272000d,8a8a84995ab654d1015ab69be276000e', '402880e55a998466015a998e208d0003', '0'), ('8a8a84995ab76f13015abbc8b8a00000', '2017-03-11 13:12:58', '0', '2017-03-11 13:42:56', '1', '0', '4', '0,1', null, null, '<p>\n</p><h1>北京市局全力服务城市副中心建设</h1>\n\n<br>\n<p></p><p>据了解，市工商局党组成员此前多次到北京城市副中心开展调查研究，深入一线指导基层工商部门的工作，现场解决基层遇到的难点和问题。据悉，市工商局制定的措施包括，加强城市副中心执法机构设置，从组织上推进基层执法力量落实到乡镇；充分利用工商数据资源，为服务副中心发展和市场监管提供数据支撑，提供副中心市场主体发展报告；在实行城六区产业禁限目录的基础上，支持出台更加严格的产业禁限政策，提升副中心市场主体质量，推动副中心产业转型升级；充分发挥京津冀三地工商和市场监管协作平台作用，加强三地基层工商和市场监管部门情报交流、信息共享和执法协作。\n\n<br></p>', '北京市局全力服务城市副中心建设test', '2017-03-11 13:42:56', 'billJiang-test', '402880e456223e8f015625231d8e0003', '8a8a84995ab654d1015ab6759e960007,8a8a84995ab654d1015ab6759e9e0008', '402880e55a998466015a998e208d0003', '0');
COMMIT;

-- ----------------------------
--  Table structure for `tbl_message_attachment`
-- ----------------------------
DROP TABLE IF EXISTS `tbl_message_attachment`;
CREATE TABLE `tbl_message_attachment` (
  `id` varchar(36) NOT NULL,
  `create_date_time` datetime DEFAULT NULL,
  `deleted` int(11) DEFAULT NULL,
  `update_date_time` datetime DEFAULT NULL,
  `version` int(11) DEFAULT NULL,
  `messageid` varchar(36) DEFAULT NULL,
  PRIMARY KEY (`id`),
  KEY `FK_mcncia3i9t8e3sakiasxap8gw` (`messageid`),
  CONSTRAINT `FK_mcncia3i9t8e3sakiasxap8gw` FOREIGN KEY (`messageid`) REFERENCES `tbl_message` (`id`)
) ENGINE=InnoDB DEFAULT CHARSET=utf8;

-- ----------------------------
--  Table structure for `tbl_message_group`
-- ----------------------------
DROP TABLE IF EXISTS `tbl_message_group`;
CREATE TABLE `tbl_message_group` (
  `id` varchar(36) NOT NULL,
  `create_date_time` datetime DEFAULT NULL,
  `deleted` int(11) DEFAULT NULL,
  `update_date_time` datetime DEFAULT NULL,
  `version` int(11) DEFAULT NULL,
  `name` varchar(255) DEFAULT NULL,
  `remark` longtext,
  `sort` int(11) DEFAULT NULL,
  `user_id` varchar(255) DEFAULT NULL,
  PRIMARY KEY (`id`)
) ENGINE=InnoDB DEFAULT CHARSET=utf8;

-- ----------------------------
--  Records of `tbl_message_group`
-- ----------------------------
BEGIN;
INSERT INTO `tbl_message_group` VALUES ('402880e456223e8f015625231d8e0001', '2017-03-03 14:38:36', '0', '2017-03-03 14:38:41', '0', '好友', 'test', '1', '402880e456223e8f015625231d8e0003'), ('402880e456223e8f015625231d8e0002', '2017-03-03 14:38:38', '0', '2017-03-03 14:38:44', '0', '同事', 'test', '2', '402880e456223e8f015625231d8e0003'), ('402880e456223e8f015625231d8e0003', '2017-03-03 14:38:55', '0', '2017-03-03 14:38:59', '0', '项目组', 'test', '3', '402880e456223e8f015625231d8e0003'), ('402880e45a9c67f5015a9c6a26d10000', '2017-03-05 11:01:26', '0', '2017-03-05 11:01:26', '0', 'test1', 'test1', '5', '402880e456223e8f015625231d8e0003'), ('402880e55a998466015a99894e020000', '2017-03-04 21:36:36', null, '2017-03-04 21:36:36', '0', '12', null, null, null), ('402880e55a998466015a998e208d0003', '2017-03-04 21:41:52', null, '2017-03-04 21:41:52', '0', '33', null, null, '402880e456223e8f015625231d8e0003'), ('402880e55a99936a015a999463000000', '2017-03-04 21:48:43', '0', '2017-03-04 21:48:43', '0', 'test', 'test', '5', '402880e456223e8f015625231d8e0003');
COMMIT;

-- ----------------------------
--  Table structure for `tbl_message_group_user`
-- ----------------------------
DROP TABLE IF EXISTS `tbl_message_group_user`;
CREATE TABLE `tbl_message_group_user` (
  `id` varchar(36) NOT NULL,
  `create_date_time` datetime DEFAULT NULL,
  `deleted` int(11) DEFAULT NULL,
  `update_date_time` datetime DEFAULT NULL,
  `version` int(11) DEFAULT NULL,
  `group_id` varchar(255) DEFAULT NULL,
  `remark` varchar(255) DEFAULT NULL,
  `user_id` varchar(255) DEFAULT NULL,
  PRIMARY KEY (`id`)
) ENGINE=InnoDB DEFAULT CHARSET=utf8;

-- ----------------------------
--  Records of `tbl_message_group_user`
-- ----------------------------
BEGIN;
INSERT INTO `tbl_message_group_user` VALUES ('1', null, '0', null, '0', '402880e456223e8f015625231d8e0001', '1', '402880e456223e8f015625231d8e0003'), ('2', null, '0', null, '0', '402880e456223e8f015625231d8e0002', '1', '402880e456223e8f015625231d8e0003'), ('3', null, '0', null, '0', '402880e456223e8f015625231d8e0003', '1', '402880e456223e8f015625231d8e0003'), ('402880e45a9c67f5015a9c6a26e20001', '2017-03-05 11:01:26', '0', '2017-03-05 11:01:26', '0', '402880e45a9c67f5015a9c6a26d10000', null, '402880e456223e8f015625231d8e0003'), ('402880e45a9c67f5015a9c6a26f40002', '2017-03-05 11:01:26', '0', '2017-03-05 11:01:26', '0', '402880e45a9c67f5015a9c6a26d10000', null, '402880e95d0da971015d0dafd70f0000'), ('402880e45a9c67f5015a9c6a26f40003', '2017-03-05 11:01:26', '0', '2017-03-05 11:01:26', '0', '402880e45a9c67f5015a9c6a26d10000', null, '402880e95d0da971015d0db12e3f0002'), ('402880e45a9c67f5015a9c6a26f40004', '2017-03-05 11:01:26', '0', '2017-03-05 11:01:26', '0', '402880e45a9c67f5015a9c6a26d10000', null, '402880e95d0da971015d0db871450006'), ('402880e55a998466015a99894e0a0001', '2017-03-04 21:36:36', '0', '2017-03-04 21:36:36', '0', '402880e55a998466015a99894e020000', null, '402880e456223e8f015625231d8e0003'), ('402880e55a998466015a99894e170002', '2017-03-04 21:36:36', '0', '2017-03-04 21:36:36', '0', '402880e55a998466015a99894e020000', null, '402880e95d0da971015d0dafd70f0000'), ('402880e55a998466015a998e208e0004', '2017-03-04 21:41:52', '0', '2017-03-04 21:41:52', '0', '402880e55a998466015a998e208d0003', null, '402880e456223e8f015625231d8e0003'), ('402880e55a998466015a998e20900005', '2017-03-04 21:41:52', '0', '2017-03-04 21:41:52', '0', '402880e55a998466015a998e208d0003', null, '402880e95d0da971015d0dafd70f0000'), ('402880e55a998466015a998e20900006', '2017-03-04 21:41:52', '0', '2017-03-04 21:41:52', '0', '402880e55a998466015a998e208d0003', null, '402880e95d0da971015d0db12e3f0002'), ('402880e55a99936a015a9994630d0001', '2017-03-04 21:48:43', '0', '2017-03-04 21:48:43', '0', '402880e55a99936a015a999463000000', null, '402880e456223e8f015625231d8e0003'), ('402880e55a99936a015a9994631b0002', '2017-03-04 21:48:43', '0', '2017-03-04 21:48:43', '0', '402880e55a99936a015a999463000000', null, '402880e95d0da971015d0dafd70f0000');
COMMIT;

-- ----------------------------
--  Table structure for `tbl_message_receiver`
-- ----------------------------
DROP TABLE IF EXISTS `tbl_message_receiver`;
CREATE TABLE `tbl_message_receiver` (
  `id` varchar(36) NOT NULL,
  `create_date_time` datetime DEFAULT NULL,
  `deleted` int(11) DEFAULT NULL,
  `update_date_time` datetime DEFAULT NULL,
  `version` int(11) DEFAULT NULL,
  `isRead` varchar(255) DEFAULT NULL,
  `messageFlag` varchar(255) DEFAULT NULL,
  `messageType` varchar(255) DEFAULT NULL,
  `readTime` datetime DEFAULT NULL,
  `receiveAddress` varchar(255) DEFAULT NULL,
  `receiveUserID` varchar(255) DEFAULT NULL,
  `remark` longtext,
  `message` varchar(36) DEFAULT NULL,
  `readYet` varchar(255) DEFAULT NULL,
  PRIMARY KEY (`id`),
  KEY `FK_4opt20g1s1vej8lay6pb31sdp` (`message`),
  CONSTRAINT `FK_4opt20g1s1vej8lay6pb31sdp` FOREIGN KEY (`message`) REFERENCES `tbl_message` (`id`)
) ENGINE=InnoDB DEFAULT CHARSET=utf8;

-- ----------------------------
--  Records of `tbl_message_receiver`
-- ----------------------------
BEGIN;
INSERT INTO `tbl_message_receiver` VALUES ('402880ed5abdfec1015ac02c89850004', '2017-03-12 09:40:28', '0', '2017-03-12 09:40:28', '0', '0', '0', '0,1', null, 'test@163.com', '402880e456223e8f0156223feee10000', null, '8a8a84995ab64a5c015ab64b8af10000', '0'), ('402880ed5abdfec1015ac02c89890005', '2017-03-12 09:40:28', '0', '2017-03-12 09:40:28', '0', '0', '0', '0,1', null, 'test@163.com', '402880e456223e8f0156225736a40001', null, '8a8a84995ab64a5c015ab64b8af10000', '0'), ('402880ed5abdfec1015ac02c898a0006', '2017-03-12 09:40:28', '1', '2017-03-12 09:40:28', '11', '0', '0', '0,1', null, 'test@163.com', '402880e456223e8f015625231d8e0003', null, '8a8a84995ab64a5c015ab64b8af10000', '0'), ('402880ed5abdfec1015ac02c898a0007', '2017-03-12 09:40:28', '0', '2017-03-12 09:40:28', '0', '0', '0', '0,1', null, 'test@163.com', '402880e65a7facdb015a7fca61830000', null, '8a8a84995ab64a5c015ab64b8af10000', '0'), ('402880ed5abdfec1015ac02c898a0008', '2017-03-12 09:40:28', '0', '2017-03-12 09:40:28', '0', '0', '0', '0,1', null, 'test@163.com', '4028818458d40f4f0158d4169f9d0007', null, '8a8a84995ab64a5c015ab64b8af10000', '0');
COMMIT;

-- ----------------------------
--  Table structure for `tbl_org`
-- ----------------------------
DROP TABLE IF EXISTS `tbl_org`;
CREATE TABLE `tbl_org` (
  `id` varchar(36) NOT NULL,
  `create_date_time` datetime DEFAULT NULL,
  `deleted` int(11) DEFAULT NULL,
  `update_date_time` datetime DEFAULT NULL,
  `version` int(11) DEFAULT NULL,
  `code` varchar(50) DEFAULT NULL,
  `levelCode` varchar(36) DEFAULT NULL,
  `name` varchar(50) DEFAULT NULL,
  `org_type` varchar(255) DEFAULT NULL,
  `parent_id` varchar(255) DEFAULT NULL,
  `remark` longtext,
  PRIMARY KEY (`id`)
) ENGINE=InnoDB DEFAULT CHARSET=utf8;

-- ----------------------------
--  Records of `tbl_org`
-- ----------------------------
BEGIN;
INSERT INTO `tbl_org` VALUES ('402880e95d0da971015d0dbaaac00008', '2017-07-04 21:12:03', '0', '2017-07-04 21:12:03', '0', 'SOFTWARE', '000001000011', '软件部', '1', '8a8a80f05cbef2d8015cbf15254c0001', null), ('8a8a80f05cbef2d8015cbf15254c0001', '2017-06-19 14:40:53', '0', '2017-06-19 14:40:53', '0', 'Company', '000001', 'xxxx有限责任公司', null, null, null), ('8a8a80f05cbef2d8015cbf1f091c0002', '2017-06-19 14:51:41', '0', '2017-07-04 17:50:13', '2', 'PXB', '000001000001', '培训部', '1', '8a8a80f05cbef2d8015cbf15254c0001', null), ('8a8a80f05cbef2d8015cbf20bc680003', '2017-06-19 14:53:32', '0', '2017-07-04 17:50:23', '2', 'JSS', '000001000002', '计算所部', '1', '8a8a80f05cbef2d8015cbf15254c0001', null), ('8a8a80f05cbef2d8015cbf210ae40004', '2017-06-19 14:53:52', '0', '2017-07-04 17:49:52', '3', 'HR', '000001000010', '人事部', '1', '8a8a80f05cbef2d8015cbf15254c0001', null), ('8a8a80f05cbef2d8015cbf21554b0005', '2017-06-19 14:54:11', '0', '2017-07-04 17:51:08', '1', 'JSS_ZHYYYS', '000001000002000001', '综合应用一室', '2', '8a8a80f05cbef2d8015cbf20bc680003', null), ('8a8a80f05cbef2d8015cbf21bbda0006', '2017-06-19 14:54:38', '0', '2017-07-04 17:51:35', '1', 'JSS_ZHYYES', '000001000002000002', '综合应用二室', '2', '8a8a80f05cbef2d8015cbf20bc680003', null);
COMMIT;

-- ----------------------------
--  Table structure for `tbl_role`
-- ----------------------------
DROP TABLE IF EXISTS `tbl_role`;
CREATE TABLE `tbl_role` (
  `id` varchar(36) NOT NULL,
  `create_date_time` datetime DEFAULT NULL,
  `deleted` int(11) DEFAULT NULL,
  `update_date_time` datetime DEFAULT NULL,
  `version` int(11) DEFAULT NULL,
  `code` varchar(50) DEFAULT NULL,
  `name` varchar(50) DEFAULT NULL,
  `remark` longtext,
  `sort` int(11) DEFAULT NULL,
  PRIMARY KEY (`id`)
) ENGINE=InnoDB DEFAULT CHARSET=utf8;

-- ----------------------------
--  Records of `tbl_role`
-- ----------------------------
BEGIN;
INSERT INTO `tbl_role` VALUES ('402880eb5c4ec2a4015c4ec591390000', '2017-05-28 19:16:29', '0', '2017-05-28 19:16:29', '0', 'COMMON', '一般用户', '系统注册的用户，不可删除', '1'), ('bc4d163c5880ab4901588b6681e50003', '2016-11-22 17:38:20', '0', '2016-11-22 17:38:20', '0', 'ADMIN', '管理员', '', '1');
COMMIT;

-- ----------------------------
--  Table structure for `tbl_role_function`
-- ----------------------------
DROP TABLE IF EXISTS `tbl_role_function`;
CREATE TABLE `tbl_role_function` (
  `id` varchar(36) NOT NULL,
  `create_date_time` datetime DEFAULT NULL,
  `deleted` int(11) DEFAULT NULL,
  `update_date_time` datetime DEFAULT NULL,
  `version` int(11) DEFAULT NULL,
  `functionId` varchar(36) DEFAULT NULL,
  `roleId` varchar(36) DEFAULT NULL,
  `remark` varchar(255) DEFAULT NULL,
  PRIMARY KEY (`id`)
) ENGINE=InnoDB DEFAULT CHARSET=utf8;

-- ----------------------------
--  Records of `tbl_role_function`
-- ----------------------------
BEGIN;
INSERT INTO `tbl_role_function` VALUES ('ff80818160f796a80160f7a232550000', '2018-01-15 10:24:50', null, '2018-01-15 10:24:50', '0', 'ff80808159ea142c0159ea670fae0000', 'bc4d163c5880ab4901588b6681e50003', null), ('ff80818160f796a80160f7a2325f0001', '2018-01-15 10:24:50', null, '2018-01-15 10:24:50', '0', 'ff80808159ea142c0159ea68d1e30001', 'bc4d163c5880ab4901588b6681e50003', null), ('ff80818160f796a80160f7a2325f0002', '2018-01-15 10:24:50', null, '2018-01-15 10:24:50', '0', '402880e95a72d8a4015a738980e30000', 'bc4d163c5880ab4901588b6681e50003', null), ('ff80818160f796a80160f7a2325f0003', '2018-01-15 10:24:50', null, '2018-01-15 10:24:50', '0', '402880ea5aae3edf015ab1b0ec9d0017', 'bc4d163c5880ab4901588b6681e50003', null), ('ff8081816111ac0f016111bf76af002f', '2018-01-20 12:06:56', null, '2018-01-20 12:06:56', '0', '402880eb56875b7f0156876338100000', '402880eb5c4ec2a4015c4ec591390000', null), ('ff8081816111ac0f016111bf76b00030', '2018-01-20 12:06:56', null, '2018-01-20 12:06:56', '0', '402880eb56875b7f01568763ac630001', '402880eb5c4ec2a4015c4ec591390000', null), ('ff8081816111ac0f016111bf76b00031', '2018-01-20 12:06:56', null, '2018-01-20 12:06:56', '0', 'ff80818161033d5e0161036267df0000', '402880eb5c4ec2a4015c4ec591390000', null), ('ff8081816111ac0f016111bf76b00032', '2018-01-20 12:06:56', null, '2018-01-20 12:06:56', '0', 'ff80808159ea142c0159ea670fae0000', '402880eb5c4ec2a4015c4ec591390000', null), ('ff8081816111ac0f016111bf76b00033', '2018-01-20 12:06:56', null, '2018-01-20 12:06:56', '0', 'ff80808159ea142c0159ea68d1e30001', '402880eb5c4ec2a4015c4ec591390000', null), ('ff8081816111ac0f016111bf76b00034', '2018-01-20 12:06:56', null, '2018-01-20 12:06:56', '0', '402880ea5aae3edf015ab1b0ec9d0017', '402880eb5c4ec2a4015c4ec591390000', null), ('ff8081816111ac0f016111bf76b00035', '2018-01-20 12:06:56', null, '2018-01-20 12:06:56', '0', '402880e95a72d8a4015a738980e30000', '402880eb5c4ec2a4015c4ec591390000', null), ('ff8081816111ac0f016111bf76b10037', '2018-01-20 12:06:56', null, '2018-01-20 12:06:56', '0', '402880eb58d9a6d40158d9a7b21f0000', '402880eb5c4ec2a4015c4ec591390000', null), ('ff8081816111ac0f016111bf76b10038', '2018-01-20 12:06:56', null, '2018-01-20 12:06:56', '0', '402880eb58d9a6d40158d9a995130001', '402880eb5c4ec2a4015c4ec591390000', null), ('ff8081816111ac0f016111bf76b10039', '2018-01-20 12:06:56', null, '2018-01-20 12:06:56', '0', '8a8a81425a1b36e9015a1b42074b0000', '402880eb5c4ec2a4015c4ec591390000', null), ('ff8081816111ac0f016111bf76b1003a', '2018-01-20 12:06:56', null, '2018-01-20 12:06:56', '0', '8a8a81d65a3598d9015a360092e60000', '402880eb5c4ec2a4015c4ec591390000', null), ('ff8081816111ac0f016111bf76b1003b', '2018-01-20 12:06:56', null, '2018-01-20 12:06:56', '0', '402880e95a72d8a4015a738bb1990001', '402880eb5c4ec2a4015c4ec591390000', null), ('ff8081816111ac0f016111bf76b1003c', '2018-01-20 12:06:56', null, '2018-01-20 12:06:56', '0', '8a8a83295a83a81a015a843e397b0000', '402880eb5c4ec2a4015c4ec591390000', null);
COMMIT;

-- ----------------------------
--  Table structure for `tbl_simple_mail`
-- ----------------------------
DROP TABLE IF EXISTS `tbl_simple_mail`;
CREATE TABLE `tbl_simple_mail` (
  `id` varchar(36) COLLATE utf8_bin NOT NULL,
  `create_date_time` datetime DEFAULT NULL,
  `deleted` int(11) DEFAULT NULL,
  `update_date_time` datetime DEFAULT NULL,
  `version` int(11) DEFAULT NULL,
  `content` longtext COLLATE utf8_bin,
  `fromUser` varchar(255) COLLATE utf8_bin DEFAULT NULL,
  `mail_type` varchar(255) COLLATE utf8_bin DEFAULT NULL,
  `title` varchar(255) COLLATE utf8_bin DEFAULT NULL,
  PRIMARY KEY (`id`)
) ENGINE=InnoDB DEFAULT CHARSET=utf8 COLLATE=utf8_bin;

-- ----------------------------
--  Table structure for `tbl_sudoku`
-- ----------------------------
DROP TABLE IF EXISTS `tbl_sudoku`;
CREATE TABLE `tbl_sudoku` (
  `id` varchar(36) NOT NULL,
  `create_date_time` datetime DEFAULT NULL,
  `deleted` int(11) DEFAULT NULL,
  `update_date_time` datetime DEFAULT NULL,
  `version` int(11) DEFAULT NULL,
  `answer` varchar(255) DEFAULT NULL,
  `level` int(11) DEFAULT NULL,
  `question` varchar(255) DEFAULT NULL,
  `wnf` float DEFAULT NULL,
  PRIMARY KEY (`id`)
) ENGINE=InnoDB DEFAULT CHARSET=utf8;

-- ----------------------------
--  Records of `tbl_sudoku`
-- ----------------------------
BEGIN;
INSERT INTO `tbl_sudoku` VALUES ('8a8a81e55c24066c015c240f89ef0028', '2017-05-20 12:13:37', null, '2017-05-20 12:13:37', '0', '[[3,7,6,8,5,1,4,2,9],[5,1,8,2,9,4,7,6,3],[9,4,2,6,3,7,1,8,5],[6,3,7,1,8,5,9,4,2],[2,9,4,7,6,3,5,1,8],[8,5,1,4,2,9,3,7,6],[4,2,9,3,7,6,8,5,1],[1,8,5,9,4,2,6,3,7],[7,6,3,5,1,8,2,9,4]]', '1', '[[0,7,6,0,5,1,4,2,9],[0,0,0,2,0,4,0,6,0],[9,0,2,6,3,0,1,0,5],[0,3,7,1,8,5,9,4,2],[0,9,0,7,6,3,5,1,8],[0,5,0,0,2,9,3,7,6],[0,2,9,3,7,6,0,0,1],[1,0,0,0,0,2,0,3,7],[0,6,3,0,0,8,2,0,4]]', '0.157088'), ('8a8a81e55c24066c015c240f89f30029', '2017-05-20 12:13:37', null, '2017-05-20 12:13:37', '0', '[[6,3,8,2,9,4,7,5,1],[4,9,2,7,5,1,8,3,6],[1,5,7,8,3,6,2,9,4],[7,1,5,3,6,8,9,4,2],[2,4,9,5,1,7,3,6,8],[8,6,3,9,4,2,5,1,7],[3,8,6,4,2,9,1,7,5],[5,7,1,6,8,3,4,2,9],[9,2,4,1,7,5,6,8,3]]', '1', '[[6,0,8,0,0,0,7,0,1],[0,0,2,0,0,1,8,3,0],[1,5,7,0,3,0,0,9,4],[0,0,5,0,6,0,9,4,2],[0,4,9,5,0,7,0,0,8],[8,0,3,0,4,2,0,1,0],[3,8,0,0,2,9,1,7,5],[5,7,0,6,0,3,4,2,0],[0,2,4,1,0,0,6,0,0]]', '0.152381'), ('8a8a81e55c24066c015c240f89f6002a', '2017-05-20 12:13:37', null, '2017-05-20 12:13:37', '0', '[[4,7,3,2,9,8,6,5,1],[6,5,1,7,3,4,8,2,9],[8,2,9,5,1,6,4,7,3],[9,8,2,6,5,1,3,4,7],[3,4,7,8,2,9,1,6,5],[1,6,5,4,7,3,9,8,2],[2,9,8,1,6,5,7,3,4],[7,3,4,9,8,2,5,1,6],[5,1,6,3,4,7,2,9,8]]', '1', '[[0,0,3,2,9,8,6,5,0],[6,0,1,0,3,4,8,2,0],[8,2,9,0,1,6,4,7,3],[9,0,0,6,0,1,0,4,0],[3,0,7,0,0,0,0,6,5],[1,6,5,4,0,3,9,8,2],[2,9,0,1,6,5,7,0,0],[7,3,4,9,8,0,5,1,0],[0,1,6,3,4,7,0,9,8]]', '0.155556'), ('8a8a81e55c24066c015c240f89f8002b', '2017-05-20 12:13:37', null, '2017-05-20 12:13:37', '0', '[[5,1,3,8,6,4,9,7,2],[7,2,9,5,1,3,4,8,6],[8,6,4,7,2,9,3,5,1],[3,5,1,4,8,6,2,9,7],[9,7,2,3,5,1,6,4,8],[4,8,6,9,7,2,1,3,5],[6,4,8,2,9,7,5,1,3],[1,3,5,6,4,8,7,2,9],[2,9,7,1,3,5,8,6,4]]', '1', '[[0,1,0,8,6,4,9,0,0],[7,2,9,0,1,0,4,8,6],[8,0,4,7,2,9,3,5,1],[0,0,1,4,0,0,2,9,7],[9,0,2,3,0,1,0,4,0],[4,0,6,9,7,2,1,3,5],[6,4,8,0,9,7,0,0,3],[1,0,5,6,4,8,7,0,9],[0,9,7,1,3,0,8,6,0]]', '0.162037'), ('8a8a81e55c24066c015c240f89fa002c', '2017-05-20 12:13:37', null, '2017-05-20 12:13:37', '0', '[[1,7,3,9,2,4,5,6,8],[5,6,8,1,7,3,9,2,4],[9,2,4,5,6,8,1,7,3],[3,1,7,4,9,2,8,5,6],[8,5,6,3,1,7,4,9,2],[4,9,2,8,5,6,3,1,7],[7,3,1,2,4,9,6,8,5],[6,8,5,7,3,1,2,4,9],[2,4,9,6,8,5,7,3,1]]', '1', '[[1,0,3,0,2,0,0,0,0],[5,0,8,1,0,0,9,2,4],[0,0,0,5,0,8,1,7,0],[0,0,0,0,9,2,8,5,6],[8,5,6,3,1,7,4,9,2],[0,9,2,0,0,6,3,1,0],[0,3,0,2,0,0,0,8,5],[0,8,0,7,0,0,2,4,9],[2,0,0,6,8,5,0,3,1]]', '0.150327'), ('8a8a81e55c24066c015c240f89fd002d', '2017-05-20 12:13:37', null, '2017-05-20 12:13:37', '0', '[[9,3,7,8,4,6,1,2,5],[1,2,5,3,9,7,4,8,6],[4,8,6,2,1,5,9,3,7],[8,6,4,5,2,1,3,7,9],[2,5,1,7,3,9,8,6,4],[3,7,9,6,8,4,2,5,1],[6,4,8,1,5,2,7,9,3],[5,1,2,9,7,3,6,4,8],[7,9,3,4,6,8,5,1,2]]', '1', '[[0,3,0,8,4,0,1,2,5],[1,0,0,3,9,0,0,0,0],[4,8,6,2,1,5,9,0,7],[8,6,4,0,2,0,3,0,0],[0,5,0,7,3,0,8,0,0],[3,7,0,6,8,0,2,5,1],[0,4,0,0,0,2,7,0,3],[0,0,2,9,7,3,6,4,8],[7,9,3,0,6,8,5,1,0]]', '0.162963'), ('8a8a81e55c24066c015c240f89ff002e', '2017-05-20 12:13:37', null, '2017-05-20 12:13:37', '0', '[[3,7,6,9,8,4,5,2,1],[1,5,2,6,3,7,4,9,8],[8,4,9,2,1,5,7,6,3],[6,3,7,4,9,8,1,5,2],[9,8,4,5,2,1,3,7,6],[2,1,5,7,6,3,8,4,9],[5,2,1,3,7,6,9,8,4],[4,9,8,1,5,2,6,3,7],[7,6,3,8,4,9,2,1,5]]', '1', '[[3,7,6,9,8,4,5,0,1],[1,0,0,6,3,7,0,0,0],[8,0,0,0,1,5,0,6,3],[6,0,7,4,0,0,1,5,2],[9,0,0,5,0,1,3,7,0],[2,1,5,7,6,3,8,4,9],[0,2,1,3,0,0,0,0,4],[4,0,8,1,5,2,6,3,7],[7,6,0,0,4,9,0,0,0]]', '0.170635'), ('8a8a81e55c24066c015c240f8a01002f', '2017-05-20 12:13:37', null, '2017-05-20 12:13:37', '0', '[[8,3,1,4,2,9,7,5,6],[2,4,9,7,5,6,3,8,1],[5,7,6,3,8,1,4,2,9],[1,8,3,2,9,4,5,6,7],[9,2,4,5,6,7,8,1,3],[6,5,7,8,1,3,2,9,4],[3,1,8,9,4,2,6,7,5],[4,9,2,6,7,5,1,3,8],[7,6,5,1,3,8,9,4,2]]', '1', '[[0,3,1,0,0,9,7,0,6],[2,4,9,7,0,6,3,0,1],[5,7,0,3,8,0,4,2,9],[0,8,0,0,0,4,0,0,7],[0,0,0,5,0,7,8,1,0],[0,0,7,8,1,3,0,9,0],[3,1,0,9,4,0,6,7,5],[0,9,2,6,0,5,0,0,8],[7,0,5,1,0,8,0,4,2]]', '0.163194'), ('8a8a81e55c24066c015c240f8a030030', '2017-05-20 12:13:37', null, '2017-05-20 12:13:37', '0', '[[6,1,4,2,5,7,8,9,3],[3,8,9,6,1,4,5,7,2],[2,5,7,3,8,9,1,4,6],[9,3,8,4,6,1,2,5,7],[7,2,5,9,3,8,6,1,4],[4,6,1,7,2,5,3,8,9],[1,4,6,5,7,2,9,3,8],[8,9,3,1,4,6,7,2,5],[5,7,2,8,9,3,4,6,1]]', '1', '[[6,0,4,2,0,0,8,9,0],[3,8,0,0,0,0,5,0,0],[0,0,0,3,8,9,1,4,6],[9,0,8,0,6,1,2,0,0],[7,2,5,9,0,8,0,0,4],[0,0,1,7,2,5,3,8,9],[1,4,6,0,7,2,9,0,8],[8,9,0,1,4,0,7,2,5],[5,0,0,8,0,3,0,6,0]]', '0.16129'), ('8a8a81e55c24066c015c240f8a060031', '2017-05-20 12:13:37', null, '2017-05-20 12:13:37', '0', '[[7,9,8,5,3,2,4,1,6],[6,1,4,7,9,8,2,3,5],[5,3,2,6,1,4,8,9,7],[9,8,7,3,2,5,6,4,1],[1,4,6,9,8,7,5,2,3],[3,2,5,1,4,6,7,8,9],[4,6,1,8,7,9,3,5,2],[2,5,3,4,6,1,9,7,8],[8,7,9,2,5,3,1,6,4]]', '1', '[[7,9,8,5,3,2,0,0,6],[6,1,4,0,0,0,2,3,5],[5,3,2,6,1,4,8,9,7],[9,8,0,3,2,5,6,0,0],[0,4,6,0,8,7,0,0,0],[3,2,5,1,0,6,7,8,0],[4,6,0,0,0,9,0,5,0],[2,0,3,4,6,1,9,7,8],[8,7,9,0,5,3,0,0,4]]', '0.171296'), ('8a8a81e55c24066c015c240f8a080032', '2017-05-20 12:13:37', null, '2017-05-20 12:13:37', '0', '[[4,7,5,9,6,8,1,2,3],[2,1,3,7,5,4,9,8,6],[8,9,6,1,3,2,7,4,5],[5,4,7,8,9,6,2,3,1],[6,8,9,2,1,3,4,5,7],[3,2,1,4,7,5,8,6,9],[9,6,8,3,2,1,5,7,4],[7,5,4,6,8,9,3,1,2],[1,3,2,5,4,7,6,9,8]]', '1', '[[4,0,0,9,6,8,0,0,3],[2,1,3,7,5,0,0,8,0],[0,9,6,0,3,2,7,4,5],[5,4,7,8,9,6,0,0,1],[0,0,0,0,0,3,0,0,7],[3,0,1,0,7,5,8,6,9],[9,6,8,0,2,1,5,7,0],[0,0,4,6,0,0,0,1,2],[1,0,2,0,4,0,0,9,8]]', '0.154122'), ('8a8a81e55c24066c015c240f8a0a0033', '2017-05-20 12:13:37', null, '2017-05-20 12:13:37', '0', '[[2,9,3,5,1,8,4,6,7],[6,4,7,2,3,9,8,5,1],[5,8,1,6,7,4,9,2,3],[8,1,5,4,6,7,3,9,2],[4,7,6,9,2,3,1,8,5],[9,3,2,8,5,1,7,4,6],[7,6,4,3,9,2,5,1,8],[1,5,8,7,4,6,2,3,9],[3,2,9,1,8,5,6,7,4]]', '1', '[[0,0,3,5,0,8,4,6,0],[6,0,0,0,3,0,8,5,1],[5,0,0,0,7,4,0,0,3],[8,1,5,4,6,7,3,9,2],[4,0,0,0,2,3,1,0,5],[9,3,0,0,0,1,0,4,6],[7,6,4,3,9,2,5,1,8],[1,5,8,7,4,0,2,3,9],[3,2,0,1,0,5,6,0,0]]', '0.15812'), ('8a8a81e55c24066c015c240f8a0c0034', '2017-05-20 12:13:37', null, '2017-05-20 12:13:37', '0', '[[1,4,3,6,5,7,2,9,8],[5,6,7,9,8,2,3,4,1],[8,9,2,4,1,3,7,6,5],[4,3,1,7,6,5,8,2,9],[6,7,5,2,9,8,1,3,4],[9,2,8,3,4,1,5,7,6],[3,1,4,5,7,6,9,8,2],[7,5,6,8,2,9,4,1,3],[2,8,9,1,3,4,6,5,7]]', '1', '[[1,4,0,0,5,0,2,0,0],[5,6,7,9,0,0,0,0,1],[8,9,2,0,0,3,0,6,5],[4,0,0,0,6,0,8,0,9],[6,0,5,0,0,8,1,3,4],[9,2,8,3,4,0,0,7,0],[0,0,4,0,0,6,9,8,0],[7,0,0,8,0,0,4,1,3],[2,8,9,0,0,0,0,5,7]]', '0.157407'), ('8a8a81e55c24066c015c240f8a100035', '2017-05-20 12:13:37', null, '2017-05-20 12:13:37', '0', '[[4,8,2,6,1,7,9,5,3],[5,3,9,4,2,8,1,6,7],[6,7,1,5,9,3,2,4,8],[1,6,7,9,3,5,8,2,4],[9,5,3,2,8,4,7,1,6],[2,4,8,1,7,6,3,9,5],[7,1,6,3,5,9,4,8,2],[8,2,4,7,6,1,5,3,9],[3,9,5,8,4,2,6,7,1]]', '1', '[[4,8,0,0,1,0,0,5,3],[5,3,9,0,2,8,1,0,7],[6,7,1,5,9,3,2,4,8],[0,6,7,9,3,5,8,2,4],[9,5,3,2,0,4,7,1,6],[2,4,8,0,7,0,3,9,0],[7,1,6,3,0,0,4,8,2],[8,2,4,7,6,0,5,3,0],[3,0,5,8,4,2,0,7,1]]', '0.150327'), ('8a8a81e55c24066c015c240f8a120036', '2017-05-20 12:13:37', null, '2017-05-20 12:13:37', '0', '[[5,3,2,4,9,6,8,7,1],[8,7,1,3,5,2,9,4,6],[9,4,6,7,8,1,5,3,2],[2,5,3,9,6,4,1,8,7],[1,8,7,5,2,3,6,9,4],[6,9,4,8,1,7,2,5,3],[4,6,9,1,7,8,3,2,5],[7,1,8,2,3,5,4,6,9],[3,2,5,6,4,9,7,1,8]]', '1', '[[0,0,2,4,0,0,0,7,1],[8,0,1,0,0,2,9,4,0],[0,4,6,7,8,1,5,3,0],[2,0,0,9,0,4,1,8,0],[0,8,7,5,0,3,6,9,4],[6,9,4,8,0,7,0,0,3],[4,6,9,1,7,8,3,2,5],[7,1,8,2,3,5,0,6,9],[3,2,5,0,4,9,7,1,8]]', '0.156566'), ('8a8a81e55c24066c015c240f8a150037', '2017-05-20 12:13:37', null, '2017-05-20 12:13:37', '0', '[[3,2,5,9,8,1,4,7,6],[6,7,4,5,2,3,9,8,1],[1,8,9,4,7,6,5,2,3],[5,3,2,8,1,9,7,6,4],[4,6,7,2,3,5,8,1,9],[9,1,8,7,6,4,2,3,5],[8,9,1,6,4,7,3,5,2],[2,5,3,1,9,8,6,4,7],[7,4,6,3,5,2,1,9,8]]', '1', '[[3,2,5,9,0,1,4,7,6],[0,7,4,5,0,3,0,0,0],[0,0,9,0,7,6,0,2,0],[5,0,0,0,1,9,7,0,0],[4,6,7,2,0,0,8,1,9],[9,1,8,0,6,4,0,3,5],[8,9,1,0,4,7,3,5,0],[2,0,3,1,0,0,0,0,0],[7,0,6,3,5,2,1,9,8]]', '0.153257'), ('8a8a81e55c24066c015c240f8a170038', '2017-05-20 12:13:37', null, '2017-05-20 12:13:37', '0', '[[8,3,1,7,2,9,4,5,6],[4,6,5,3,8,1,2,9,7],[2,7,9,6,4,5,8,1,3],[6,5,4,1,3,8,7,2,9],[7,9,2,5,6,4,3,8,1],[3,1,8,9,7,2,6,4,5],[9,2,7,4,5,6,1,3,8],[1,8,3,2,9,7,5,6,4],[5,4,6,8,1,3,9,7,2]]', '1', '[[8,0,1,7,0,9,4,5,6],[0,6,5,0,0,1,2,9,0],[2,7,9,0,0,5,8,1,0],[6,5,4,0,3,8,7,2,9],[7,9,2,0,6,0,3,8,1],[3,1,0,9,0,0,6,4,0],[0,2,7,4,5,6,0,3,0],[1,0,3,2,0,7,0,6,0],[5,4,0,0,1,3,9,0,2]]', '0.15812'), ('8a8a81e55c24066c015c240f8a190039', '2017-05-20 12:13:37', null, '2017-05-20 12:13:37', '0', '[[6,1,4,9,5,2,3,8,7],[2,9,5,8,7,3,6,1,4],[3,8,7,1,4,6,2,9,5],[5,2,9,3,8,7,4,6,1],[4,6,1,2,9,5,7,3,8],[7,3,8,6,1,4,5,2,9],[1,4,6,5,2,9,8,7,3],[9,5,2,7,3,8,1,4,6],[8,7,3,4,6,1,9,5,2]]', '1', '[[6,1,4,0,0,2,3,0,7],[2,9,0,0,7,0,0,1,4],[3,8,7,1,4,0,0,9,5],[0,0,9,3,0,7,4,6,1],[0,6,1,2,0,0,7,3,0],[7,3,8,6,0,4,5,0,9],[1,0,6,5,2,9,8,7,0],[0,0,2,7,3,0,1,0,6],[8,7,3,0,0,1,0,5,0]]', '0.150794'), ('8a8a81e55c24066c015c240f8a1b003a', '2017-05-20 12:13:37', null, '2017-05-20 12:13:37', '0', '[[2,8,9,5,3,6,7,1,4],[1,4,7,9,2,8,5,3,6],[3,6,5,7,1,4,9,2,8],[7,1,4,8,9,2,6,5,3],[5,3,6,4,7,1,8,9,2],[9,2,8,6,5,3,4,7,1],[6,5,3,1,4,7,2,8,9],[4,7,1,2,8,9,3,6,5],[8,9,2,3,6,5,1,4,7]]', '1', '[[2,0,9,5,3,6,7,0,4],[1,4,7,9,0,0,5,0,6],[0,6,5,7,1,0,0,2,8],[0,1,4,8,9,0,0,5,0],[0,0,6,0,0,1,0,9,2],[0,2,8,6,5,0,4,0,1],[0,5,3,1,0,7,2,8,0],[4,0,1,0,8,9,0,0,5],[0,0,0,0,6,0,0,4,0]]', '0.163399'), ('8a8a81e55c24066c015c240f8a1d003b', '2017-05-20 12:13:37', null, '2017-05-20 12:13:37', '0', '[[8,7,3,1,4,6,9,2,5],[5,2,9,8,3,7,4,6,1],[1,6,4,5,9,2,3,7,8],[2,9,5,7,8,3,1,4,6],[7,3,8,6,1,4,5,9,2],[6,4,1,2,5,9,8,3,7],[9,5,2,3,7,8,6,1,4],[4,1,6,9,2,5,7,8,3],[3,8,7,4,6,1,2,5,9]]', '1', '[[8,0,0,0,0,0,9,2,5],[5,0,0,8,0,7,4,6,1],[0,0,4,0,9,0,3,7,8],[2,0,0,7,8,3,1,4,6],[7,0,0,6,1,0,5,9,2],[6,0,0,2,0,9,0,0,7],[9,5,0,3,7,8,6,1,4],[0,1,6,9,2,5,0,0,0],[0,8,0,4,6,1,2,0,9]]', '0.159259'), ('8a8a81e55c24066c015c240f8a20003c', '2017-05-20 12:13:37', null, '2017-05-20 12:13:37', '0', '[[1,6,7,3,4,9,2,5,8],[5,8,2,1,6,7,9,3,4],[3,4,9,5,8,2,7,1,6],[7,1,6,9,3,4,8,2,5],[9,3,4,2,5,8,6,7,1],[2,5,8,7,1,6,4,9,3],[6,7,1,4,9,3,5,8,2],[8,2,5,6,7,1,3,4,9],[4,9,3,8,2,5,1,6,7]]', '2', '[[0,0,7,0,4,9,2,5,8],[5,8,0,0,6,0,9,0,4],[3,0,9,0,0,2,0,0,6],[7,1,6,0,3,4,8,0,0],[9,0,4,0,0,8,6,7,1],[2,5,8,0,0,6,0,9,3],[0,0,1,0,9,0,5,0,0],[8,2,5,0,7,1,0,4,9],[4,9,3,8,0,5,1,6,0]]', '0.200717'), ('8a8a81e55c24066c015c240f8a23003d', '2017-05-20 12:13:37', null, '2017-05-20 12:13:37', '0', '[[6,5,9,4,1,3,8,7,2],[7,8,2,6,9,5,3,4,1],[4,3,1,7,2,8,5,6,9],[3,1,4,8,7,2,9,5,6],[5,9,6,3,4,1,2,8,7],[8,2,7,5,6,9,1,3,4],[1,4,3,2,8,7,6,9,5],[9,6,5,1,3,4,7,2,8],[2,7,8,9,5,6,4,1,3]]', '2', '[[6,5,9,4,1,0,8,0,2],[0,0,2,6,9,0,0,0,1],[0,3,1,0,0,0,5,0,9],[3,1,4,8,7,2,9,0,6],[0,9,0,3,0,0,2,0,7],[8,0,0,5,0,9,1,0,0],[1,0,3,2,0,7,6,9,0],[9,0,5,1,0,4,0,2,8],[2,0,0,9,0,0,4,1,0]]', '0.202614'), ('8a8a81e55c24066c015c240f8a25003e', '2017-05-20 12:13:37', null, '2017-05-20 12:13:37', '0', '[[9,1,4,5,8,2,6,3,7],[6,3,7,1,4,9,2,5,8],[2,5,8,3,7,6,9,1,4],[8,2,5,6,3,7,4,9,1],[4,9,1,2,5,8,7,6,3],[7,6,3,9,1,4,8,2,5],[3,7,6,4,9,1,5,8,2],[5,8,2,7,6,3,1,4,9],[1,4,9,8,2,5,3,7,6]]', '2', '[[9,1,4,5,0,2,0,3,7],[0,3,7,0,0,9,0,5,0],[0,5,0,3,7,6,0,0,0],[8,2,5,0,3,7,4,9,0],[4,0,1,2,5,0,7,0,3],[7,0,0,9,1,4,8,0,5],[3,7,0,4,0,1,0,0,0],[5,8,2,0,0,0,1,4,0],[1,4,0,8,0,5,3,0,6]]', '0.201389'), ('8a8a81e55c24066c015c240f8a28003f', '2017-05-20 12:13:37', null, '2017-05-20 12:13:37', '0', '[[5,8,7,1,4,6,2,9,3],[9,3,2,8,5,7,6,4,1],[4,1,6,3,9,2,7,5,8],[6,4,1,9,2,3,8,7,5],[7,5,8,4,6,1,3,2,9],[2,9,3,5,7,8,1,6,4],[8,7,5,6,1,4,9,3,2],[1,6,4,2,3,9,5,8,7],[3,2,9,7,8,5,4,1,6]]', '2', '[[5,0,0,0,4,6,2,0,3],[9,3,0,8,0,0,0,0,1],[4,0,0,3,0,0,7,0,8],[0,4,1,9,2,3,0,0,5],[7,5,0,4,6,1,0,2,0],[0,9,0,0,0,8,1,6,4],[0,0,5,0,0,4,9,0,0],[1,6,4,2,3,9,0,0,0],[3,0,0,0,0,5,4,1,6]]', '0.201201'), ('8a8a81e55c24066c015c240f8a2a0040', '2017-05-20 12:13:37', null, '2017-05-20 12:13:37', '0', '[[7,3,4,9,1,6,8,5,2],[2,5,8,4,7,3,9,6,1],[1,6,9,8,2,5,4,3,7],[4,7,3,6,9,1,5,2,8],[9,1,6,5,8,2,3,7,4],[8,2,5,3,4,7,6,1,9],[3,4,7,1,6,9,2,8,5],[5,8,2,7,3,4,1,9,6],[6,9,1,2,5,8,7,4,3]]', '2', '[[7,3,4,0,0,6,0,0,2],[2,5,0,4,0,0,9,6,0],[0,6,9,8,0,5,4,3,0],[0,7,0,0,9,1,0,2,0],[0,0,6,0,8,2,3,0,4],[8,0,5,0,4,0,0,0,0],[0,4,7,0,0,0,2,8,5],[0,8,0,0,3,0,0,0,6],[0,0,1,2,5,0,0,4,3]]', '0.208333'), ('8a8a81e55c24066c015c240f8a340041', '2017-05-20 12:13:37', null, '2017-05-20 12:13:37', '0', '[[8,2,6,1,7,9,4,3,5],[1,7,9,5,3,4,6,2,8],[5,3,4,8,2,6,9,7,1],[2,6,8,7,9,1,5,4,3],[7,9,1,3,4,5,8,6,2],[3,4,5,2,6,8,1,9,7],[6,8,2,9,1,7,3,5,4],[9,1,7,4,5,3,2,8,6],[4,5,3,6,8,2,7,1,9]]', '2', '[[0,2,6,0,7,0,0,3,5],[0,7,0,5,3,0,0,2,0],[0,0,4,0,0,6,9,7,1],[2,0,8,7,9,1,0,0,3],[7,9,1,0,4,0,0,0,0],[3,4,0,0,0,8,1,9,7],[6,8,0,9,0,7,3,5,0],[9,0,7,0,0,3,2,8,6],[0,5,3,0,8,0,7,0,0]]', '0.209524'), ('8a8a81e55c24066c015c240f8a400042', '2017-05-20 12:13:37', null, '2017-05-20 12:13:37', '0', '[[8,6,9,5,4,2,1,3,7],[2,5,4,1,7,3,6,8,9],[3,1,7,6,9,8,5,2,4],[7,3,1,8,6,9,2,4,5],[4,2,5,3,1,7,8,9,6],[9,8,6,2,5,4,3,7,1],[6,9,8,4,2,5,7,1,3],[5,4,2,7,3,1,9,6,8],[1,7,3,9,8,6,4,5,2]]', '2', '[[8,6,0,5,0,2,0,3,7],[2,0,0,0,7,0,6,0,0],[0,0,7,0,9,8,5,2,4],[7,3,1,8,0,0,0,4,0],[0,2,5,0,1,7,0,9,6],[0,8,6,2,5,4,0,0,0],[6,9,8,4,0,0,7,1,0],[5,0,2,7,0,1,9,6,0],[0,7,0,9,8,6,4,0,0]]', '0.20202'), ('8a8a81e55c24066c015c240f8a430043', '2017-05-20 12:13:37', null, '2017-05-20 12:13:37', '0', '[[8,2,4,3,9,6,1,7,5],[7,1,5,8,4,2,6,3,9],[3,6,9,7,5,1,2,8,4],[6,9,3,1,7,5,4,2,8],[2,4,8,6,3,9,5,1,7],[1,5,7,2,8,4,9,6,3],[4,8,2,9,6,3,7,5,1],[5,7,1,4,2,8,3,9,6],[9,3,6,5,1,7,8,4,2]]', '2', '[[8,0,0,0,0,6,1,7,5],[0,1,5,0,0,2,0,0,0],[0,6,9,7,5,1,2,8,0],[6,9,0,0,0,5,0,0,8],[2,4,8,6,3,0,0,1,7],[1,0,7,0,8,0,0,6,3],[4,0,0,9,6,3,0,5,0],[0,7,1,4,0,8,3,9,6],[9,0,0,0,0,0,0,4,0]]', '0.200617'), ('8a8a81e55c24066c015c240f8a450044', '2017-05-20 12:13:37', null, '2017-05-20 12:13:37', '0', '[[2,5,9,7,6,4,3,1,8],[8,1,3,5,2,9,4,7,6],[6,7,4,1,8,3,9,5,2],[7,4,6,3,1,8,2,9,5],[5,9,2,4,7,6,8,3,1],[1,3,8,9,5,2,6,4,7],[9,2,5,6,4,7,1,8,3],[3,8,1,2,9,5,7,6,4],[4,6,7,8,3,1,5,2,9]]', '2', '[[2,5,0,7,0,0,3,1,8],[8,1,3,0,2,9,4,7,0],[0,0,0,1,0,0,9,5,0],[7,0,0,3,1,0,2,9,5],[5,9,2,0,0,6,8,0,0],[1,3,8,0,5,2,6,4,0],[9,2,0,6,0,7,0,0,0],[3,8,0,0,0,5,7,0,0],[4,6,7,0,0,0,5,2,9]]', '0.215488'), ('8a8a81e55c24066c015c240f8a490045', '2017-05-20 12:13:37', null, '2017-05-20 12:13:37', '0', '[[1,5,6,3,4,7,9,8,2],[8,9,2,5,1,6,3,4,7],[4,3,7,9,8,2,5,1,6],[5,6,1,7,3,4,2,9,8],[9,2,8,6,5,1,7,3,4],[3,7,4,2,9,8,6,5,1],[7,4,3,8,2,9,1,6,5],[6,1,5,4,7,3,8,2,9],[2,8,9,1,6,5,4,7,3]]', '2', '[[1,5,6,3,0,7,0,8,0],[0,0,0,0,1,6,0,4,7],[0,3,0,0,0,2,0,1,0],[0,6,0,7,3,4,2,9,0],[0,0,8,0,5,1,7,3,4],[3,0,4,0,9,0,0,0,1],[0,4,3,0,0,0,1,0,5],[6,1,0,4,0,3,8,2,0],[2,0,0,1,6,0,4,0,0]]', '0.207602'), ('8a8a81e55c24066c015c240f8a4f0046', '2017-05-20 12:13:37', null, '2017-05-20 12:13:37', '0', '[[2,8,6,1,4,9,7,3,5],[3,5,7,8,6,2,4,9,1],[9,1,4,5,7,3,6,2,8],[6,2,8,9,1,4,5,7,3],[7,3,5,2,8,6,1,4,9],[4,9,1,3,5,7,8,6,2],[8,6,2,4,9,1,3,5,7],[5,7,3,6,2,8,9,1,4],[1,4,9,7,3,5,2,8,6]]', '2', '[[0,8,6,1,0,9,0,0,0],[0,0,7,0,0,2,0,9,0],[0,1,0,5,0,3,6,0,8],[0,0,0,0,0,0,5,7,3],[0,3,0,0,8,6,1,0,9],[4,0,1,0,5,0,0,0,0],[8,6,2,0,0,1,3,0,0],[5,7,0,6,2,0,9,0,4],[1,4,0,7,3,0,2,8,0]]', '0.203252'), ('8a8a81e55c24066c015c240f8a530047', '2017-05-20 12:13:37', null, '2017-05-20 12:13:37', '0', '[[6,7,2,1,5,9,4,8,3],[8,4,3,6,7,2,5,1,9],[1,5,9,8,4,3,7,6,2],[2,6,7,9,1,5,8,3,4],[3,8,4,2,6,7,1,9,5],[9,1,5,3,8,4,6,2,7],[5,9,1,4,3,8,2,7,6],[7,2,6,5,9,1,3,4,8],[4,3,8,7,2,6,9,5,1]]', '2', '[[6,7,2,1,5,0,4,8,3],[8,0,3,0,0,0,0,1,0],[1,5,0,8,4,3,0,6,0],[0,0,7,0,0,5,0,3,4],[3,0,0,0,6,0,1,9,5],[0,1,5,3,0,4,0,0,7],[5,0,1,4,3,8,0,7,0],[7,0,6,5,9,1,3,0,0],[4,3,8,7,2,6,9,5,1]]', '0.206897'), ('8a8a81e55c24066c015c240f8a550048', '2017-05-20 12:13:37', null, '2017-05-20 12:13:37', '0', '[[7,1,2,5,8,4,9,3,6],[9,6,3,2,7,1,8,5,4],[8,4,5,3,9,6,7,2,1],[2,7,1,4,5,8,3,6,9],[5,8,4,6,3,9,2,1,7],[3,9,6,1,2,7,5,4,8],[4,5,8,9,6,3,1,7,2],[1,2,7,8,4,5,6,9,3],[6,3,9,7,1,2,4,8,5]]', '2', '[[0,0,2,5,8,4,0,3,6],[0,6,0,0,7,1,8,5,4],[8,4,0,3,9,6,0,2,1],[0,7,0,0,5,8,3,6,0],[5,8,0,6,3,0,2,0,0],[3,0,0,0,2,0,0,4,0],[4,0,0,9,0,3,1,0,2],[0,2,7,8,0,0,0,9,3],[0,0,0,7,1,2,4,0,0]]', '0.203175'), ('8a8a81e55c24066c015c240f8a5e0049', '2017-05-20 12:13:37', null, '2017-05-20 12:13:37', '0', '[[4,2,7,3,6,5,8,1,9],[3,6,5,8,1,9,4,2,7],[8,1,9,4,2,7,3,6,5],[7,4,2,5,3,6,9,8,1],[9,8,1,7,4,2,5,3,6],[5,3,6,9,8,1,7,4,2],[1,9,8,2,7,4,6,5,3],[6,5,3,1,9,8,2,7,4],[2,7,4,6,5,3,1,9,8]]', '2', '[[0,0,7,0,6,5,8,0,9],[3,6,0,8,1,9,4,2,0],[8,0,0,4,2,0,0,6,5],[0,4,2,5,0,6,9,8,0],[0,8,1,0,4,0,0,3,6],[0,0,6,9,8,0,0,4,2],[0,0,8,0,0,4,6,5,0],[6,5,0,1,9,8,0,7,4],[0,7,4,6,5,0,0,0,0]]', '0.215488'), ('8a8a81e55c24066c015c240f8a64004a', '2017-05-20 12:13:37', null, '2017-05-20 12:13:37', '0', '[[6,3,1,8,7,9,4,5,2],[4,5,2,1,3,6,9,7,8],[9,7,8,2,5,4,6,3,1],[5,2,4,6,1,3,7,8,9],[7,8,9,4,2,5,3,1,6],[3,1,6,9,8,7,5,2,4],[1,6,3,7,9,8,2,4,5],[2,4,5,3,6,1,8,9,7],[8,9,7,5,4,2,1,6,3]]', '2', '[[0,0,0,8,7,9,4,0,2],[4,0,2,1,3,0,9,7,0],[9,7,0,0,0,0,0,3,1],[0,0,0,6,0,0,0,0,9],[0,0,9,4,0,5,0,1,6],[3,0,0,0,8,7,0,2,4],[0,6,0,0,9,0,2,0,5],[2,0,0,0,0,1,0,0,7],[8,0,0,5,0,2,1,6,0]]', '0.208995'), ('8a8a81e55c24066c015c240f8a6f004b', '2017-05-20 12:13:37', null, '2017-05-20 12:13:37', '0', '[[3,2,7,5,6,8,4,9,1],[1,9,4,7,2,3,5,6,8],[8,6,5,4,9,1,7,2,3],[7,3,2,6,8,5,9,1,4],[5,8,6,9,1,4,2,3,7],[4,1,9,2,3,7,6,8,5],[2,7,3,8,5,6,1,4,9],[6,5,8,1,4,9,3,7,2],[9,4,1,3,7,2,8,5,6]]', '2', '[[0,2,7,5,6,0,4,0,1],[1,9,4,0,2,3,5,6,0],[0,0,0,0,0,0,0,2,3],[0,3,0,6,8,5,9,1,0],[5,0,0,0,0,4,0,0,0],[0,1,0,0,3,7,6,8,5],[0,7,0,0,0,6,0,0,9],[0,0,8,0,4,9,3,0,2],[9,0,1,3,0,2,8,0,0]]', '0.213675'), ('8a8a81e55c24066c015c240f8a79004c', '2017-05-20 12:13:37', null, '2017-05-20 12:13:37', '0', '[[3,6,2,1,4,7,5,9,8],[1,4,7,9,8,5,2,3,6],[9,8,5,3,6,2,7,1,4],[5,9,8,2,3,6,4,7,1],[7,1,4,5,9,8,6,2,3],[2,3,6,7,1,4,8,5,9],[6,2,3,4,7,1,9,8,5],[8,5,9,6,2,3,1,4,7],[4,7,1,8,5,9,3,6,2]]', '2', '[[3,6,0,1,4,7,5,0,8],[0,4,0,9,8,5,0,3,0],[9,8,0,3,6,0,7,1,4],[5,9,0,0,3,6,4,0,0],[7,0,0,5,9,0,6,2,0],[2,3,0,0,0,0,0,0,9],[6,2,0,4,0,1,9,8,5],[0,5,9,6,0,3,0,0,0],[4,7,0,8,5,9,0,6,0]]', '0.208333'), ('8a8a81e55c24066c015c240f8a7c004d', '2017-05-20 12:13:37', null, '2017-05-20 12:13:37', '0', '[[9,2,3,6,8,7,4,5,1],[8,7,6,4,1,5,3,2,9],[1,5,4,3,9,2,6,7,8],[3,9,2,7,6,8,5,1,4],[6,8,7,5,4,1,2,9,3],[4,1,5,2,3,9,7,8,6],[2,3,9,8,7,6,1,4,5],[7,6,8,1,5,4,9,3,2],[5,4,1,9,2,3,8,6,7]]', '2', '[[0,2,0,6,8,0,0,5,0],[8,7,0,0,1,5,0,2,0],[0,0,0,3,0,2,6,0,8],[0,0,0,7,6,8,5,0,4],[6,8,0,5,4,0,2,9,0],[0,1,5,2,0,0,0,0,0],[2,3,9,0,7,6,1,4,5],[0,6,8,0,0,0,9,3,0],[5,0,0,9,2,3,0,0,7]]', '0.201201'), ('8a8a81e55c24066c015c240f8a7f004e', '2017-05-20 12:13:37', null, '2017-05-20 12:13:37', '0', '[[4,2,1,8,6,3,7,5,9],[9,5,7,4,2,1,3,6,8],[8,6,3,9,5,7,1,2,4],[6,3,8,5,7,9,4,1,2],[2,1,4,6,3,8,9,7,5],[5,7,9,2,1,4,8,3,6],[1,4,2,3,8,6,5,9,7],[3,8,6,7,9,5,2,4,1],[7,9,5,1,4,2,6,8,3]]', '2', '[[4,2,0,0,6,0,0,0,0],[9,5,7,0,0,1,0,6,0],[0,6,3,9,5,7,0,0,0],[0,3,8,5,7,9,4,1,2],[2,1,4,6,3,0,9,0,0],[5,7,0,2,0,4,8,3,0],[0,0,2,3,8,6,5,9,0],[3,0,0,0,0,0,0,4,0],[7,0,0,0,4,2,6,0,0]]', '0.203704'), ('8a8a81e55c24066c015c240f8a83004f', '2017-05-20 12:13:37', null, '2017-05-20 12:13:37', '0', '[[6,2,1,4,7,5,8,3,9],[8,3,9,2,1,6,5,4,7],[5,4,7,3,9,8,6,2,1],[7,5,4,8,3,9,1,6,2],[1,6,2,5,4,7,9,8,3],[9,8,3,6,2,1,7,5,4],[4,7,5,9,8,3,2,1,6],[2,1,6,7,5,4,3,9,8],[3,9,8,1,6,2,4,7,5]]', '2', '[[0,0,0,4,7,0,0,0,9],[8,3,9,0,1,6,5,4,0],[5,0,0,3,9,8,6,2,0],[0,5,0,0,3,9,0,6,0],[1,0,2,0,0,0,9,0,3],[0,8,3,0,2,0,0,5,4],[4,7,0,0,0,3,2,0,0],[2,0,0,0,5,0,3,0,8],[0,0,0,1,6,0,4,0,5]]', '0.205556'), ('8a8a81e55c24066c015c240f8c230050', '2017-05-20 12:13:37', null, '2017-05-20 12:13:37', '0', '[[7,5,8,2,3,4,6,9,1],[1,9,6,7,5,8,4,3,2],[2,3,4,1,9,6,8,5,7],[6,1,9,8,7,5,3,2,4],[4,2,3,6,1,9,5,7,8],[8,7,5,4,2,3,9,1,6],[3,4,2,9,6,1,7,8,5],[9,6,1,5,8,7,2,4,3],[5,8,7,3,4,2,1,6,9]]', '3', '[[0,0,8,0,3,0,0,0,1],[0,9,0,0,0,8,0,3,2],[2,0,4,0,0,6,0,0,0],[0,0,9,0,7,5,3,0,4],[0,2,3,6,0,9,5,0,0],[0,0,5,0,2,3,9,0,6],[3,4,0,9,6,0,0,8,0],[0,0,1,5,8,0,2,0,0],[5,8,7,0,0,0,0,0,0]]', '0.292929'), ('8a8a81e55c24066c015c240f8f880051', '2017-05-20 12:13:38', null, '2017-05-20 12:13:38', '0', '[[9,2,3,6,1,4,7,8,5],[4,6,1,5,7,8,3,9,2],[8,5,7,2,3,9,1,4,6],[1,4,6,8,5,7,2,3,9],[3,9,2,4,6,1,5,7,8],[7,8,5,9,2,3,6,1,4],[2,3,9,1,4,6,8,5,7],[6,1,4,7,8,5,9,2,3],[5,7,8,3,9,2,4,6,1]]', '3', '[[0,0,0,0,1,0,7,8,5],[4,6,1,5,0,8,3,0,0],[0,5,0,0,0,9,0,4,0],[1,4,0,0,5,0,2,3,0],[0,9,0,4,0,0,0,0,8],[7,0,5,0,2,0,0,0,0],[0,3,9,0,0,0,0,0,0],[6,0,4,0,0,5,9,2,0],[0,0,8,0,9,2,0,0,1]]', '0.309179'), ('8a8a81e55c24066c015c240f98370052', '2017-05-20 12:13:40', null, '2017-05-20 12:13:40', '0', '[[6,5,4,8,2,1,3,7,9],[7,9,3,5,4,6,2,1,8],[1,8,2,9,3,7,4,6,5],[4,6,5,1,8,2,9,3,7],[2,1,8,7,9,3,5,4,6],[3,7,9,6,5,4,8,2,1],[8,2,1,3,7,9,6,5,4],[5,4,6,2,1,8,7,9,3],[9,3,7,4,6,5,1,8,2]]', '3', '[[0,5,4,0,2,0,0,7,0],[7,9,0,0,0,0,0,0,0],[1,0,2,9,0,7,0,0,0],[0,0,5,0,8,2,9,3,7],[0,0,8,0,0,0,0,4,6],[0,7,0,6,0,0,0,2,1],[0,2,1,0,7,9,6,0,4],[5,4,0,0,0,8,0,9,0],[0,0,7,4,6,0,1,0,2]]', '0.29199'), ('8a8a81e55c24066c015c240f9b380053', '2017-05-20 12:13:41', null, '2017-05-20 12:13:41', '0', '[[7,2,5,8,6,1,4,9,3],[6,8,1,9,4,3,7,2,5],[4,9,3,2,7,5,6,8,1],[2,5,7,1,8,6,9,3,4],[9,3,4,5,2,7,8,1,6],[8,1,6,3,9,4,2,5,7],[3,4,9,7,5,2,1,6,8],[1,6,8,4,3,9,5,7,2],[5,7,2,6,1,8,3,4,9]]', '3', '[[7,0,5,0,6,0,0,0,0],[6,8,1,0,0,3,7,0,0],[0,9,0,2,7,0,6,8,0],[0,5,0,0,0,0,9,0,0],[9,3,4,0,0,0,8,0,6],[0,1,0,3,0,4,2,5,0],[0,0,0,0,0,2,1,0,0],[1,6,0,4,3,0,5,0,0],[0,0,2,0,1,8,0,4,0]]', '0.293827'), ('8a8a81e55c24066c015c240f9fee0054', '2017-05-20 12:13:42', null, '2017-05-20 12:13:42', '0', '[[9,6,8,7,3,1,4,5,2],[2,4,5,9,8,6,1,3,7],[7,1,3,2,5,4,6,8,9],[3,7,1,5,4,2,9,6,8],[8,9,6,3,1,7,2,4,5],[5,2,4,8,6,9,7,1,3],[1,3,7,4,2,5,8,9,6],[4,5,2,6,9,8,3,7,1],[6,8,9,1,7,3,5,2,4]]', '3', '[[0,0,8,7,0,0,4,5,0],[0,4,0,0,0,6,0,0,7],[0,0,0,0,5,4,0,8,9],[0,7,0,5,0,0,0,0,0],[8,9,0,0,1,7,0,4,0],[5,0,4,8,6,9,0,0,3],[1,3,0,4,2,5,8,0,0],[4,0,2,0,9,8,3,0,1],[0,8,0,0,0,0,0,0,0]]', '0.29798'), ('8a8a81e55c24066c015c240fa0950055', '2017-05-20 12:13:42', null, '2017-05-20 12:13:42', '0', '[[9,2,1,4,3,8,6,7,5],[5,6,7,2,1,9,4,3,8],[8,4,3,6,7,5,2,1,9],[7,5,6,9,2,1,8,4,3],[3,8,4,5,6,7,9,2,1],[1,9,2,8,4,3,5,6,7],[6,7,5,1,9,2,3,8,4],[2,1,9,3,8,4,7,5,6],[4,3,8,7,5,6,1,9,2]]', '3', '[[0,0,1,0,0,0,0,0,0],[5,6,0,2,0,0,4,3,0],[8,4,0,0,7,0,0,0,9],[0,0,0,0,2,1,8,4,3],[0,0,4,5,0,0,9,0,0],[0,0,0,0,0,3,5,0,0],[0,7,0,0,0,0,3,0,0],[2,0,0,0,8,4,7,5,0],[0,3,8,0,5,6,1,0,0]]', '0.301587'), ('8a8a81e55c24066c015c240fa1090056', '2017-05-20 12:13:43', null, '2017-05-20 12:13:43', '0', '[[7,4,9,6,3,2,8,5,1],[8,5,1,9,4,7,2,3,6],[2,3,6,1,5,8,7,4,9],[5,1,8,7,9,4,3,6,2],[3,6,2,8,1,5,4,9,7],[4,9,7,2,6,3,5,1,8],[1,8,5,4,7,9,6,2,3],[9,7,4,3,2,6,1,8,5],[6,2,3,5,8,1,9,7,4]]', '3', '[[7,4,0,6,0,2,0,5,0],[0,0,1,0,0,7,0,0,6],[0,3,6,0,0,0,7,0,0],[0,0,0,7,0,4,0,6,0],[3,6,0,8,1,0,4,0,0],[4,9,7,0,0,3,0,0,8],[0,8,5,0,0,0,0,2,0],[9,7,4,0,2,0,0,0,5],[0,2,3,0,0,1,0,7,4]]', '0.308081'), ('8a8a81e55c24066c015c240faece0057', '2017-05-20 12:13:46', null, '2017-05-20 12:13:46', '0', '[[8,1,4,2,6,3,5,7,9],[5,7,9,8,1,4,2,6,3],[2,6,3,5,7,9,8,1,4],[9,5,7,4,8,1,3,2,6],[3,2,6,9,5,7,4,8,1],[4,8,1,3,2,6,9,5,7],[1,4,8,6,3,2,7,9,5],[7,9,5,1,4,8,6,3,2],[6,3,2,7,9,5,1,4,8]]', '3', '[[0,1,0,0,6,3,5,7,9],[5,7,0,0,0,0,0,0,0],[2,0,3,0,7,9,8,1,0],[0,5,0,0,8,1,3,2,0],[3,0,0,0,5,7,0,8,0],[0,8,1,3,2,0,9,5,0],[1,0,8,6,0,0,0,9,0],[0,9,0,1,0,8,0,3,2],[0,0,0,0,9,0,0,0,0]]', '0.291005'), ('8a8a81e55c24066c015c240fb2300058', '2017-05-20 12:13:47', null, '2017-05-20 12:13:47', '0', '[[6,5,4,9,7,2,8,3,1],[8,3,1,5,6,4,7,9,2],[7,9,2,3,8,1,6,5,4],[1,8,3,6,4,5,2,7,9],[2,7,9,8,1,3,4,6,5],[4,6,5,7,2,9,1,8,3],[3,1,8,4,5,6,9,2,7],[9,2,7,1,3,8,5,4,6],[5,4,6,2,9,7,3,1,8]]', '3', '[[6,0,0,9,7,2,0,0,1],[8,3,0,5,0,4,0,0,2],[0,0,2,3,0,1,0,0,0],[1,0,0,0,0,0,0,0,0],[0,0,9,8,0,0,4,0,5],[0,6,0,0,2,9,0,0,0],[3,1,8,4,0,0,9,2,7],[9,2,7,1,0,8,5,0,0],[5,4,0,2,0,7,3,0,8]]', '0.295393'), ('8a8a81e55c24066c015c240fb8fd0059', '2017-05-20 12:13:49', null, '2017-05-20 12:13:49', '0', '[[5,2,3,7,8,9,1,4,6],[9,7,8,4,6,1,5,2,3],[1,4,6,2,3,5,9,7,8],[6,1,4,5,2,3,8,9,7],[8,9,7,1,4,6,3,5,2],[3,5,2,9,7,8,6,1,4],[7,8,9,6,1,4,2,3,5],[2,3,5,8,9,7,4,6,1],[4,6,1,3,5,2,7,8,9]]', '3', '[[0,2,0,7,8,0,1,0,6],[0,7,0,0,6,1,0,0,0],[1,4,0,2,0,5,9,7,0],[0,1,0,0,0,0,8,0,7],[8,0,7,1,0,6,0,0,2],[0,5,0,0,0,8,6,0,0],[7,8,0,6,0,4,0,3,5],[2,0,5,0,0,7,0,0,1],[0,6,0,3,0,2,0,0,0]]', '0.302326'), ('8a8a81e55c24066c015c24103c86005a', '2017-05-20 12:14:22', null, '2017-05-20 12:14:22', '0', '[[2,8,1,3,9,6,5,4,7],[4,7,5,1,8,2,3,6,9],[6,9,3,5,7,4,1,2,8],[3,6,9,7,4,5,8,1,2],[5,4,7,8,2,1,9,3,6],[1,2,8,9,6,3,7,5,4],[9,3,6,4,5,7,2,8,1],[7,5,4,2,1,8,6,9,3],[8,1,2,6,3,9,4,7,5]]', '3', '[[0,0,0,0,9,0,5,0,0],[0,0,5,0,8,2,0,6,0],[0,9,0,5,0,0,1,2,0],[3,6,0,7,0,5,0,0,0],[5,0,0,8,0,0,9,0,6],[0,2,8,0,6,3,0,0,4],[0,0,0,0,0,7,2,0,0],[0,5,4,0,0,0,0,0,0],[8,1,0,0,3,9,0,0,0]]', '0.333333'), ('8a8a81e55c24066c015c2411a1df005b', '2017-05-20 12:15:54', null, '2017-05-20 12:15:54', '0', '[[8,7,2,1,6,4,3,5,9],[3,5,9,2,7,8,4,6,1],[4,6,1,9,5,3,8,7,2],[9,3,5,7,8,2,1,4,6],[1,4,6,5,3,9,2,8,7],[2,8,7,6,4,1,9,3,5],[7,2,8,4,1,6,5,9,3],[5,9,3,8,2,7,6,1,4],[6,1,4,3,9,5,7,2,8]]', '3', '[[0,7,2,1,6,4,0,5,0],[0,0,9,0,0,8,0,0,0],[0,6,0,0,0,0,8,0,2],[0,0,5,0,8,0,0,4,0],[0,4,0,5,0,9,2,8,0],[0,8,7,0,4,0,9,3,0],[0,0,0,0,0,6,5,0,0],[5,0,3,8,2,0,6,0,0],[0,1,4,0,0,5,0,2,0]]', '0.338164'), ('8a8a81e55c24066c015c2411ed2e005c', '2017-05-20 12:16:13', null, '2017-05-20 12:16:13', '0', '[[4,6,3,2,8,9,1,7,5],[5,7,1,3,6,4,2,8,9],[9,8,2,1,7,5,3,6,4],[1,5,7,6,4,3,8,9,2],[2,9,8,7,5,1,6,4,3],[3,4,6,8,9,2,7,5,1],[8,2,9,5,1,7,4,3,6],[7,1,5,4,3,6,9,2,8],[6,3,4,9,2,8,5,1,7]]', '3', '[[0,0,0,2,0,0,1,0,5],[0,0,1,0,6,4,0,0,0],[9,0,2,0,7,0,0,6,4],[0,5,0,6,0,0,0,9,0],[2,0,0,0,5,0,0,0,0],[0,0,6,0,0,0,7,5,1],[0,2,0,5,0,0,4,3,6],[0,0,0,0,0,6,9,2,0],[6,0,4,0,0,8,5,0,0]]', '0.342404'), ('8a8a81e55c24066c015c241b7372005d', '2017-05-20 12:26:37', null, '2017-05-20 12:26:37', '0', '[[9,6,4,2,7,8,3,1,5],[5,1,3,9,4,6,7,8,2],[2,8,7,5,3,1,4,6,9],[1,3,5,6,9,4,2,7,8],[8,7,2,1,5,3,9,4,6],[6,4,9,8,2,7,5,3,1],[3,5,1,4,6,9,8,2,7],[4,9,6,7,8,2,1,5,3],[7,2,8,3,1,5,6,9,4]]', '3', '[[9,0,4,2,7,8,0,1,0],[5,0,0,0,0,0,0,0,2],[2,0,0,5,3,0,0,6,0],[0,3,5,6,0,4,2,0,0],[8,0,2,1,0,3,9,0,0],[0,0,0,0,2,7,0,0,0],[3,5,0,0,6,0,8,2,0],[4,0,6,0,0,2,0,0,3],[7,2,0,0,1,5,0,0,0]]', '0.295455'), ('8a8a81e55c24066c015c241b78cb005e', '2017-05-20 12:26:39', null, '2017-05-20 12:26:39', '0', '[[2,5,8,6,7,4,1,9,3],[1,3,9,5,2,8,7,4,6],[7,6,4,3,1,9,2,8,5],[3,9,1,8,5,2,6,7,4],[6,4,7,9,3,1,5,2,8],[5,8,2,4,6,7,3,1,9],[4,7,6,1,9,3,8,5,2],[8,2,5,7,4,6,9,3,1],[9,1,3,2,8,5,4,6,7]]', '3', '[[2,5,8,6,7,4,1,9,0],[1,0,0,5,2,0,7,0,6],[7,0,4,3,0,0,0,0,5],[3,0,0,0,0,0,0,7,4],[0,4,0,0,0,0,0,0,8],[5,0,2,0,6,0,3,0,0],[0,7,6,0,9,0,0,5,0],[8,0,5,7,4,0,0,0,1],[0,1,0,0,8,0,0,0,7]]', '0.302326'), ('8a8a81e55c24066c015c241b7aeb005f', '2017-05-20 12:26:39', null, '2017-05-20 12:26:39', '0', '[[9,1,5,6,4,2,3,8,7],[4,2,6,3,8,7,5,9,1],[8,7,3,5,9,1,6,4,2],[5,9,1,2,6,4,7,3,8],[3,8,7,1,5,9,2,6,4],[6,4,2,7,3,8,1,5,9],[7,3,8,9,1,5,4,2,6],[2,6,4,8,7,3,9,1,5],[1,5,9,4,2,6,8,7,3]]', '3', '[[0,0,0,0,0,2,3,8,0],[4,2,0,0,0,0,5,0,1],[0,0,3,0,0,0,6,0,2],[0,0,1,2,0,0,7,0,0],[0,8,0,0,0,9,2,6,4],[0,0,2,0,3,0,0,0,9],[0,0,0,0,1,5,0,2,0],[2,6,4,8,7,3,9,1,0],[0,5,9,0,2,6,0,0,3]]', '0.30303'), ('8a8a81e55c24066c015c241b7bb20060', '2017-05-20 12:26:39', null, '2017-05-20 12:26:39', '0', '[[7,8,3,2,5,9,6,4,1],[1,6,4,8,3,7,2,5,9],[9,2,5,6,4,1,8,3,7],[4,1,6,7,8,3,9,2,5],[5,9,2,1,6,4,7,8,3],[3,7,8,9,2,5,1,6,4],[2,5,9,4,1,6,3,7,8],[8,3,7,5,9,2,4,1,6],[6,4,1,3,7,8,5,9,2]]', '3', '[[7,0,3,2,0,9,0,4,0],[1,6,0,0,3,7,2,0,0],[0,0,0,6,0,1,0,3,0],[0,1,0,7,0,3,0,0,0],[5,9,0,0,6,0,7,0,0],[3,0,8,0,2,0,1,0,0],[2,5,9,0,1,0,0,7,0],[0,0,0,0,9,2,0,0,0],[6,4,1,0,7,8,5,0,2]]', '0.294574'), ('8a8a81e55c24066c015c241ba01f0061', '2017-05-20 12:26:49', null, '2017-05-20 12:26:49', '0', '[[4,6,5,2,3,9,7,8,1],[8,7,1,6,4,5,2,3,9],[3,2,9,7,8,1,6,4,5],[1,8,7,4,5,6,3,9,2],[9,3,2,8,1,7,4,5,6],[5,4,6,3,9,2,8,1,7],[7,1,8,5,6,4,9,2,3],[2,9,3,1,7,8,5,6,4],[6,5,4,9,2,3,1,7,8]]', '3', '[[4,6,0,2,0,9,0,0,1],[0,7,0,0,0,5,2,0,9],[3,0,9,0,0,0,0,4,5],[0,8,7,0,5,0,0,0,0],[0,0,0,0,0,7,4,5,0],[0,4,0,0,9,2,0,0,0],[7,0,8,5,6,0,9,2,0],[0,9,3,0,7,8,0,6,0],[0,0,4,0,2,0,0,7,0]]', '0.296296'), ('8a8a81e55c24066c015c241ba6630062', '2017-05-20 12:26:50', null, '2017-05-20 12:26:50', '0', '[[9,1,8,7,2,4,6,3,5],[6,3,5,9,1,8,7,2,4],[7,2,4,6,3,5,9,1,8],[2,4,7,3,5,6,1,8,9],[1,8,9,2,4,7,3,5,6],[3,5,6,1,8,9,2,4,7],[4,7,2,5,6,3,8,9,1],[8,9,1,4,7,2,5,6,3],[5,6,3,8,9,1,4,7,2]]', '3', '[[0,1,0,0,0,0,0,0,0],[0,0,5,9,1,0,0,2,0],[7,2,4,6,3,0,9,0,8],[2,4,7,3,0,0,1,8,0],[1,0,9,0,4,0,3,5,0],[0,0,6,0,8,0,2,0,7],[0,7,2,0,0,3,8,0,0],[0,9,1,0,0,2,0,6,0],[5,6,3,8,9,0,0,0,0]]', '0.298103'), ('8a8a81e55c24066c015c241ba9b50063', '2017-05-20 12:26:51', null, '2017-05-20 12:26:51', '0', '[[4,7,9,8,2,6,3,5,1],[3,1,5,4,9,7,8,2,6],[8,6,2,3,5,1,4,9,7],[9,4,7,2,6,8,5,1,3],[5,3,1,9,7,4,2,6,8],[2,8,6,5,1,3,9,7,4],[1,5,3,7,4,9,6,8,2],[7,9,4,6,8,2,1,3,5],[6,2,8,1,3,5,7,4,9]]', '3', '[[0,7,9,0,2,6,0,0,1],[3,0,0,4,9,0,0,0,0],[8,0,2,0,0,1,4,0,7],[0,0,0,0,0,8,0,1,0],[5,0,0,0,7,0,2,0,8],[0,0,0,0,0,0,9,0,4],[1,0,3,0,0,0,6,0,0],[0,9,4,6,0,0,1,0,5],[0,2,0,0,3,5,0,4,9]]', '0.29078'), ('8a8a81e55c24066c015c241bc7a50064', '2017-05-20 12:26:59', null, '2017-05-20 12:26:59', '0', '[[2,1,6,4,9,7,5,3,8],[4,9,7,8,3,5,6,1,2],[8,3,5,2,1,6,7,9,4],[5,8,3,6,2,1,9,4,7],[7,4,9,5,8,3,1,2,6],[6,2,1,7,4,9,3,8,5],[3,5,8,1,6,2,4,7,9],[9,7,4,3,5,8,2,6,1],[1,6,2,9,7,4,8,5,3]]', '3', '[[2,1,0,4,0,0,0,0,0],[0,9,0,0,0,5,0,0,2],[0,0,5,0,1,0,7,0,4],[5,0,0,6,0,0,9,0,7],[0,4,0,0,0,3,0,0,6],[0,0,0,0,4,0,3,8,0],[3,5,0,1,0,0,4,0,9],[0,0,4,3,0,0,0,6,1],[1,6,2,0,7,4,0,5,0]]', '0.309179'), ('8a8a81e55c24066c015c241bcec70065', '2017-05-20 12:27:01', null, '2017-05-20 12:27:01', '0', '[[2,9,4,5,8,7,6,1,3],[1,3,6,9,4,2,8,7,5],[7,5,8,3,6,1,4,2,9],[4,2,9,7,5,8,3,6,1],[6,1,3,2,9,4,5,8,7],[8,7,5,1,3,6,9,4,2],[9,4,2,8,7,5,1,3,6],[5,8,7,6,1,3,2,9,4],[3,6,1,4,2,9,7,5,8]]', '3', '[[2,0,4,5,0,7,0,1,3],[0,0,0,9,0,2,0,7,5],[7,0,0,3,6,0,0,2,0],[0,0,9,0,0,0,3,0,0],[0,0,3,2,9,4,0,8,7],[0,0,0,0,3,6,0,0,2],[9,0,2,0,0,5,0,0,0],[5,0,7,6,1,3,2,9,0],[0,6,1,0,2,9,0,0,8]]', '0.292683'), ('8a8a81e55c24066c015c241bd6620066', '2017-05-20 12:27:03', null, '2017-05-20 12:27:03', '0', '[[4,9,3,7,1,6,5,2,8],[8,2,5,4,9,3,6,1,7],[7,1,6,8,2,5,3,9,4],[1,6,7,2,5,8,4,3,9],[9,3,4,1,6,7,8,5,2],[2,5,8,9,3,4,7,6,1],[3,4,9,6,7,1,2,8,5],[5,8,2,3,4,9,1,7,6],[6,7,1,5,8,2,9,4,3]]', '3', '[[0,0,0,0,0,0,5,0,8],[0,0,0,4,0,0,0,1,0],[0,0,6,0,2,5,3,0,4],[0,6,0,0,5,0,0,0,0],[9,0,4,1,6,0,8,5,2],[2,5,8,0,3,0,0,0,1],[0,4,0,6,7,0,0,0,0],[0,8,2,3,4,0,0,7,0],[0,7,0,5,0,0,9,0,3]]', '0.304348'), ('8a8a81e55c24066c015c241d99a60067', '2017-05-20 12:28:58', null, '2017-05-20 12:28:58', '0', '[[6,5,3,1,2,7,8,9,4],[7,2,1,4,9,8,6,5,3],[8,9,4,3,5,6,7,2,1],[1,7,2,9,8,4,3,6,5],[3,6,5,2,7,1,4,8,9],[4,8,9,5,6,3,1,7,2],[2,1,7,8,4,9,5,3,6],[5,3,6,7,1,2,9,4,8],[9,4,8,6,3,5,2,1,7]]', '3', '[[6,5,0,1,2,7,8,0,4],[7,0,1,4,9,0,0,5,3],[0,0,0,0,0,0,0,0,1],[1,0,0,0,0,4,3,0,0],[0,0,0,0,0,0,0,8,9],[4,8,0,5,0,0,0,7,0],[0,0,7,0,0,0,0,0,6],[5,3,0,0,1,0,9,4,0],[0,4,0,6,0,5,0,0,7]]', '0.333333'), ('8a8a81e55c24066c015c241dcee70068', '2017-05-20 12:29:12', null, '2017-05-20 12:29:12', '0', '[[9,7,6,3,8,1,2,4,5],[2,4,5,7,9,6,8,3,1],[8,3,1,4,2,5,9,7,6],[4,5,2,6,7,9,3,1,8],[3,1,8,5,4,2,7,6,9],[7,6,9,1,3,8,4,5,2],[6,9,7,8,1,3,5,2,4],[5,2,4,9,6,7,1,8,3],[1,8,3,2,5,4,6,9,7]]', '3', '[[9,7,6,0,8,1,0,0,0],[0,4,5,7,0,0,8,0,1],[8,0,0,0,0,5,0,0,6],[0,0,0,6,7,0,0,0,8],[3,1,0,0,4,0,7,0,0],[7,6,9,0,0,0,0,0,2],[0,9,7,8,0,0,5,0,4],[0,2,0,9,0,7,0,0,0],[1,0,0,0,0,4,0,0,7]]', '0.333333'), ('8a8a81e55c24066c015c241f5f2e0069', '2017-05-20 12:30:54', null, '2017-05-20 12:30:54', '0', '[[4,2,6,7,1,9,5,3,8],[3,5,8,4,6,2,9,7,1],[7,9,1,3,8,5,2,4,6],[5,8,3,2,4,6,1,9,7],[9,1,7,5,3,8,6,2,4],[2,6,4,9,7,1,8,5,3],[6,4,2,1,9,7,3,8,5],[1,7,9,8,5,3,4,6,2],[8,3,5,6,2,4,7,1,9]]', '3', '[[0,0,6,0,0,9,0,3,8],[3,0,0,0,0,0,9,0,0],[7,0,0,0,8,5,0,4,0],[0,0,0,2,4,0,1,9,0],[0,1,7,0,0,0,6,0,0],[0,0,0,0,7,0,0,5,0],[0,4,0,0,0,7,0,8,0],[0,0,9,8,0,3,0,6,0],[0,3,5,6,0,0,0,0,9]]', '0.337691'), ('8a8a81e55c24066c015c24202d24006a', '2017-05-20 12:31:47', null, '2017-05-20 12:31:47', '0', '[[4,3,6,8,5,1,7,2,9],[1,8,5,9,7,2,6,4,3],[2,9,7,3,6,4,5,1,8],[7,2,9,4,3,6,8,5,1],[5,1,8,2,9,7,3,6,4],[6,4,3,1,8,5,9,7,2],[9,7,2,6,4,3,1,8,5],[8,5,1,7,2,9,4,3,6],[3,6,4,5,1,8,2,9,7]]', '3', '[[0,3,6,0,5,0,0,2,9],[0,0,0,9,0,0,0,4,0],[2,0,0,0,6,0,0,0,8],[7,2,0,0,0,0,0,5,0],[5,1,0,0,0,0,3,0,4],[0,4,3,0,8,5,0,0,0],[0,0,2,6,0,3,0,0,0],[0,5,1,0,2,0,4,3,6],[3,6,0,5,0,0,0,9,0]]', '0.330969'), ('8a8a81e55c24066c015c24208fe2006b', '2017-05-20 12:32:12', null, '2017-05-20 12:32:12', '0', '[[4,8,6,5,3,2,1,7,9],[9,1,7,8,6,4,5,3,2],[2,5,3,1,7,9,8,6,4],[7,9,1,4,8,6,2,5,3],[3,2,5,9,1,7,4,8,6],[6,4,8,2,5,3,9,1,7],[5,3,2,7,9,1,6,4,8],[8,6,4,3,2,5,7,9,1],[1,7,9,6,4,8,3,2,5]]', '3', '[[0,0,0,0,3,2,1,0,0],[9,0,0,8,0,4,5,3,0],[0,0,0,1,7,9,8,0,0],[0,0,1,4,8,0,0,0,0],[3,2,0,0,1,0,0,0,6],[0,0,8,0,0,3,9,0,0],[0,0,2,0,9,0,0,0,8],[8,0,4,3,0,0,0,0,1],[1,0,9,6,4,0,3,0,0]]', '0.356974'), ('8a8a81e55c24066c015c2421e638006c', '2017-05-20 12:33:40', null, '2017-05-20 12:33:40', '0', '[[8,4,9,6,7,5,3,1,2],[6,7,5,1,2,3,9,8,4],[1,2,3,8,4,9,5,6,7],[5,6,7,3,1,2,4,9,8],[9,8,4,5,6,7,2,3,1],[3,1,2,9,8,4,7,5,6],[2,3,1,4,9,8,6,7,5],[7,5,6,2,3,1,8,4,9],[4,9,8,7,5,6,1,2,3]]', '3', '[[0,0,0,0,7,5,3,1,0],[0,7,5,1,0,0,0,0,0],[1,2,0,0,4,0,0,6,0],[5,0,0,3,1,2,0,9,8],[0,0,4,5,0,0,0,3,1],[0,0,0,0,0,0,0,0,0],[0,3,1,4,9,0,0,7,5],[0,5,6,2,0,1,0,0,9],[0,9,0,0,5,0,0,0,0]]', '0.349882'), ('8a8a81e55c24066c015c242fadb8006d', '2017-05-20 12:48:43', null, '2017-05-20 12:48:43', '0', '[[7,4,6,8,5,9,2,1,3],[5,8,9,3,2,1,7,6,4],[2,3,1,4,7,6,5,9,8],[4,6,7,9,8,5,3,2,1],[3,1,2,6,4,7,8,5,9],[8,9,5,1,3,2,4,7,6],[9,5,8,2,1,3,6,4,7],[6,7,4,5,9,8,1,3,2],[1,2,3,7,6,4,9,8,5]]', '3', '[[7,4,6,8,0,0,2,0,0],[0,0,0,3,0,0,0,6,0],[2,0,0,4,0,0,0,9,8],[0,0,0,0,8,0,0,0,0],[0,1,0,0,0,7,0,0,0],[8,0,0,0,3,2,0,7,6],[9,5,0,2,0,0,0,0,0],[6,7,4,5,0,0,0,3,0],[1,0,0,7,6,4,0,0,5]]', '0.340136'), ('8a8a81e55c24066c015c24306cc0006e', '2017-05-20 12:49:32', null, '2017-05-20 12:49:32', '0', '[[7,2,3,5,4,1,9,8,6],[9,6,8,7,2,3,5,1,4],[5,4,1,9,6,8,7,3,2],[1,5,4,8,9,6,3,2,7],[8,9,6,3,7,2,1,4,5],[3,7,2,1,5,4,8,6,9],[6,8,9,2,3,7,4,5,1],[4,1,5,6,8,9,2,7,3],[2,3,7,4,1,5,6,9,8]]', '3', '[[0,2,0,0,4,0,9,0,0],[9,6,0,0,2,3,5,1,0],[0,0,1,9,0,0,0,0,0],[0,5,0,8,9,6,3,2,0],[8,9,0,3,0,0,0,0,5],[0,0,0,0,0,0,0,6,0],[0,8,0,2,0,0,4,5,1],[4,1,5,0,0,0,2,0,0],[0,0,7,4,0,5,0,0,0]]', '0.330969'), ('8a8a81e55c24066c015c24361f6c006f', '2017-05-20 12:55:45', null, '2017-05-20 12:55:45', '0', '[[4,7,8,3,9,1,2,5,6],[2,5,6,7,8,4,1,3,9],[1,3,9,5,6,2,4,7,8],[9,1,3,2,5,6,8,4,7],[6,2,5,4,7,8,9,1,3],[8,4,7,1,3,9,6,2,5],[3,9,1,6,2,5,7,8,4],[7,8,4,9,1,3,5,6,2],[5,6,2,8,4,7,3,9,1]]', '3', '[[0,0,0,3,9,0,2,0,0],[2,5,0,0,8,0,1,3,0],[0,0,9,0,0,2,0,0,8],[9,0,0,0,0,0,8,0,0],[0,2,5,4,7,0,0,1,0],[0,4,0,1,3,9,0,0,0],[0,9,1,6,0,0,7,0,4],[7,0,0,0,1,0,0,6,0],[5,0,0,0,4,0,0,0,0]]', '0.333333'), ('8a8a81e55c243a0c015c243a5a4d0000', '2017-05-20 13:00:23', null, '2017-05-20 13:00:23', '0', '[[5,1,8,4,9,3,7,2,6],[6,2,7,1,8,5,9,4,3],[3,4,9,2,7,6,8,1,5],[7,6,2,5,1,8,4,3,9],[9,3,4,6,2,7,1,5,8],[8,5,1,3,4,9,2,6,7],[2,7,6,8,5,1,3,9,4],[4,9,3,7,6,2,5,8,1],[1,8,5,9,3,4,6,7,2]]', '3', '[[0,1,0,0,0,0,0,0,6],[0,2,7,1,8,5,9,0,3],[3,0,0,2,7,0,0,0,0],[7,0,0,0,1,8,0,3,0],[0,3,4,0,2,0,1,0,8],[0,5,0,0,4,0,2,0,7],[0,0,0,0,0,1,0,9,0],[0,0,3,0,6,0,0,0,1],[1,8,0,0,3,4,0,0,0]]', '0.333333'), ('8a8a81e55c243a0c015c243a5b310001', '2017-05-20 13:00:23', null, '2017-05-20 13:00:23', '0', '[[3,2,6,4,7,1,8,9,5],[1,4,7,9,5,8,3,2,6],[8,9,5,2,6,3,1,4,7],[7,1,4,8,9,5,6,3,2],[6,3,2,1,4,7,5,8,9],[5,8,9,3,2,6,7,1,4],[2,6,3,7,1,4,9,5,8],[4,7,1,5,8,9,2,6,3],[9,5,8,6,3,2,4,7,1]]', '3', '[[0,0,6,4,0,0,8,0,0],[1,0,0,0,0,8,0,2,6],[0,9,5,2,0,3,0,0,0],[0,0,4,8,0,0,0,3,0],[6,0,0,0,4,0,0,0,9],[0,0,0,3,0,0,7,0,0],[2,0,3,7,0,4,9,0,0],[0,0,0,0,0,9,0,6,3],[0,0,8,0,3,0,4,7,0]]', '0.346667'), ('8a8a81e55c243a0c015c243dcc9b0002', '2017-05-20 13:04:08', null, '2017-05-20 13:04:08', '0', '[[2,3,5,1,6,9,4,7,8],[4,8,7,2,3,5,1,9,6],[1,6,9,4,8,7,2,5,3],[7,4,8,5,2,3,9,6,1],[9,1,6,7,4,8,5,3,2],[5,2,3,9,1,6,7,8,4],[6,9,1,8,7,4,3,2,5],[3,5,2,6,9,1,8,4,7],[8,7,4,3,5,2,6,1,9]]', '3', '[[2,3,0,0,6,9,0,0,0],[0,0,0,2,0,0,1,0,6],[0,0,0,0,0,7,2,5,0],[7,0,0,5,0,3,0,0,1],[9,0,6,0,0,0,5,0,0],[0,2,3,0,0,6,7,0,0],[0,0,1,8,7,0,0,0,5],[3,0,2,6,0,0,8,4,0],[0,7,4,0,0,0,0,0,0]]', '0.337868'), ('8a8a81e55c243a0c015c243e7e080003', '2017-05-20 13:04:54', null, '2017-05-20 13:04:54', '0', '[[8,3,5,9,1,7,2,4,6],[2,6,4,5,8,3,1,9,7],[1,7,9,4,2,6,8,5,3],[9,1,7,6,4,2,5,3,8],[5,8,3,7,9,1,4,6,2],[4,2,6,3,5,8,9,7,1],[6,4,2,8,3,5,7,1,9],[7,9,1,2,6,4,3,8,5],[3,5,8,1,7,9,6,2,4]]', '3', '[[8,0,5,0,0,0,0,0,6],[2,0,0,5,0,3,1,0,7],[0,0,9,4,0,6,0,0,3],[9,1,7,6,0,0,5,0,0],[0,8,0,0,0,1,0,0,2],[0,0,6,0,5,0,0,0,0],[6,0,2,0,3,5,0,1,0],[0,0,0,2,6,0,3,0,0],[3,5,8,1,0,9,0,2,0]]', '0.333333'), ('8a8a81e55c243a0c015c244532560004', '2017-05-20 13:12:13', null, '2017-05-20 13:12:13', '0', '[[2,5,3,1,8,6,4,7,9],[1,6,8,4,7,9,2,3,5],[4,9,7,2,3,5,1,8,6],[3,2,5,8,6,1,7,9,4],[7,4,9,3,5,2,8,6,1],[8,1,6,7,9,4,3,5,2],[6,8,1,9,4,7,5,2,3],[5,3,2,6,1,8,9,4,7],[9,7,4,5,2,3,6,1,8]]', '3', '[[2,0,0,0,0,6,4,7,0],[0,6,8,0,0,9,0,0,0],[4,9,7,2,0,5,1,8,6],[0,2,5,8,6,0,7,0,0],[0,4,0,0,0,2,8,0,0],[8,0,6,0,0,0,0,5,0],[0,8,0,9,0,7,5,2,0],[5,0,2,0,1,8,9,0,0],[0,0,0,0,2,0,6,0,8]]', '0.333333'), ('8a8a81e55c243a0c015c2449a8fa0005', '2017-05-20 13:17:06', null, '2017-05-20 13:17:06', '0', '[[2,6,7,5,3,1,8,4,9],[9,8,4,2,7,6,1,3,5],[5,1,3,9,4,8,6,7,2],[4,9,8,7,6,2,5,1,3],[3,5,1,4,8,9,2,6,7],[7,2,6,3,1,5,9,8,4],[8,4,9,6,2,7,3,5,1],[1,3,5,8,9,4,7,2,6],[6,7,2,1,5,3,4,9,8]]', '3', '[[0,6,7,5,3,1,0,4,0],[9,0,0,0,0,6,1,3,0],[0,0,0,0,0,0,0,7,0],[4,9,0,0,0,0,5,0,3],[0,5,1,4,0,0,0,6,0],[7,2,0,0,0,0,0,8,0],[0,0,0,6,0,7,0,5,0],[0,0,5,0,9,4,7,0,0],[6,7,0,0,5,3,0,9,8]]', '0.330918'), ('8a8a81e55c243a0c015c244d6b710006', '2017-05-20 13:21:12', null, '2017-05-20 13:21:12', '0', '[[7,5,1,6,4,2,8,3,9],[8,9,3,7,1,5,6,4,2],[6,2,4,8,3,9,7,1,5],[2,4,6,9,8,3,5,7,1],[5,1,7,2,6,4,9,8,3],[9,3,8,5,7,1,2,6,4],[4,6,2,3,9,8,1,5,7],[1,7,5,4,2,6,3,9,8],[3,8,9,1,5,7,4,2,6]]', '3', '[[7,0,0,0,4,2,0,0,0],[8,9,3,0,1,0,6,4,0],[0,0,0,0,0,0,0,0,5],[2,4,6,9,0,3,0,7,1],[0,1,7,0,0,0,0,0,3],[9,0,8,0,0,0,0,0,0],[0,0,2,0,0,8,0,0,7],[1,7,5,4,0,0,3,0,8],[3,0,0,1,0,7,0,2,0]]', '0.333333'), ('8a8a81e55c243a0c015c244d6b710007', '2017-05-20 13:21:12', null, '2017-05-20 13:21:12', '0', '[[3,8,6,4,2,1,7,5,9],[4,2,7,9,3,5,6,8,1],[1,9,5,6,7,8,2,4,3],[8,5,1,2,6,7,3,9,4],[7,3,2,8,4,9,5,1,6],[6,4,9,1,5,3,8,2,7],[2,7,3,5,9,4,1,6,8],[9,6,8,7,1,2,4,3,5],[5,1,4,3,8,6,9,7,2]]', '4', '[[0,0,6,4,0,1,7,0,0],[0,2,0,0,3,0,0,8,0],[0,9,0,0,0,0,0,4,0],[0,0,1,0,0,0,3,0,0],[7,0,0,8,0,9,0,0,6],[0,4,0,0,5,0,0,2,0],[0,0,3,0,0,0,1,0,0],[0,0,0,7,0,2,0,0,0],[0,0,0,0,8,0,0,0,0]]', '0.353333'), ('8a8a81e55c243a0c015c2450aa7b0007', '2017-05-20 13:24:45', null, '2017-05-20 13:24:45', '0', '[[7,9,4,2,6,3,5,8,1],[8,1,5,9,4,7,6,3,2],[3,2,6,1,5,8,4,7,9],[6,3,2,8,1,5,9,4,7],[5,8,1,7,9,4,2,6,3],[4,7,9,3,2,6,1,5,8],[1,5,8,4,7,9,3,2,6],[2,6,3,5,8,1,7,9,4],[9,4,7,6,3,2,8,1,5]]', '3', '[[7,0,4,2,0,0,5,8,0],[0,1,0,0,0,0,6,0,0],[0,0,0,0,0,8,4,0,0],[6,0,2,8,1,0,9,0,7],[0,0,0,0,9,4,2,0,0],[4,0,0,0,0,6,0,0,8],[1,5,0,0,7,0,0,2,0],[2,6,0,0,8,1,0,0,4],[9,4,0,6,0,0,8,1,0]]', '0.330918');
COMMIT;

-- ----------------------------
--  Table structure for `tbl_user`
-- ----------------------------
DROP TABLE IF EXISTS `tbl_user`;
CREATE TABLE `tbl_user` (
  `id` varchar(36) NOT NULL,
  `create_date_time` datetime DEFAULT NULL,
  `deleted` int(11) DEFAULT NULL,
  `update_date_time` datetime DEFAULT NULL,
  `version` int(11) DEFAULT NULL,
  `avatar` varchar(255) DEFAULT NULL,
  `birthday` datetime DEFAULT NULL,
  `email` varchar(50) DEFAULT NULL,
  `login_name` varchar(255) DEFAULT NULL,
  `mobile` varchar(255) DEFAULT NULL,
  `name` varchar(255) DEFAULT NULL,
  `open_account` varchar(5) DEFAULT NULL,
  `password` varchar(255) DEFAULT NULL,
  `qq` varchar(255) DEFAULT NULL,
  `sex` varchar(255) DEFAULT NULL,
  `telphone` varchar(255) DEFAULT NULL,
  `wechat` varchar(255) DEFAULT NULL,
  `isSuperAdmin` varchar(255) DEFAULT NULL,
  `dept_id` varchar(255) DEFAULT NULL,
  PRIMARY KEY (`id`)
) ENGINE=InnoDB DEFAULT CHARSET=utf8;

-- ----------------------------
--  Records of `tbl_user`
-- ----------------------------
BEGIN;
INSERT INTO `tbl_user` VALUES ('402880e456223e8f015625231d8e0003', null, '0', '2018-08-27 15:04:32', '23', null, '2016-07-22 00:00:00', 'usiboy@163.com', 'test', '13813888888', '决明', null, '070501020f040600050c050a0d0b020902070501', '281408062', '1', '01083595052', null, '1', null), ('402880eb5c4f111a015c4f1c1ffd0002', null, '0', '2018-08-27 15:08:28', '9', null, '2017-07-04 00:00:00', 'test@qq.com', 'test-java', null, 'java测试', null, '03030306000a080f08050101050001000b040908', null, '1', null, null, null, null);
COMMIT;

-- ----------------------------
--  Table structure for `tbl_user_avatar`
-- ----------------------------
DROP TABLE IF EXISTS `tbl_user_avatar`;
CREATE TABLE `tbl_user_avatar` (
  `id` varchar(36) NOT NULL,
  `create_date_time` datetime DEFAULT NULL,
  `deleted` int(11) DEFAULT NULL,
  `update_date_time` datetime DEFAULT NULL,
  `version` int(11) DEFAULT NULL,
  `name` varchar(255) DEFAULT NULL,
  `src` varchar(255) DEFAULT NULL,
  `user_id` varchar(32) DEFAULT NULL,
  PRIMARY KEY (`id`)
) ENGINE=InnoDB DEFAULT CHARSET=utf8;

-- ----------------------------
--  Records of `tbl_user_avatar`
-- ----------------------------
BEGIN;
INSERT INTO `tbl_user_avatar` VALUES ('402880eb5c52bdd1015c52d0c3d70000', '2017-05-29 14:07:12', null, '2017-05-29 14:07:12', '0', 'test111_1496038032331.jpg', '\\uploadPath\\avatar\\test111_1496038032331.jpg', '402880eb5c4f111a015c4f15babb0000'), ('4028818458d40f4f0158d41667830006', '2016-12-06 20:23:07', null, '2016-12-11 16:42:17', '3', '1323232_1481445737480.jpg', '\\uploadPath\\avatar\\1323232_1481445737480.jpg', '4028818458d40f4f0158d4169f9d0007'), ('402881885b27423c015b2744b1000000', '2017-04-01 10:07:44', null, '2017-04-01 10:07:44', '0', 'new_1491012464886.jpg', '\\uploadPath\\avatar\\new_1491012464886.jpg', '0'), ('8a8a80f05cc32020015cc3284b4b0000', '2017-06-20 09:40:16', null, '2017-06-20 09:40:16', '1', 'Activiti-UserA_1497922816830.jpg', '\\uploadPath\\avatar\\Activiti-UserA_1497922816830.jpg', '8a8a80f05cc32020015cc32895240001'), ('8a8a83295a845220015a847d3e3c0000', '2017-02-28 19:31:24', null, '2017-02-28 19:31:24', '0', '1234567765432_1488281484853.jpg', '\\uploadPath\\avatar\\1234567765432_1488281484853.jpg', '4028818458d40f4f0158d4108eb60001'), ('8afa94f65c1b03be015c1b11284a0000', '2017-05-18 18:18:48', null, '2017-05-18 18:18:48', '0', 'new_1495102728261.jpg', '\\uploadPath\\avatar\\new_1495102728261.jpg', 'undefined'), ('8afa96f658f1071d0158f10892a80000', '2016-12-12 11:17:00', null, '2016-12-12 11:17:00', '0', 'new_1481512619938.jpg', '\\uploadPath\\avatar\\new_1481512619938.jpg', '0'), ('8afa96f658f1071d0158f109333f0001', '2016-12-12 11:17:41', null, '2016-12-12 11:17:41', '0', 'new_1481512661820.jpg', '\\uploadPath\\avatar\\new_1481512661820.jpg', '0'), ('ff80818160db0cfb0160db145fbf0000', '2018-01-09 21:20:34', null, '2018-01-22 17:34:57', '9', '[B@39c9794_1516613689881.jpg', '/uploadPath/avatar/[B@39c9794_1516613689881.jpg', '402880e456223e8f015625231d8e0003'), ('ff808181611bf7fb01611d09fe510000', '2018-01-22 16:44:41', null, '2018-01-22 18:15:32', '2', '1516616130526.jpg', '/uploadPath/avatar/1516616130526.jpg', '402880e95d0da971015d0dafd70f0000'), ('ff808181611bf7fb01611d0acf070001', '2018-01-22 16:45:03', null, '2018-01-23 16:09:42', '2', '1516694980596.jpg', '/uploadPath/avatar/1516694980596.jpg', '402880e95d0da971015d0db12e3f0002'), ('ff808181611bf7fb01611d3923a20002', '2018-01-22 17:35:39', null, '2018-01-22 17:35:39', '0', '1516613737823.jpg', '/uploadPath/avatar/1516613737823.jpg', '402880e95d0da971015d0db2ba2c0004');
COMMIT;

-- ----------------------------
--  Table structure for `tbl_user_item`
-- ----------------------------
DROP TABLE IF EXISTS `tbl_user_item`;
CREATE TABLE `tbl_user_item` (
  `id` varchar(36) NOT NULL,
  `create_date_time` datetime DEFAULT NULL,
  `deleted` int(11) DEFAULT NULL,
  `update_date_time` datetime DEFAULT NULL,
  `version` int(11) DEFAULT NULL,
  `is_star` varchar(1) DEFAULT NULL,
  `is_success` varchar(1) DEFAULT NULL,
  `itemid` varchar(36) DEFAULT NULL,
  `score` tinyint(4) DEFAULT NULL,
  `user_code` longtext,
  `userid` varchar(36) DEFAULT NULL,
  `usedTime` bigint(20) DEFAULT NULL,
  `usedMemory` bigint(20) DEFAULT NULL,
  PRIMARY KEY (`id`)
) ENGINE=InnoDB DEFAULT CHARSET=utf8;

-- ----------------------------
--  Records of `tbl_user_item`
-- ----------------------------
BEGIN;
INSERT INTO `tbl_user_item` VALUES ('402880e55c590053015c593373340007', '2017-05-30 19:52:43', '0', '2017-05-30 19:52:43', '0', null, '0', '402880e55c590053015c59291f6a0000', '20', 'public class Solution006 {\r\n    public double findMedianSortedArrays(int[] nums1, int[] nums2) {\r\n      //do something;\r\n      return 2.0;\r\n    }\r\n}', '402880e456223e8f015625231d8e0003', null, null), ('402880e55c590053015c5934d6410008', '2017-05-30 19:54:13', '0', '2017-05-30 19:54:13', '0', null, '1', '402880e55c590053015c59291f6a0000', '100', 'public class Solution006 {\r\n    public double findMedianSortedArrays(int[] nums1, int[] nums2) {\r\n      int len_1=nums1.length;\r\n        int len_2=nums2.length;\r\n        int middle=0;\r\n        boolean isOdd=false;\r\n        if((len_1+len_2)%2==0){\r\n            middle=(len_1+len_2)/2-1;\r\n            isOdd=false;\r\n        }else{\r\n            middle=(len_1+len_2)/2;\r\n            isOdd=true;\r\n        }\r\n        //合并排序\r\n        int[] num=new int[len_1+len_2];\r\n        int i=0,l=0,r=0;\r\n        while(l<len_1&&r<len_2){\r\n            if(nums1[l]<nums2[r]){\r\n                num[i]=nums1[l];\r\n                i++;\r\n                l++;\r\n            }else{\r\n                num[i]=nums2[r];\r\n                i++;\r\n                r++;\r\n            }\r\n        }\r\n        while(l<len_1){\r\n            num[i++]=nums1[l++];\r\n        }\r\n        while(r<len_2){\r\n            num[i++]=nums2[r++];\r\n        }\r\n\r\n        if(!isOdd){\r\n            return (double)(num[middle]+num[middle+1])/2;\r\n        }else{\r\n            return (double)num[middle];\r\n        }\r\n    }\r\n}', '402880e456223e8f015625231d8e0003', null, null), ('402880e55c590053015c593769440009', '2017-05-30 19:57:02', '0', '2017-05-30 19:57:02', '0', null, '1', '402880e55c590053015c59291f6a0000', '100', 'public class Solution006 {\r\n    public double findMedianSortedArrays(int[] nums1, int[] nums2) {\r\n      int len_1=nums1.length;\r\n        int len_2=nums2.length;\r\n        int middle=0;\r\n        boolean isOdd=false;\r\n        if((len_1+len_2)%2==0){\r\n            middle=(len_1+len_2)/2-1;\r\n            isOdd=false;\r\n        }else{\r\n            middle=(len_1+len_2)/2;\r\n            isOdd=true;\r\n        }\r\n        //合并排序\r\n        int[] num=new int[len_1+len_2];\r\n        int i=0,l=0,r=0;\r\n        while(l<len_1&&r<len_2){\r\n            if(nums1[l]<nums2[r]){\r\n                num[i]=nums1[l];\r\n                i++;\r\n                l++;\r\n            }else{\r\n                num[i]=nums2[r];\r\n                i++;\r\n                r++;\r\n            }\r\n        }\r\n        while(l<len_1){\r\n            num[i++]=nums1[l++];\r\n        }\r\n        while(r<len_2){\r\n            num[i++]=nums2[r++];\r\n        }\r\n\r\n        if(!isOdd){\r\n            return (double)(num[middle]+num[middle+1])/2;\r\n        }else{\r\n            return (double)num[middle];\r\n        }\r\n    }\r\n}', '402880e456223e8f015625231d8e0003', null, null), ('402880e55c590053015c593b8813000a', '2017-05-30 20:01:32', '0', '2017-05-30 20:01:32', '0', null, '1', '402880e55c590053015c59291f6a0000', '100', 'public class Solution006 {\r\n    public double findMedianSortedArrays(int[] nums1, int[] nums2) {\r\n      int len_1=nums1.length;\r\n        int len_2=nums2.length;\r\n        int middle=0;\r\n        boolean isOdd=false;\r\n        if((len_1+len_2)%2==0){\r\n            middle=(len_1+len_2)/2-1;\r\n            isOdd=false;\r\n        }else{\r\n            middle=(len_1+len_2)/2;\r\n            isOdd=true;\r\n        }\r\n        //合并排序\r\n        int[] num=new int[len_1+len_2];\r\n        int i=0,l=0,r=0;\r\n        while(l<len_1&&r<len_2){\r\n            if(nums1[l]<nums2[r]){\r\n                num[i]=nums1[l];\r\n                i++;\r\n                l++;\r\n            }else{\r\n                num[i]=nums2[r];\r\n                i++;\r\n                r++;\r\n            }\r\n        }\r\n        while(l<len_1){\r\n            num[i++]=nums1[l++];\r\n        }\r\n        while(r<len_2){\r\n            num[i++]=nums2[r++];\r\n        }\r\n\r\n        if(!isOdd){\r\n            return (double)(num[middle]+num[middle+1])/2;\r\n        }else{\r\n            return (double)num[middle];\r\n        }\r\n    }\r\n}', '402880e456223e8f015625231d8e0003', null, null), ('402880eb5c4c8e52015c4c9eb6a20004', '2017-05-28 09:14:48', '0', '2017-05-28 09:14:48', '0', null, '0', '402881925c4986bd015c499d23ad0007', '37', 'public class Solution005 {\r\n    public int lengthOfLongestSubstring(String s){\r\n      //do something;\r\n       return 3;\r\n    }\r\n}', '402880e456223e8f015625231d8e0003', null, null), ('402880eb5c4c8e52015c4ca01f750005', '2017-05-28 09:16:21', '0', '2017-05-28 09:16:21', '0', null, '1', '402881925c4986bd015c499d23ad0007', '100', 'import java.util.HashMap;\r\nimport java.util.Map;\r\n\r\n/**\r\n * Created by billJiang on 2017/5/27.\r\n * e-mail:475572229@qq.com  qq:475572229\r\n */\r\npublic class Solution005 {\r\n    public int lengthOfLongestSubstring(String s) {\r\n        Map<Character, Integer> map = new HashMap<>();\r\n        int max = 0;\r\n        int start = 0;\r\n        for (int i = 0; i < s.length(); i++) {\r\n            if (map.containsKey(s.charAt(i))) {\r\n                start=Math.max(map.get(s.charAt(i))+1,start);\r\n                if (i - start+1 > max) {\r\n                    max = i - start+1;\r\n                }\r\n\r\n            }else{\r\n                if(i-start+1>max)\r\n                    max=i-start+1;\r\n            }\r\n\r\n            map.put(s.charAt(i), i);\r\n        }\r\n        return max;\r\n    }\r\n}', '402880e456223e8f015625231d8e0003', null, null), ('402880eb5c4d796c015c4d80aecf0000', '2017-05-28 13:21:38', '0', '2017-05-28 13:21:38', '0', null, '1', '402881925c4986bd015c499d23ad0007', '100', 'import java.util.HashMap;\r\nimport java.util.Map;\r\n\r\n/**\r\n * Created by billJiang on 2017/5/27.\r\n * e-mail:475572229@qq.com  qq:475572229\r\n */\r\npublic class Solution005 {\r\n    public int lengthOfLongestSubstring(String s) {\r\n        Map<Character, Integer> map = new HashMap<>();\r\n        int max = 0;\r\n        int start = 0;\r\n        for (int i = 0; i < s.length(); i++) {\r\n            if (map.containsKey(s.charAt(i))) {\r\n                start=Math.max(map.get(s.charAt(i))+1,start);\r\n                if (i - start+1 > max) {\r\n                    max = i - start+1;\r\n                }\r\n\r\n            }else{\r\n                if(i-start+1>max)\r\n                    max=i-start+1;\r\n            }\r\n\r\n            map.put(s.charAt(i), i);\r\n        }\r\n        return max;\r\n    }\r\n}', '402880e456223e8f015625231d8e0003', null, null), ('402880eb5c5f10af015c5f1291290000', '2017-05-31 23:14:31', '0', '2017-05-31 23:14:31', '0', null, '1', '402880e55c597d0c015c59a856730000', '100', '\n/**\n * Definition for singly-linked list.\n * public class ListNode {\n *     int val;\n *     ListNode next;\n *     ListNode(int x) { val = x; }\n * }\n */\npublic class Solution008 {\n    public ListNode addTwoNumbers(ListNode l1, ListNode l2) {\n        ListNode head=null;\n        ListNode current=null;\n        \n        ListNode nextNode=l1;\n        int pre=0;\n        while(nextNode!=null){\n            if(head==null){\n               head=new ListNode((l1.val+l2.val)%10+pre);\n               current=head;\n            }\n            else{\n                ListNode node=new ListNode((l1.val+l2.val)%10+pre);\n                current.next=node;\n                current=node;\n            }\n            if(current.val>=10) {\n                pre=current.val/10;\n                current.val=current.val%10;\n            }else {\n                pre = (l1.val + l2.val) / 10;\n            }\n            l1=l1.next;\n            l2=l2.next;\n            if(l1==null&&l2!=null){\n               nextNode=l2;\n               l1=new ListNode(0);\n            }\n            if(l2==null&&l1!=null){\n                nextNode=l1;\n                l2=new ListNode(0);\n            }\n            if(l1==null&&l2==null){\n                nextNode=null;\n            }\n        }\n        if(pre>0){\n            current.next=new ListNode(pre);\n        }\n       return head;\n    }\n}', '402880e456223e8f015625231d8e0003', null, null), ('402880eb5c5f10af015c5f12e1510001', '2017-05-31 23:14:51', '0', '2017-05-31 23:14:51', '0', null, '1', '8a8a82575c3cfb3d015c3d32c6220003', '100', 'public class MaxNumber {\r\n    public int getMax(int[] numArr) {\r\n      //wirte your code\r\n      int max=numArr[0];\r\n      for(int i=1;i<numArr.length;i++){\r\n          if(max<numArr[i])\r\n            max=numArr[i];\r\n      }\r\n      return max;\r\n    }\r\n}', '402880e456223e8f015625231d8e0003', null, null), ('402881925c487af4015c493661f30000', '2017-05-27 17:21:59', '0', '2017-05-27 17:21:59', '0', null, '1', '8a8a82575c3cfb3d015c3d32c6220003', '100', 'public class MaxNumber {\r\n    public int getMax(int[] numArr) {\r\n      //wirte your code\r\n      int max=numArr[0];\r\n      for(int i=1;i<numArr.length;i++){\r\n          if(max<numArr[i])\r\n            max=numArr[i];\r\n      }\r\n      return max;\r\n    }\r\n}', '402880e456223e8f015625231d8e0003', null, null), ('402881925c487af4015c4936a6880001', '2017-05-27 17:22:17', '0', '2017-05-27 17:22:17', '0', null, '0', '8a8a82575c3cfb3d015c3d32c6220003', '42', 'public class MaxNumber {\r\n    public int getMax(int[] numArr) {\r\n      //wirte your code\r\n      int max=numArr[0];\r\n      for(int i=1;i<numArr.length;i++){\r\n          if(max<numArr[i])\r\n            max=numArr[i]+1;\r\n      }\r\n      return max;\r\n    }\r\n}', '402880e456223e8f015625231d8e0003', null, null), ('402881925c487af4015c49370a290002', '2017-05-27 17:22:42', '0', '2017-05-27 17:22:42', '0', null, '0', '8a8a82575c3cfb3d015c3d32c6220003', '42', 'public class MaxNumber {\r\n    public int getMax(int[] numArr) {\r\n      //wirte your code\r\n      int max=numArr[0];\r\n      for(int i=1;i<numArr.length;i++){\r\n          if(max<numArr[i])\r\n            max=numArr[i]+1;\r\n      }\r\n      return max;\r\n    }\r\n}', '402880e456223e8f015625231d8e0003', null, null), ('402881925c487af4015c49379da40003', '2017-05-27 17:23:20', '0', '2017-05-27 17:23:20', '0', null, '1', '8a8a82575c3cfb3d015c3d32c6220003', '100', 'public class MaxNumber {\r\n    public int getMax(int[] numArr) {\r\n      //wirte your code\r\n      int max=numArr[0];\r\n      for(int i=1;i<numArr.length;i++){\r\n          if(max<numArr[i])\r\n            max=numArr[i];\r\n      }\r\n      return max;\r\n    }\r\n}', '402880e456223e8f015625231d8e0003', null, null), ('402881925c4986bd015c498beb180000', '2017-05-27 18:55:25', '0', '2017-05-27 18:55:25', '0', null, '1', '8a8a82575c3cfb3d015c3d32c6220003', '100', 'public class MaxNumber {\r\n    public int getMax(int[] numArr) {\r\n      //wirte your code\r\n      int max=numArr[0];\r\n      for(int i=1;i<numArr.length;i++){\r\n          if(max<numArr[i])\r\n            max=numArr[i];\r\n      }\r\n      return max;\r\n    }\r\n}', '402880e456223e8f015625231d8e0003', null, null), ('402881925c4986bd015c498dba330003', '2017-05-27 18:57:24', '0', '2017-05-27 18:57:24', '0', null, '1', '402881925c3fa5c4015c3ff0bd470001', '100', 'public class TwoSum {\n      public int[] main(int[] nums, int target) {\n        int[] ret=new int[2];\n        boolean flag=false;\n        for(int i=0;i<nums.length;i++){\n             int a=nums[i];\n            for(int j=i+1;j<nums.length;j++){\n               if(target-a==nums[j]){\n                   ret[0]=i;\n                   ret[1]=j;\n                   flag=true;\n                   break;\n               }\n            }\n            if(flag)\n               break;\n        }\n        return ret;\n    }\n}', '402880e456223e8f015625231d8e0003', null, null), ('402881925c4986bd015c498dde660004', '2017-05-27 18:57:33', '0', '2017-05-27 18:57:33', '0', null, '1', '402881925c3fa5c4015c3ff0bd470001', '100', 'public class TwoSum {\n      public int[] main(int[] nums, int target) {\n        int[] ret=new int[2];\n        boolean flag=false;\n        for(int i=0;i<nums.length;i++){\n             int a=nums[i];\n            for(int j=i+1;j<nums.length;j++){\n               if(target-a==nums[j]){\n                   ret[0]=i;\n                   ret[1]=j;\n                   flag=true;\n                   break;\n               }\n            }\n            if(flag)\n               break;\n        }\n        return ret;\n    }\n}', '402880e456223e8f015625231d8e0003', null, null), ('402881925c4986bd015c499306930005', '2017-05-27 19:03:11', '0', '2017-05-27 19:03:11', '0', null, '1', '402881925c3fa5c4015c3ff0bd470001', '100', 'public class TwoSum {\n      public int[] main(int[] nums, int target) {\n        int[] ret=new int[2];\n        boolean flag=false;\n        for(int i=0;i<nums.length;i++){\n             int a=nums[i];\n            for(int j=i+1;j<nums.length;j++){\n               if(target-a==nums[j]){\n                   ret[0]=i;\n                   ret[1]=j;\n                   flag=true;\n                   break;\n               }\n            }\n            if(flag)\n               break;\n        }\n        return ret;\n    }\n}', '402880e456223e8f015625231d8e0003', null, null), ('402881925c4986bd015c499411ef0006', '2017-05-27 19:04:19', '0', '2017-05-27 19:04:19', '0', null, '1', '402881925c3fa5c4015c3ff0bd470001', '100', 'public class TwoSum {\n      public int[] main(int[] nums, int target) {\n        int[] ret=new int[2];\n        boolean flag=false;\n        for(int i=0;i<nums.length;i++){\n             int a=nums[i];\n            for(int j=i+1;j<nums.length;j++){\n               if(target-a==nums[j]){\n                   ret[0]=i;\n                   ret[1]=j;\n                   flag=true;\n                   break;\n               }\n            }\n            if(flag)\n               break;\n        }\n        return ret;\n    }\n}', '402880e456223e8f015625231d8e0003', null, null), ('8a8a82695c5df690015c5dfbdb230004', '2017-05-31 18:10:05', '0', '2017-05-31 18:10:05', '0', null, '1', '402880e55c597d0c015c59a856730000', '100', '\n/**\n * Definition for singly-linked list.\n * public class ListNode {\n *     int val;\n *     ListNode next;\n *     ListNode(int x) { val = x; }\n * }\n */\npublic class Solution008 {\n    public ListNode addTwoNumbers(ListNode l1, ListNode l2) {\n        ListNode head=null;\n        ListNode current=null;\n        \n        ListNode nextNode=l1;\n        int pre=0;\n        while(nextNode!=null){\n            if(head==null){\n               head=new ListNode((l1.val+l2.val)%10+pre);\n               current=head;\n            }\n            else{\n                ListNode node=new ListNode((l1.val+l2.val)%10+pre);\n                current.next=node;\n                current=node;\n            }\n            if(current.val>=10) {\n                pre=current.val/10;\n                current.val=current.val%10;\n            }else {\n                pre = (l1.val + l2.val) / 10;\n            }\n            l1=l1.next;\n            l2=l2.next;\n            if(l1==null&&l2!=null){\n               nextNode=l2;\n               l1=new ListNode(0);\n            }\n            if(l2==null&&l1!=null){\n                nextNode=l1;\n                l2=new ListNode(0);\n            }\n            if(l1==null&&l2==null){\n                nextNode=null;\n            }\n        }\n        if(pre>0){\n            current.next=new ListNode(pre);\n        }\n       return head;\n    }\n}', '402880e456223e8f015625231d8e0003', null, null), ('8a8a82695c5df690015c5dfc8e720005', '2017-05-31 18:10:51', '0', '2017-05-31 18:10:51', '0', null, '1', '402880e55c597d0c015c59a856730000', '100', '\n/**\n * Definition for singly-linked list.\n * public class ListNode {\n *     int val;\n *     ListNode next;\n *     ListNode(int x) { val = x; }\n * }\n */\npublic class Solution008 {\n    public ListNode addTwoNumbers(ListNode l1, ListNode l2) {\n        ListNode head=null;\n        ListNode current=null;\n        \n        ListNode nextNode=l1;\n        int pre=0;\n        while(nextNode!=null){\n            if(head==null){\n               head=new ListNode((l1.val+l2.val)%10+pre);\n               current=head;\n            }\n            else{\n                ListNode node=new ListNode((l1.val+l2.val)%10+pre);\n                current.next=node;\n                current=node;\n            }\n            if(current.val>=10) {\n                pre=current.val/10;\n                current.val=current.val%10;\n            }else {\n                pre = (l1.val + l2.val) / 10;\n            }\n            l1=l1.next;\n            l2=l2.next;\n            if(l1==null&&l2!=null){\n               nextNode=l2;\n               l1=new ListNode(0);\n            }\n            if(l2==null&&l1!=null){\n                nextNode=l1;\n                l2=new ListNode(0);\n            }\n            if(l1==null&&l2==null){\n                nextNode=null;\n            }\n        }\n        if(pre>0){\n            current.next=new ListNode(pre);\n        }\n       return head;\n    }\n}', '402880e456223e8f015625231d8e0003', null, null), ('8a8a82695c61c3fd015c61c6644d0000', '2017-06-01 11:50:10', '0', '2017-06-01 11:50:10', '0', null, '1', '402880e55c597d0c015c59a856730000', '100', '\n/**\n * Definition for singly-linked list.\n * public class ListNode {\n *     int val;\n *     ListNode next;\n *     ListNode(int x) { val = x; }\n * }\n */\npublic class Solution008 {\n    public ListNode addTwoNumbers(ListNode l1, ListNode l2) {\n        ListNode head=null;\n        ListNode current=null;\n        \n        ListNode nextNode=l1;\n        int pre=0;\n        while(nextNode!=null){\n            if(head==null){\n               head=new ListNode((l1.val+l2.val)%10+pre);\n               current=head;\n            }\n            else{\n                ListNode node=new ListNode((l1.val+l2.val)%10+pre);\n                current.next=node;\n                current=node;\n            }\n            if(current.val>=10) {\n                pre=current.val/10;\n                current.val=current.val%10;\n            }else {\n                pre = (l1.val + l2.val) / 10;\n            }\n            l1=l1.next;\n            l2=l2.next;\n            if(l1==null&&l2!=null){\n               nextNode=l2;\n               l1=new ListNode(0);\n            }\n            if(l2==null&&l1!=null){\n                nextNode=l1;\n                l2=new ListNode(0);\n            }\n            if(l1==null&&l2==null){\n                nextNode=null;\n            }\n        }\n        if(pre>0){\n            current.next=new ListNode(pre);\n        }\n       return head;\n    }\n}', '402880e456223e8f015625231d8e0003', '0', '0'), ('8a8a82695c61c3fd015c61c7d9a90001', '2017-06-01 11:51:46', '0', '2017-06-01 11:51:46', '0', null, '0', '8a8a82575c3cfb3d015c3d32c6220003', '85', 'public class MaxNumber {\r\n    public int getMax(int[] numArr) {\r\n      //wirte your code\r\n      for(int i=0;i<1000000;i++){\r\n          for(int j=0;j<1000000;j++){\r\n              //do\r\n          }\r\n      }\r\n      int max=numArr[0];\r\n      for(int i=1;i<numArr.length;i++){\r\n          if(max<numArr[i])\r\n            max=numArr[i];\r\n      }\r\n      return max;\r\n    }\r\n}', '402880e456223e8f015625231d8e0003', '1', '0'), ('8a8a82695c61c3fd015c61e3cc110002', '2017-06-01 12:22:17', '0', '2017-06-01 12:22:17', '0', null, '1', '8a8a82575c3cfb3d015c3d32c6220003', '100', 'public class MaxNumber {\r\n    public int getMax(int[] numArr) {\r\n      //wirte your code\r\n      for(int i=0;i<1000000;i++){\r\n          for(int j=0;j<1000000;j++){\r\n              //do\r\n          }\r\n      }\r\n      int max=numArr[0];\r\n      for(int i=1;i<numArr.length;i++){\r\n          if(max<numArr[i])\r\n            max=numArr[i];\r\n      }\r\n      return max;\r\n    }\r\n}', '402880e456223e8f015625231d8e0003', '0', '0'), ('8a8a82695c61c3fd015c61e3ddf90003', '2017-06-01 12:22:22', '0', '2017-06-01 12:22:22', '0', null, '1', '8a8a82575c3cfb3d015c3d32c6220003', '100', 'public class MaxNumber {\r\n    public int getMax(int[] numArr) {\r\n      //wirte your code\r\n      for(int i=0;i<1000000;i++){\r\n          for(int j=0;j<1000000;j++){\r\n              //do\r\n          }\r\n      }\r\n      int max=numArr[0];\r\n      for(int i=1;i<numArr.length;i++){\r\n          if(max<numArr[i])\r\n            max=numArr[i];\r\n      }\r\n      return max;\r\n    }\r\n}', '402880e456223e8f015625231d8e0003', '0', '0'), ('8a8a82695c61c3fd015c61e476aa0004', '2017-06-01 12:23:01', '0', '2017-06-01 12:23:01', '0', null, '1', '8a8a82575c3cfb3d015c3d32c6220003', '100', 'public class MaxNumber {\r\n    public int getMax(int[] numArr) {\r\n      //wirte your code\r\n      for(int i=0;i<10000000;i++){\r\n          for(int j=0;j<10000000;j++){\r\n              //do\r\n              for(int k=0;k<1000000;k++){\r\n                  \r\n              }\r\n          }\r\n      }\r\n      int max=numArr[0];\r\n      for(int i=1;i<numArr.length;i++){\r\n          if(max<numArr[i])\r\n            max=numArr[i];\r\n      }\r\n      return max;\r\n    }\r\n}', '402880e456223e8f015625231d8e0003', '0', '0'), ('8a8a82695c61c3fd015c61e6211e0005', '2017-06-01 12:24:50', '0', '2017-06-01 12:24:50', '0', null, '0', '8a8a82575c3cfb3d015c3d32c6220003', '0', 'public class MaxNumber {\r\n    public int getMax(int[] numArr) {\r\n      //wirte your code\r\n      for(int i=0;i<10000000;i++){\r\n          for(int j=0;j<10000000;j++){\r\n              //do\r\n              for(int k=0;k<1000000;k++){\r\n                  \r\n              }\r\n          }\r\n      }\r\n      int max=numArr[0];\r\n      for(int i=1;i<numArr.length;i++){\r\n          if(max<numArr[i])\r\n            max=numArr[i];\r\n      }\r\n      return max;\r\n    }\r\n}', '402880e456223e8f015625231d8e0003', '0', '0'), ('8a8a82695c6206bb015c620728db0000', '2017-06-01 13:00:55', '0', '2017-06-01 13:00:55', '0', null, '0', '8a8a82575c3cfb3d015c3d32c6220003', '0', 'public class MaxNumber {\r\n    public int getMax(int[] numArr) {\r\n      //wirte your code\r\n      for(int i=0;i<1000;i++){\r\n          for(int j=0;j<1000;j++){\r\n              //do\r\n          }\r\n      }\r\n      int max=numArr[0];\r\n      for(int i=1;i<numArr.length;i++){\r\n          if(max<numArr[i])\r\n            max=numArr[i];\r\n      }\r\n      return max;\r\n    }\r\n}', '402880e456223e8f015625231d8e0003', '1', '0'), ('8a8a82695c6206bb015c6209888b0001', '2017-06-01 13:03:30', '0', '2017-06-01 13:03:30', '0', null, '0', '8a8a82575c3cfb3d015c3d32c6220003', '0', 'public class MaxNumber {\r\n    public int getMax(int[] numArr) {\r\n      //wirte your code\r\n      for(int i=0;i<10000;i++){\r\n          for(int j=0;j<1000;j++){\r\n              //do\r\n              int[] a=new int[100];\r\n          }\r\n      }\r\n      int max=numArr[0];\r\n      for(int i=1;i<numArr.length;i++){\r\n          if(max<numArr[i])\r\n            max=numArr[i];\r\n      }\r\n      return max;\r\n    }\r\n}', '402880e456223e8f015625231d8e0003', '978', '14396'), ('8a8a82695c6206bb015c620d20c30002', '2017-06-01 13:07:26', '0', '2017-06-01 13:07:26', '0', null, '1', '8a8a82575c3cfb3d015c3d32c6220003', '100', 'public class MaxNumber {\r\n    public int getMax(int[] numArr) {\r\n      //wirte your code\r\n     \r\n      int max=numArr[0];\r\n      for(int i=1;i<numArr.length;i++){\r\n          if(max<numArr[i])\r\n            max=numArr[i];\r\n      }\r\n      return max;\r\n    }\r\n}', '402880e456223e8f015625231d8e0003', '0', '0');
COMMIT;

-- ----------------------------
--  Table structure for `tbl_user_oauth`
-- ----------------------------
DROP TABLE IF EXISTS `tbl_user_oauth`;
CREATE TABLE `tbl_user_oauth` (
  `id` varchar(36) NOT NULL,
  `create_date_time` datetime DEFAULT NULL,
  `deleted` int(11) DEFAULT NULL,
  `update_date_time` datetime DEFAULT NULL,
  `version` int(11) DEFAULT NULL,
  `oauth_id` varchar(255) DEFAULT NULL,
  `oauth_type` varchar(255) DEFAULT NULL,
  `user_id` varchar(255) DEFAULT NULL,
  `user_name` varchar(255) DEFAULT NULL,
  PRIMARY KEY (`id`)
) ENGINE=InnoDB DEFAULT CHARSET=utf8;

-- ----------------------------
--  Records of `tbl_user_oauth`
-- ----------------------------
BEGIN;
INSERT INTO `tbl_user_oauth` VALUES ('8a8a83865d5a385a015d5a39d4ee0001', '2017-07-19 17:42:05', null, '2017-07-19 17:42:05', '0', '7886696', 'github', '8a8a83865d5a385a015d5a39d4bc0000', null);
COMMIT;

-- ----------------------------
--  Table structure for `tbl_user_role`
-- ----------------------------
DROP TABLE IF EXISTS `tbl_user_role`;
CREATE TABLE `tbl_user_role` (
  `id` varchar(36) NOT NULL,
  `create_date_time` datetime DEFAULT NULL,
  `deleted` int(11) DEFAULT NULL,
  `update_date_time` datetime DEFAULT NULL,
  `version` int(11) DEFAULT NULL,
  `roleId` varchar(36) DEFAULT NULL,
  `userId` varchar(36) DEFAULT NULL,
  PRIMARY KEY (`id`),
  KEY `FK_ds15bcoaufaq7shnl3445nc3o` (`userId`) USING BTREE,
  CONSTRAINT `tbl_user_role_ibfk_1` FOREIGN KEY (`userId`) REFERENCES `tbl_user` (`id`)
) ENGINE=InnoDB DEFAULT CHARSET=utf8;

-- ----------------------------
--  Records of `tbl_user_role`
-- ----------------------------
BEGIN;
INSERT INTO `tbl_user_role` VALUES ('4028bbe9656a2f7c01656a31d60f0000', '2018-08-24 12:29:35', null, '2018-08-24 12:29:35', '0', '402880eb5c4ec2a4015c4ec591390000', '402880e456223e8f015625231d8e0003'), ('4028bbe9656a2f7c01656a31e6660001', '2018-08-24 12:29:39', null, '2018-08-24 12:29:39', '0', '402880eb5c4ec2a4015c4ec591390000', '402880eb5c4f111a015c4f1c1ffd0002'), ('8a8a859359927a930159927b94030001', '2017-01-12 19:41:29', null, '2017-01-12 19:41:29', '0', 'bc4d163c5880ab4901588b6681e50003', '402880e456223e8f015625231d8e0003');
COMMIT;

-- ----------------------------
--  Table structure for `tbl_user_star`
-- ----------------------------
DROP TABLE IF EXISTS `tbl_user_star`;
CREATE TABLE `tbl_user_star` (
  `id` varchar(36) NOT NULL,
  `create_date_time` datetime DEFAULT NULL,
  `deleted` int(11) DEFAULT NULL,
  `update_date_time` datetime DEFAULT NULL,
  `version` int(11) DEFAULT NULL,
  `itemid` varchar(36) DEFAULT NULL,
  `stared` varchar(1) DEFAULT NULL,
  `userid` varchar(36) DEFAULT NULL,
  PRIMARY KEY (`id`)
) ENGINE=InnoDB DEFAULT CHARSET=utf8;

-- ----------------------------
--  Records of `tbl_user_star`
-- ----------------------------
BEGIN;
INSERT INTO `tbl_user_star` VALUES ('402880eb5c4c8e52015c4c9bc5240003', '2017-05-28 09:11:35', null, '2017-05-28 09:11:35', '0', '402881925c4986bd015c499d23ad0007', '1', '402880e456223e8f015625231d8e0003'), ('402880eb5c4f5069015c520516ca0001', '2017-05-29 10:24:44', null, '2017-05-29 10:24:44', '0', '402881925c3fa5c4015c3ff0bd470001', '1', '402880e456223e8f015625231d8e0003'), ('402880eb5c54bc44015c54bcb0840001', '2017-05-29 23:04:31', null, '2017-05-29 23:04:31', '0', '8a8a82575c3cfb3d015c3d32c6220003', '1', '402880e456223e8f015625231d8e0003'), ('8a8a82695c61629d015c617d7e180000', '2017-06-01 10:30:33', null, '2017-06-01 10:30:33', '0', '402880e55c597d0c015c59a856730000', '1', '402880e456223e8f015625231d8e0003');
COMMIT;

-- ----------------------------
--  View structure for `act_id_group`
-- ----------------------------
DROP VIEW IF EXISTS `act_id_group`;
CREATE ALGORITHM=UNDEFINED DEFINER=`root`@`%` SQL SECURITY DEFINER VIEW `act_id_group` AS select `youdatabase`.`tbl_role`.`id` AS `ID_`,`youdatabase`.`tbl_role`.`version` AS `REV_`,`youdatabase`.`tbl_role`.`name` AS `NAME_`,`youdatabase`.`tbl_role`.`code` AS `TYPE_` from `tbl_role`;

-- ----------------------------
--  View structure for `act_id_membership`
-- ----------------------------
DROP VIEW IF EXISTS `act_id_membership`;
CREATE ALGORITHM=UNDEFINED DEFINER=`root`@`%` SQL SECURITY DEFINER VIEW `act_id_membership` AS select `youdatabase`.`tbl_user_role`.`userId` AS `USER_ID_`,`youdatabase`.`tbl_user_role`.`roleId` AS `GROUP_ID_` from `tbl_user_role`;

-- ----------------------------
--  View structure for `act_id_user`
-- ----------------------------
DROP VIEW IF EXISTS `act_id_user`;
CREATE ALGORITHM=UNDEFINED DEFINER=`root`@`%` SQL SECURITY DEFINER VIEW `act_id_user` AS select `u`.`id` AS `ID_`,`u`.`version` AS `REV_`,`u`.`name` AS `FIRST_`,`u`.`login_name` AS `LAST_`,`u`.`email` AS `EMAIL_`,`u`.`password` AS `PWD_`,NULL AS `PICTURE_ID_` from `tbl_user` `u`;

SET FOREIGN_KEY_CHECKS = 1;
